run_opt_test1_O3;4900049;62000;22-37-22
run_opt_test1_O3;3200032;62000;22-37-22
run_opt_test1_O3;3200032;62000;22-37-22
run_opt_test1_O3;3000030;62000;22-37-22
run_opt_test1_O3;2900029;62000;22-37-22
run_opt_test1_O3;2899970;62000;22-37-22
run_opt_test1_O3;2700000;62000;22-37-23
run_opt_test1_O3;3198888;56000;22-37-23
run_opt_test1_O3;2700000;56000;22-37-23
run_opt_test1_O3;2700027;56000;22-37-23
run_opt_test1_O3;3199967;56000;22-37-23
run_opt_test1_O3;2899970;56000;22-37-23
run_opt_test1_O3;2799971;56000;22-37-23
run_opt_test1_O3;3100000;56000;22-37-24
run_opt_test1_O3;3300033;58000;22-37-24
run_opt_test1_O3;3300033;58000;22-37-24
run_opt_test1_O3;2299976;58000;22-37-24
run_opt_test1_O3;2300000;58000;22-37-24
run_opt_test1_O3;2900000;58000;22-37-24
run_opt_test1_O3;3200032;58000;22-37-25
run_opt_test1_O3;3400034;58000;22-37-25
run_opt_test1_O3;2300000;56000;22-37-25
run_opt_test1_O3;2300000;56000;22-37-25
run_opt_test1_O3;2300000;56000;22-37-25
run_opt_test1_O3;2300000;56000;22-37-25
run_opt_test1_O3;2300000;56000;22-37-25
run_opt_test1_O3;2800000;56000;22-37-26
run_opt_test1_O3;2600026;56000;22-37-26
run_opt_test1_O3;3400000;58000;22-37-26
run_opt_test1_O3;2500025;58000;22-37-26
run_opt_test1_O3;2700000;58000;22-37-26
run_opt_test1_O3;3099968;58000;22-37-26
run_opt_test1_O3;3200000;58000;22-37-27
run_opt_test1_O3;2700000;58000;22-37-27
run_opt_test1_O3;2599973;58000;22-37-27
run_opt_test1_O3;2821476;60000;22-37-27
run_opt_test1_O3;2900000;60000;22-37-27
run_opt_test1_O3;2800000;60000;22-37-27
run_opt_test1_O3;2700027;60000;22-37-27
run_opt_test1_O3;2900000;60000;22-37-28
run_opt_test1_O3;2800000;60000;22-37-28
run_opt_test1_O3;2799971;60000;22-37-28
run_opt_test1_O3;2800000;58000;22-37-28
run_opt_test1_O3;2800000;58000;22-37-28
run_opt_test1_O3;2900000;58000;22-37-28
run_opt_test1_O3;2300000;58000;22-37-29
run_opt_test1_O3;2300000;58000;22-37-29
run_opt_test1_O3;2300000;58000;22-37-29
run_opt_test1_O3;2300000;58000;22-37-29
run_opt_test1_O3;2300184;56000;22-37-29
run_opt_test1_O3;2300000;56000;22-37-29
run_opt_test1_O3;2300000;56000;22-37-29
run_opt_test1_O3;2300000;56000;22-37-30
run_opt_test1_O3;2300000;56000;22-37-30
run_opt_test1_O3;2300000;56000;22-37-30
run_opt_test1_O3;2300023;56000;22-37-30
run_opt_test1_O3;2300000;56000;22-37-30
run_opt_test1_O3;2299976;56000;22-37-30
run_opt_test1_O3;2300000;56000;22-37-31
run_opt_test1_O3;2300000;56000;22-37-31
run_opt_test1_O3;2300023;56000;22-37-31
run_opt_test1_O3;2299976;56000;22-37-31
run_opt_test1_O3;2300000;56000;22-37-31
run_opt_test1_O3;2300000;56000;22-37-31
run_opt_test1_O3;2300000;56000;22-37-31
run_opt_test1_O3;2299976;56000;22-37-32
run_opt_test1_O3;2300000;56000;22-37-32
run_opt_test1_O3;2299976;56000;22-37-32
run_opt_test1_O3;2300023;56000;22-37-32
run_opt_test1_O3;2300000;56000;22-37-32
run_opt_test1_O3;2300000;56000;22-37-32
run_opt_test1_O3;2300000;56000;22-37-33
run_opt_test1_O3;2300023;56000;22-37-33
run_opt_test1_O3;2300023;56000;22-37-33
run_opt_test1_O3;2300000;56000;22-37-33
run_opt_test1_O3;2300023;56000;22-37-33
run_opt_test1_O3;2299976;56000;22-37-33
run_opt_test1_O3;2300023;56000;22-37-33
run_opt_test1_O3;2299976;56000;22-37-34
run_opt_test1_O3;2300000;56000;22-37-34
run_opt_test1_O3;2300000;56000;22-37-34
run_opt_test1_O3;2300023;56000;22-37-34
run_opt_test1_O3;2300023;56000;22-37-34
run_opt_test1_O3;2300000;56000;22-37-34
run_opt_test1_O3;2300023;56000;22-37-35
run_opt_test1_O3;2300000;56000;22-37-35
run_opt_test1_O3;2300000;56000;22-37-35
run_opt_test1_O3;2300000;56000;22-37-35
run_opt_test1_O3;2300000;56000;22-37-35
run_opt_test1_O3;2300000;56000;22-37-35
run_opt_test1_O3;2300000;56000;22-37-35
run_opt_test1_O3;2300023;54000;22-37-36
run_opt_test1_O3;2300023;54000;22-37-36
run_opt_test1_O3;2300000;54000;22-37-36
run_opt_test1_O3;2300000;54000;22-37-36
run_opt_test1_O3;2300023;54000;22-37-36
run_opt_test1_O3;2300000;54000;22-37-36
run_opt_test1_O3;2300000;54000;22-37-37
run_opt_test1_O3;2300023;54000;22-37-37
run_opt_test1_O3;2300000;54000;22-37-37
run_opt_test1_O3;2300000;54000;22-37-37
run_opt_test1_O3;2300000;54000;22-37-37
run_opt_test1_O3;2300023;54000;22-37-37
run_opt_test1_O3;2300023;54000;22-37-38
run_opt_test1_O3;2300000;54000;22-37-38
run_opt_test1_O3;2300000;54000;22-37-38
run_opt_test1_O3;2300000;54000;22-37-38
run_opt_test1_O3;2300000;54000;22-37-38
run_opt_test1_O3;2300000;54000;22-37-38
run_opt_test1_O3;2299976;54000;22-37-38
run_opt_test1_O3;2300000;54000;22-37-39
run_opt_test1_O3;2300000;54000;22-37-39
run_opt_test1_O3;2300000;54000;22-37-39
run_opt_test1_O3;2300023;54000;22-37-39
run_opt_test1_O3;2300000;54000;22-37-39
run_opt_test1_O3;2300000;54000;22-37-39
run_opt_test1_O3;2299976;54000;22-37-40
run_opt_test1_O3;2300000;54000;22-37-40
run_opt_test1_O3;2300000;54000;22-37-40
run_opt_test1_O3;2300000;54000;22-37-40
run_opt_test1_O3;2300000;54000;22-37-40
run_opt_test1_O3;2300000;54000;22-37-40
run_opt_test1_O3;2300023;54000;22-37-41
run_opt_test1_O3;2300023;54000;22-37-41
run_opt_test1_O3;2299976;54000;22-37-41
run_opt_test1_O3;2299976;54000;22-37-41
run_opt_test1_O3;2299976;54000;22-37-41
run_opt_test1_O3;2299976;54000;22-37-41
run_opt_test1_O3;2300023;54000;22-37-41
run_opt_test1_O3;2300000;54000;22-37-42
run_opt_test1_O3;2300000;54000;22-37-42
run_opt_test1_O3;2300000;54000;22-37-42
run_opt_test1_O3;2300000;54000;22-37-42
run_opt_test1_O3;2300000;54000;22-37-42
run_opt_test1_O3;2300000;54000;22-37-42
run_opt_test1_O3;2300023;54000;22-37-43
run_opt_test1_O3;2300023;54000;22-37-43
run_opt_test1_O3;2300000;54000;22-37-43
run_opt_test1_O3;2300000;54000;22-37-43
run_opt_test1_O3;2300000;54000;22-37-43
run_opt_test1_O3;2299976;54000;22-37-43
run_opt_test1_O3;2300000;54000;22-37-43
run_opt_test1_O3;2300000;54000;22-37-44
run_opt_test1_O3;2300023;54000;22-37-44
run_opt_test1_O3;2300000;54000;22-37-44
run_opt_test1_O3;2300000;54000;22-37-44
run_opt_test1_O3;2300000;54000;22-37-44
run_opt_test1_O3;2299976;54000;22-37-44
run_opt_test1_O3;2300000;54000;22-37-45
run_opt_test1_O3;2300000;54000;22-37-45
run_opt_test1_O3;2299976;54000;22-37-45
run_opt_test1_O3;2299976;54000;22-37-45
run_opt_test1_O3;2300023;54000;22-37-45
run_opt_test1_O3;2300000;54000;22-37-45
run_opt_test1_O3;2300000;54000;22-37-46
run_opt_test1_O3;2300000;54000;22-37-46
run_opt_test1_O3;2300000;54000;22-37-46
run_opt_test1_O3;2300000;54000;22-37-46
run_opt_test1_O3;2300000;54000;22-37-46
run_opt_test1_O3;2300000;54000;22-37-46
run_opt_test1_O3;2300000;54000;22-37-46
run_opt_test1_O3;2300023;52000;22-37-47
run_opt_test1_O3;2300000;52000;22-37-47
run_opt_test1_O3;2300000;52000;22-37-47
run_opt_test1_O3;2199977;52000;22-37-47
run_opt_test1_O3;2300000;52000;22-37-47
run_opt_test1_O3;2300023;52000;22-37-47
run_opt_test1_O3;2300000;52000;22-37-48
run_opt_test1_O3;2300000;52000;22-37-48
run_opt_test1_O3;2300023;52000;22-37-48
run_opt_test1_O3;2300023;52000;22-37-48
run_opt_test1_O3;2300000;52000;22-37-48
run_opt_test1_O3;2300000;52000;22-37-48
run_opt_test1_O3;2300000;52000;22-37-49
run_opt_test1_O3;2300000;52000;22-37-49
run_opt_test1_O3;2300023;52000;22-37-49
run_opt_test1_O3;2300000;52000;22-37-49
run_opt_test1_O3;2300000;52000;22-37-49
run_opt_test1_O3;2300000;52000;22-37-49
run_opt_test1_O3;2300000;52000;22-37-49
run_opt_test1_O3;2300023;52000;22-37-50
run_opt_test1_O3;2300000;52000;22-37-50
run_opt_test1_O3;2299976;52000;22-37-50
run_opt_test1_O3;2300000;52000;22-37-50
run_opt_test1_O3;2300000;52000;22-37-50
run_opt_test1_O3;2300023;52000;22-37-50
run_opt_test1_O3;2299976;52000;22-37-51
run_opt_test1_O3;2300000;52000;22-37-51
run_opt_test1_O3;2300000;52000;22-37-51
run_opt_test1_O3;2300000;52000;22-37-51
run_opt_test1_O3;2300000;52000;22-37-51
run_opt_test1_O3;2300000;52000;22-37-51
run_opt_test1_O3;2300000;52000;22-37-51
run_opt_test1_O3;2300000;52000;22-37-52
run_opt_test1_O3;2299976;52000;22-37-52
run_opt_test1_O3;2299976;52000;22-37-52
run_opt_test1_O3;2300023;52000;22-37-52
run_opt_test1_O3;2300023;52000;22-37-52
run_opt_test1_O3;2300000;52000;22-37-52
run_opt_test1_O3;2300000;52000;22-37-53
run_opt_test1_O3;2300000;52000;22-37-53
run_opt_test1_O3;2300000;52000;22-37-53
run_opt_test1_O3;2300000;52000;22-37-53
run_opt_test1_O3;2300000;52000;22-37-53
run_opt_test1_O3;2299976;52000;22-37-53
run_opt_test1_O3;2300000;52000;22-37-54
run_opt_test1_O3;2300000;52000;22-37-54
run_opt_test1_O3;2299976;52000;22-37-54
run_opt_test1_O3;2300000;52000;22-37-54
run_opt_test1_O3;2300023;52000;22-37-54
run_opt_test1_O3;2300023;52000;22-37-54
run_opt_test1_O3;2300000;52000;22-37-54
run_opt_test1_O3;2300000;52000;22-37-55
run_opt_test1_O3;2300000;52000;22-37-55
run_opt_test1_O3;2300000;52000;22-37-55
run_opt_test1_O3;2300000;52000;22-37-55
run_opt_test1_O3;2300023;52000;22-37-55
run_opt_test1_O3;2300000;52000;22-37-55
run_opt_test1_O3;2300000;52000;22-37-56
run_opt_test1_O3;2300000;52000;22-37-56
run_opt_test1_O3;2300000;52000;22-37-56
run_opt_test1_O3;2300000;52000;22-37-56
run_opt_test1_O3;2299976;52000;22-37-56
run_opt_test1_O3;2300023;52000;22-37-56
run_opt_test1_O3;2300000;52000;22-37-56
run_opt_test1_O3;2300046;52000;22-37-57
run_opt_test1_O3;2300000;52000;22-37-57
run_opt_test1_O3;2300000;52000;22-37-57
run_opt_test1_O3;2299976;52000;22-37-57
run_opt_test1_O3;2300000;52000;22-37-57
run_opt_test1_O3;2300000;52000;22-37-57
run_opt_test1_O3;2300000;52000;22-37-58
run_opt_test1_O3;2300046;52000;22-37-58
run_opt_test1_O3;2300023;52000;22-37-58
run_opt_test1_O3;2300000;52000;22-37-58
run_opt_test1_O3;2300023;52000;22-37-58
run_opt_test1_O3;2300023;52000;22-37-58
run_opt_test1_O3;2299976;52000;22-37-58
run_opt_test1_O3;2300000;52000;22-37-59
run_opt_test1_O3;2300000;52000;22-37-59
run_opt_test1_O3;2300000;52000;22-37-59
run_opt_test1_O3;2300000;52000;22-37-59
run_opt_test1_O3;2299976;52000;22-37-59
run_opt_test1_O3;2299976;52000;22-37-59
run_opt_test1_O3;2300000;52000;22-38-00
run_opt_test1_O3;2300023;52000;22-38-00
run_opt_test1_O3;2300000;52000;22-38-00
run_opt_test1_O3;2300023;52000;22-38-00
run_opt_test1_O3;2300000;52000;22-38-00
run_opt_test1_O3;2299976;52000;22-38-00
run_opt_test1_O3;2300000;52000;22-38-01
run_opt_test1_O3;2300023;52000;22-38-01
run_opt_test1_O3;2300000;52000;22-38-01
run_opt_test1_O3;2300000;52000;22-38-01
run_opt_test1_O3;2300000;52000;22-38-01
run_opt_test1_O3;2300000;52000;22-38-01
run_opt_test1_O3;2300000;52000;22-38-01
run_opt_test1_O3;2300023;52000;22-38-02
run_opt_test1_O3;2300000;52000;22-38-02
run_opt_test1_O3;2300000;52000;22-38-02
run_opt_test1_O3;2300000;52000;22-38-02
run_opt_test1_O3;2299976;52000;22-38-02
run_opt_test1_O3;2300000;52000;22-38-02
run_opt_test1_O3;2299976;52000;22-38-03
run_opt_test1_O3;2300000;52000;22-38-03
run_opt_test1_O3;2300000;52000;22-38-03
run_opt_test1_O3;2299976;52000;22-38-03
run_opt_test1_O3;2299976;52000;22-38-03
run_opt_test1_O3;2299976;52000;22-38-03
run_opt_test1_O3;2300000;52000;22-38-04
run_opt_test1_O3;2300000;52000;22-38-04
run_opt_test1_O3;2300000;52000;22-38-04
run_opt_test1_O3;2300023;52000;22-38-04
run_opt_test1_O3;2300000;52000;22-38-04
run_opt_test1_O3;2300000;52000;22-38-04
run_opt_test1_O3;2300000;52000;22-38-05
run_opt_test1_O3;2300000;52000;22-38-05
run_opt_test1_O3;2300000;52000;22-38-05
run_opt_test1_O3;2300023;52000;22-38-05
run_opt_test1_O3;2300000;52000;22-38-05
run_opt_test1_O3;2300023;52000;22-38-05
run_opt_test1_O3;2300000;52000;22-38-05
run_opt_test1_O3;2300000;52000;22-38-06
run_opt_test1_O3;2300000;52000;22-38-06
run_opt_test1_O3;2300000;52000;22-38-06
run_opt_test1_O3;2300023;52000;22-38-06
run_opt_test1_O3;2300000;52000;22-38-06
run_opt_test1_O3;2300023;52000;22-38-06
run_opt_test1_O3;2300000;52000;22-38-07
run_opt_test1_O3;2300000;52000;22-38-07
run_opt_test1_O3;2300000;52000;22-38-07
run_opt_test1_O3;2300000;52000;22-38-07
run_opt_test1_O3;2300000;52000;22-38-07
run_opt_test1_O3;2300000;52000;22-38-07
run_opt_test1_O3;2300000;52000;22-38-08
run_opt_test1_O3;2300000;52000;22-38-08
run_opt_test1_O3;2300000;52000;22-38-08
run_opt_test1_O3;2300000;52000;22-38-08
run_opt_test1_O3;2300023;52000;22-38-08
run_opt_test1_O3;2300000;52000;22-38-08
run_opt_test1_O3;2300023;52000;22-38-09
run_opt_test1_O3;2300000;52000;22-38-09
run_opt_test1_O3;2300000;52000;22-38-09
run_opt_test1_O3;2300000;52000;22-38-09
run_opt_test1_O3;2300023;52000;22-38-09
run_opt_test1_O3;2300023;52000;22-38-09
run_opt_test1_O3;2300000;52000;22-38-09
run_opt_test1_O3;2300000;52000;22-38-10
run_opt_test1_O3;2300000;52000;22-38-10
run_opt_test1_O3;2300000;52000;22-38-10
run_opt_test1_O3;2300000;52000;22-38-10
run_opt_test1_O3;2300023;52000;22-38-10
run_opt_test1_O3;2299976;52000;22-38-10
run_opt_test1_O3;2300000;52000;22-38-11
run_opt_test1_O3;2300000;52000;22-38-11
run_opt_test1_O3;2299976;52000;22-38-11
run_opt_test1_O3;2300023;52000;22-38-11
run_opt_test1_O3;2299976;52000;22-38-11
run_opt_test1_O3;2300023;52000;22-38-11
run_opt_test1_O3;2300000;52000;22-38-11
run_opt_test1_O3;2300000;52000;22-38-12
run_opt_test1_O3;2300000;52000;22-38-12
run_opt_test1_O3;2300000;52000;22-38-12
run_opt_test1_O3;2300023;52000;22-38-12
run_opt_test1_O3;2300000;52000;22-38-12
run_opt_test1_O3;2300000;52000;22-38-12
run_opt_test1_O3;2300000;52000;22-38-13
run_opt_test1_O3;2300000;52000;22-38-13
run_opt_test1_O3;2300000;52000;22-38-13
run_opt_test1_O3;2300023;52000;22-38-13
run_opt_test1_O3;2300000;52000;22-38-13
run_opt_test1_O3;2300000;52000;22-38-13
run_opt_test1_O3;2300000;52000;22-38-14
run_opt_test1_O3;2300000;52000;22-38-14
run_opt_test1_O3;2300000;52000;22-38-14
run_opt_test1_O3;2300000;52000;22-38-14
run_opt_test1_O3;2299976;52000;22-38-14
run_opt_test1_O3;2299976;52000;22-38-14
run_opt_test1_O3;2300000;52000;22-38-14
run_opt_test1_O3;2300000;52000;22-38-15
run_opt_test1_O3;2299976;52000;22-38-15
run_opt_test1_O3;2300000;52000;22-38-15
run_opt_test1_O3;2299976;52000;22-38-15
run_opt_test1_O3;2299976;52000;22-38-15
run_opt_test1_O3;2300000;52000;22-38-15
run_opt_test1_O3;2300000;52000;22-38-16
run_opt_test1_O3;2300000;52000;22-38-16
run_opt_test1_O3;2300023;52000;22-38-16
run_opt_test1_O3;2300000;52000;22-38-16
run_opt_test1_O3;2300000;52000;22-38-16
run_opt_test1_O3;2300023;52000;22-38-16
run_opt_test1_O3;2300000;52000;22-38-16
run_opt_test1_O3;2300000;52000;22-38-17
run_opt_test1_O3;2299976;52000;22-38-17
run_opt_test1_O3;2300000;52000;22-38-17
run_opt_test1_O3;2300000;52000;22-38-17
run_opt_test1_O3;2300000;52000;22-38-17
run_opt_test1_O3;2300000;52000;22-38-17
run_opt_test1_O3;2300000;52000;22-38-18
run_opt_test1_O3;2299976;52000;22-38-18
run_opt_test1_O3;2300046;52000;22-38-18
run_opt_test1_O3;2300000;52000;22-38-18
run_opt_test1_O3;2300000;52000;22-38-18
run_opt_test1_O3;2300023;52000;22-38-18
run_opt_test1_O3;2300000;50000;22-38-19
run_opt_test1_O3;2300000;50000;22-38-19
run_opt_test1_O3;2300000;50000;22-38-19
run_opt_test1_O3;2300000;50000;22-38-19
run_opt_test1_O3;2300000;50000;22-38-19
run_opt_test1_O3;2300023;50000;22-38-19
run_opt_test1_O3;2300000;50000;22-38-20
run_opt_test1_O3;2299976;52000;22-38-20
run_opt_test1_O3;2300023;52000;22-38-20
run_opt_test1_O3;2300000;52000;22-38-20
run_opt_test1_O3;2300023;52000;22-38-20
run_opt_test1_O3;2300000;52000;22-38-20
run_opt_test1_O3;2300000;52000;22-38-20
run_opt_test1_O3;2300023;52000;22-38-21
run_opt_test1_O3;2300000;50000;22-38-21
run_opt_test1_O3;2300000;50000;22-38-21
run_opt_test1_O3;2300000;50000;22-38-21
run_opt_test1_O3;2300000;50000;22-38-21
run_opt_test1_O3;2300000;50000;22-38-21
run_opt_test1_O3;2299976;50000;22-38-22
run_opt_test1_O3;2299976;50000;22-38-22
run_opt_test1_O3;2300000;52000;22-38-22
run_opt_test1_O3;2299976;52000;22-38-22
run_opt_test1_O3;2300023;52000;22-38-22
run_opt_test1_O3;2300000;52000;22-38-22
run_opt_test1_O3;2299976;52000;22-38-22
run_opt_test1_O3;2300000;52000;22-38-23
run_opt_test1_O3;2300000;52000;22-38-23
run_opt_test1_O3;2300000;50000;22-38-23
run_opt_test1_O3;2300023;50000;22-38-23
run_opt_test1_O3;2299976;50000;22-38-23
run_opt_test1_O3;2300000;50000;22-38-23
run_opt_test1_O3;2300023;50000;22-38-24
run_opt_test1_O3;2299953;50000;22-38-24
run_opt_test1_O3;2300023;50000;22-38-24
run_opt_test1_O3;2299976;50000;22-38-24
run_opt_test1_O3;2300000;50000;22-38-24
run_opt_test1_O3;2300000;50000;22-38-24
run_opt_test1_O3;2300000;50000;22-38-25
run_opt_test1_O3;2300023;50000;22-38-25
run_opt_test1_O3;2300000;50000;22-38-25
run_opt_test1_O3;2300000;50000;22-38-25
run_opt_test1_O3;2300000;50000;22-38-25
run_opt_test1_O3;2300023;50000;22-38-25
run_opt_test1_O3;2300000;50000;22-38-25
run_opt_test1_O3;2300000;50000;22-38-26
run_opt_test1_O3;2300000;50000;22-38-26
run_opt_test1_O3;2300023;50000;22-38-26
run_opt_test1_O3;2300000;50000;22-38-26
run_opt_test1_O3;2300000;50000;22-38-26
run_opt_test1_O3;2300000;50000;22-38-26
run_opt_test1_O3;2300000;50000;22-38-26
run_opt_test1_O3;2300000;50000;22-38-27
run_opt_test1_O3;2300000;50000;22-38-27
run_opt_test1_O3;2300000;50000;22-38-27
run_opt_test1_O3;2300023;50000;22-38-27
run_opt_test1_O3;2300000;52000;22-38-27
run_opt_test1_O3;2300000;52000;22-38-27
run_opt_test1_O3;2300000;52000;22-38-28
run_opt_test1_O3;2300000;52000;22-38-28
run_opt_test1_O3;2300000;52000;22-38-28
run_opt_test1_O3;2300000;52000;22-38-28
run_opt_test1_O3;2300000;52000;22-38-28
run_opt_test1_O3;2300000;50000;22-38-28
run_opt_test1_O3;2300023;50000;22-38-29
run_opt_test1_O3;2300023;50000;22-38-29
run_opt_test1_O3;2300000;50000;22-38-29
run_opt_test1_O3;2300023;50000;22-38-29
run_opt_test1_O3;2300000;50000;22-38-29
run_opt_test1_O3;2300000;50000;22-38-29
run_opt_test1_O3;2299976;50000;22-38-29
run_opt_test1_O3;2300000;50000;22-38-30
run_opt_test1_O3;2300000;50000;22-38-30
run_opt_test1_O3;2299976;50000;22-38-30
run_opt_test1_O3;2300000;50000;22-38-30
run_opt_test1_O3;2300000;50000;22-38-30
run_opt_test1_O3;2300023;50000;22-38-30
run_opt_test1_O3;2299976;50000;22-38-31
run_opt_test1_O3;2300000;50000;22-38-31
run_opt_test1_O3;2300000;50000;22-38-31
run_opt_test1_O3;2300000;50000;22-38-31
run_opt_test1_O3;2300000;50000;22-38-31
run_opt_test1_O3;2300000;50000;22-38-31
run_opt_test1_O3;2300000;50000;22-38-31
run_opt_test1_O3;2300000;50000;22-38-32
run_opt_test1_O3;2299976;50000;22-38-32
run_opt_test1_O3;2300000;50000;22-38-32
run_opt_test1_O3;2300000;50000;22-38-32
run_opt_test1_O3;2300000;50000;22-38-32
run_opt_test1_O3;2300023;50000;22-38-32
run_opt_test1_O3;2300000;50000;22-38-33
run_opt_test1_O3;2300000;50000;22-38-33
run_opt_test1_O3;2300023;50000;22-38-33
run_opt_test1_O3;2300000;50000;22-38-33
run_opt_test1_O3;2300000;50000;22-38-33
run_opt_test1_O3;2299976;50000;22-38-33
run_opt_test1_O3;2299976;50000;22-38-34
run_opt_test1_O3;2300000;50000;22-38-34
run_opt_test1_O3;2300000;50000;22-38-34
run_opt_test1_O3;2300000;50000;22-38-34
run_opt_test1_O3;2300000;50000;22-38-34
run_opt_test1_O3;2299976;50000;22-38-34
run_opt_test1_O3;2300000;50000;22-38-34
run_opt_test1_O3;2300000;50000;22-38-35
run_opt_test1_O3;2300000;50000;22-38-35
run_opt_test1_O3;2300023;50000;22-38-35
run_opt_test1_O3;2300000;50000;22-38-35
run_opt_test1_O3;2300000;50000;22-38-35
run_opt_test1_O3;2300000;50000;22-38-35
run_opt_test1_O3;2300000;50000;22-38-36
run_opt_test1_O3;2300000;50000;22-38-36
run_opt_test1_O3;2299976;50000;22-38-36
run_opt_test1_O3;2300023;50000;22-38-36
run_opt_test1_O3;2300000;50000;22-38-36
run_opt_test1_O3;2300000;50000;22-38-36
run_opt_test1_O3;2300000;50000;22-38-36
run_opt_test1_O3;2300000;50000;22-38-37
run_opt_test1_O3;2300023;50000;22-38-37
run_opt_test1_O3;2300000;50000;22-38-37
run_opt_test1_O3;2300000;50000;22-38-37
run_opt_test1_O3;2300000;50000;22-38-37
run_opt_test1_O3;2300023;50000;22-38-37
run_opt_test1_O3;2299976;50000;22-38-38
run_opt_test1_O3;2300023;50000;22-38-38
run_opt_test1_O3;2300023;50000;22-38-38
run_opt_test1_O3;2300000;50000;22-38-38
run_opt_test1_O3;2299976;50000;22-38-38
run_opt_test1_O3;2300000;50000;22-38-38
run_opt_test1_O3;2300000;50000;22-38-39
run_opt_test1_O3;2300000;50000;22-38-39
run_opt_test1_O3;2300023;50000;22-38-39
run_opt_test1_O3;2300000;50000;22-38-39
run_opt_test1_O3;2300000;50000;22-38-39
run_opt_test1_O3;2300023;50000;22-38-39
run_opt_test1_O3;2299976;50000;22-38-39
run_opt_test1_O3;2300000;50000;22-38-40
run_opt_test1_O3;2300000;50000;22-38-40
run_opt_test1_O3;2300000;50000;22-38-40
run_opt_test1_O3;2300000;50000;22-38-40
run_opt_test1_O3;2300000;50000;22-38-40
run_opt_test1_O3;2300023;50000;22-38-40
run_opt_test1_O3;2299976;50000;22-38-41
run_opt_test1_O3;2300000;50000;22-38-41
run_opt_test1_O3;2300000;50000;22-38-41
run_opt_test1_O3;2300000;50000;22-38-41
run_opt_test1_O3;2300000;50000;22-38-41
run_opt_test1_O3;2300000;50000;22-38-41
run_opt_test1_O3;2300023;52000;22-38-42
run_opt_test1_O3;2300000;52000;22-38-42
run_opt_test1_O3;2300023;52000;22-38-42
run_opt_test1_O3;2300000;52000;22-38-42
run_opt_test1_O3;2300000;52000;22-38-42
run_opt_test1_O3;2299976;52000;22-38-42
run_opt_test1_O3;2300000;52000;22-38-42
run_opt_test1_O3;2300000;50000;22-38-43
run_opt_test1_O3;2300000;50000;22-38-43
run_opt_test1_O3;2300000;50000;22-38-43
run_opt_test1_O3;2300000;50000;22-38-43
run_opt_test1_O3;2300000;50000;22-38-43
run_opt_test1_O3;2300023;50000;22-38-43
run_opt_test1_O3;2299976;50000;22-38-44
run_opt_test1_O3;2300023;50000;22-38-44
run_opt_test1_O3;2300023;50000;22-38-44
run_opt_test1_O3;2299976;50000;22-38-44
run_opt_test1_O3;2300000;50000;22-38-44
run_opt_test1_O3;2299976;50000;22-38-44
run_opt_test1_O3;2300000;50000;22-38-44
run_opt_test1_O3;2300023;50000;22-38-45
run_opt_test1_O3;2300000;50000;22-38-45
run_opt_test1_O3;2300000;50000;22-38-45
run_opt_test1_O3;2300000;50000;22-38-45
run_opt_test1_O3;2300000;50000;22-38-45
run_opt_test1_O3;2300023;50000;22-38-45
run_opt_test1_O3;2299976;50000;22-38-46
run_opt_test1_O3;2300000;50000;22-38-46
run_opt_test1_O3;2299976;50000;22-38-46
run_opt_test1_O3;2300000;50000;22-38-46
run_opt_test1_O3;2300000;50000;22-38-46
run_opt_test1_O3;2300000;50000;22-38-46
run_opt_test1_O3;2300023;50000;22-38-47
run_opt_test1_O3;2300000;50000;22-38-47
run_opt_test1_O3;2300000;50000;22-38-47
run_opt_test1_O3;2300023;50000;22-38-47
run_opt_test1_O3;2300000;50000;22-38-47
run_opt_test1_O3;2299976;50000;22-38-47
run_opt_test1_O3;2300000;50000;22-38-47
run_opt_test1_O3;2300000;50000;22-38-48
run_opt_test1_O3;2300000;50000;22-38-48
run_opt_test1_O3;2300000;50000;22-38-48
run_opt_test1_O3;2300023;52000;22-38-48
run_opt_test1_O3;2300000;52000;22-38-48
run_opt_test1_O3;2300023;52000;22-38-48
run_opt_test1_O3;2300023;52000;22-38-49
run_opt_test1_O3;2300000;52000;22-38-49
run_opt_test1_O3;2300000;52000;22-38-49
run_opt_test1_O3;2300000;52000;22-38-49
run_opt_test1_O3;2300000;50000;22-38-49
run_opt_test1_O3;2300000;50000;22-38-49
run_opt_test1_O3;2299976;50000;22-38-50
run_opt_test1_O3;2300023;50000;22-38-50
run_opt_test1_O3;2299976;50000;22-38-50
run_opt_test1_O3;2300000;50000;22-38-50
run_opt_test1_O3;2299976;50000;22-38-50
run_opt_test1_O3;2300000;50000;22-38-50
run_opt_test1_O3;2300023;50000;22-38-50
run_opt_test1_O3;2300000;50000;22-38-51
run_opt_test1_O3;2299976;50000;22-38-51
run_opt_test1_O3;2299976;50000;22-38-51
run_opt_test1_O3;2300000;50000;22-38-51
run_opt_test1_O3;2300000;50000;22-38-51
run_opt_test1_O3;2300000;50000;22-38-51
run_opt_test1_O3;2300000;50000;22-38-52
run_opt_test1_O3;2300000;50000;22-38-52
run_opt_test1_O3;2299976;50000;22-38-52
run_opt_test1_O3;2299976;50000;22-38-52
run_opt_test1_O3;2299976;50000;22-38-52
run_opt_test1_O3;2300023;50000;22-38-52
run_opt_test1_O3;2299976;50000;22-38-52
run_opt_test1_O3;2300000;50000;22-38-53
run_opt_test1_O3;2300000;50000;22-38-53
run_opt_test1_O3;2300000;50000;22-38-53
run_opt_test1_O3;2299976;50000;22-38-53
run_opt_test1_O3;2299976;50000;22-38-53
run_opt_test1_O3;2300000;50000;22-38-53
run_opt_test1_O3;2300023;50000;22-38-54
run_opt_test1_O3;2300000;50000;22-38-54
run_opt_test1_O3;2300000;50000;22-38-54
run_opt_test1_O3;2300023;50000;22-38-54
run_opt_test1_O3;2300000;50000;22-38-54
run_opt_test1_O3;2300000;50000;22-38-54
run_opt_test1_O3;2300023;50000;22-38-54
run_opt_test1_O3;2300000;50000;22-38-55
run_opt_test1_O3;2300023;50000;22-38-55
run_opt_test1_O3;2300000;50000;22-38-55
run_opt_test1_O3;2300000;50000;22-38-55
run_opt_test1_O3;2299976;50000;22-38-55
run_opt_test1_O3;2300000;50000;22-38-55
run_opt_test1_O3;2300000;50000;22-38-56
run_opt_test1_O3;2300000;50000;22-38-56
run_opt_test1_O3;2300000;50000;22-38-56
run_opt_test1_O3;2300000;50000;22-38-56
run_opt_test1_O3;2300000;50000;22-38-56
run_opt_test1_O3;2300000;50000;22-38-56
run_opt_test1_O3;2300000;50000;22-38-57
run_opt_test1_O3;2300000;50000;22-38-57
run_opt_test1_O3;2300000;50000;22-38-57
run_opt_test1_O3;2299976;50000;22-38-57
run_opt_test1_O3;2300000;50000;22-38-57
run_opt_test1_O3;2300000;50000;22-38-57
run_opt_test1_O3;2300000;50000;22-38-57
run_opt_test1_O3;2300000;50000;22-38-58
run_opt_test1_O3;2300000;50000;22-38-58
run_opt_test1_O3;2299976;50000;22-38-58
run_opt_test1_O3;2300000;50000;22-38-58
run_opt_test1_O3;2300000;50000;22-38-58
run_opt_test1_O3;2300000;50000;22-38-58
run_opt_test1_O3;2300000;50000;22-38-59
run_opt_test1_O3;2299976;50000;22-38-59
run_opt_test1_O3;2300000;50000;22-38-59
run_opt_test1_O3;2300023;50000;22-38-59
run_opt_test1_O3;2300000;50000;22-38-59
run_opt_test1_O3;2300023;50000;22-38-59
run_opt_test1_O3;2299976;50000;22-38-59
run_opt_test1_O3;2300000;50000;22-39-00
run_opt_test1_O3;2300000;50000;22-39-00
run_opt_test1_O3;2300000;50000;22-39-00
run_opt_test1_O3;2300000;50000;22-39-00
run_opt_test1_O3;2299976;50000;22-39-00
run_opt_test1_O3;2300000;50000;22-39-00
run_opt_test1_O3;2300000;50000;22-39-01
run_opt_test1_O3;2300000;50000;22-39-01
run_opt_test1_O3;2300000;50000;22-39-01
run_opt_test1_O3;2300000;50000;22-39-01
run_opt_test1_O3;2300023;50000;22-39-01
run_opt_test1_O3;2300000;50000;22-39-01
run_opt_test1_O3;2300000;50000;22-39-01
run_opt_test1_O3;2300000;50000;22-39-02
run_opt_test1_O3;2300046;50000;22-39-02
run_opt_test1_O3;2300000;50000;22-39-02
run_opt_test1_O3;2300000;50000;22-39-02
run_opt_test1_O3;2300000;50000;22-39-02
run_opt_test1_O3;2300023;50000;22-39-02
run_opt_test1_O3;2300000;50000;22-39-03
run_opt_test1_O3;2300000;50000;22-39-03
run_opt_test1_O3;2300000;50000;22-39-03
run_opt_test1_O3;2299976;50000;22-39-03
run_opt_test1_O3;2300000;50000;22-39-03
run_opt_test1_O3;2300000;50000;22-39-03
run_opt_test1_O3;2299976;50000;22-39-04
run_opt_test1_O3;2300000;50000;22-39-04
run_opt_test1_O3;2300000;50000;22-39-04
run_opt_test1_O3;2300000;50000;22-39-04
run_opt_test1_O3;2300023;50000;22-39-04
run_opt_test1_O3;2300000;50000;22-39-04
run_opt_test1_O3;2300000;50000;22-39-04
run_opt_test1_O3;2300000;50000;22-39-05
run_opt_test1_O3;2300000;50000;22-39-05
run_opt_test1_O3;2300000;50000;22-39-05
run_opt_test1_O3;2300000;50000;22-39-05
run_opt_test1_O3;2300000;50000;22-39-05
run_opt_test1_O3;2300023;50000;22-39-05
run_opt_test1_O3;2300000;50000;22-39-06
run_opt_test1_O3;2299976;50000;22-39-06
run_opt_test1_O3;2300000;50000;22-39-06
run_opt_test1_O3;2300000;50000;22-39-06
run_opt_test1_O3;2300000;50000;22-39-06
run_opt_test1_O3;2300000;50000;22-39-06
run_opt_test1_O3;2300023;50000;22-39-07
run_opt_test1_O3;2300023;50000;22-39-07
run_opt_test1_O3;2300023;50000;22-39-07
run_opt_test1_O3;2300000;50000;22-39-07
run_opt_test1_O3;2299953;50000;22-39-07
run_opt_test1_O3;2299976;50000;22-39-07
run_opt_test1_O3;2299976;50000;22-39-07
run_opt_test1_O3;2299976;50000;22-39-08
run_opt_test1_O3;2300023;50000;22-39-08
run_opt_test1_O3;2300000;50000;22-39-08
run_opt_test1_O3;2300000;50000;22-39-08
run_opt_test1_O3;2300000;50000;22-39-08
run_opt_test1_O3;2299976;50000;22-39-08
run_opt_test1_O3;2300000;50000;22-39-09
run_opt_test1_O3;2300000;50000;22-39-09
run_opt_test1_O3;2300023;50000;22-39-09
run_opt_test1_O3;2300000;50000;22-39-09
run_opt_test1_O3;2299976;50000;22-39-09
run_opt_test1_O3;2300000;50000;22-39-09
run_opt_test1_O3;2300000;50000;22-39-10
run_opt_test1_O3;2299976;50000;22-39-10
run_opt_test1_O3;2300023;50000;22-39-10
run_opt_test1_O3;2300000;50000;22-39-10
run_opt_test1_O3;2300000;50000;22-39-10
run_opt_test1_O3;2300023;50000;22-39-10
run_opt_test1_O3;2300000;50000;22-39-10
run_opt_test1_O3;2300000;50000;22-39-11
run_opt_test1_O3;2299976;50000;22-39-11
run_opt_test1_O3;2300000;50000;22-39-11
run_opt_test1_O3;2299976;50000;22-39-11
run_opt_test1_O3;2300000;50000;22-39-11
run_opt_test1_O3;2300000;50000;22-39-11
run_opt_test1_O3;2300000;50000;22-39-12
run_opt_test1_O3;2299976;50000;22-39-12
run_opt_test1_O3;2300000;50000;22-39-12
run_opt_test1_O3;2299976;50000;22-39-12
run_opt_test1_O3;2299976;50000;22-39-12
run_opt_test1_O3;2300000;50000;22-39-12
run_opt_test1_O3;2300000;50000;22-39-13
run_opt_test1_O3;2300000;50000;22-39-13
run_opt_test1_O3;2300000;50000;22-39-13
run_opt_test1_O3;2300023;50000;22-39-13
run_opt_test1_O3;2299976;50000;22-39-13
run_opt_test1_O3;2300000;50000;22-39-13
run_opt_test1_O3;2299976;50000;22-39-13
run_opt_test1_O3;2300023;50000;22-39-14
run_opt_test1_O3;2300000;50000;22-39-14
run_opt_test1_O3;2300023;50000;22-39-14
run_opt_test1_O3;2299976;50000;22-39-14
run_opt_test1_O3;2299976;50000;22-39-14
run_opt_test1_O3;2299976;50000;22-39-14
run_opt_test1_O3;2300000;50000;22-39-15
run_opt_test1_O3;2300000;50000;22-39-15
run_opt_test1_O3;2300000;50000;22-39-15
run_opt_test1_O3;2300023;50000;22-39-15
run_opt_test1_O3;2300000;50000;22-39-15
run_opt_test1_O3;2300000;50000;22-39-15
run_opt_test1_O3;2300000;50000;22-39-15
run_opt_test1_O3;2300000;50000;22-39-16
run_opt_test1_O3;2299976;50000;22-39-16
run_opt_test1_O3;2300000;50000;22-39-16
run_opt_test1_O3;2300000;50000;22-39-16
run_opt_test1_O3;2299976;50000;22-39-16
run_opt_test1_O3;2300000;50000;22-39-16
run_opt_test1_O3;2300000;50000;22-39-17
run_opt_test1_O3;2299976;50000;22-39-17
run_opt_test1_O3;2300000;50000;22-39-17
run_opt_test1_O3;2300000;50000;22-39-17
run_opt_test1_O3;2299976;50000;22-39-17
run_opt_test1_O3;2300000;50000;22-39-17
run_opt_test1_O3;2300000;50000;22-39-17
run_opt_test1_O3;2300000;50000;22-39-18
run_opt_test1_O3;2300023;50000;22-39-18
run_opt_test1_O3;2300000;50000;22-39-18
run_opt_test1_O3;2300023;50000;22-39-18
run_opt_test1_O3;2300000;50000;22-39-18
run_opt_test1_O3;2299976;50000;22-39-18
run_opt_test1_O3;2299976;50000;22-39-19
run_opt_test1_O3;2299976;50000;22-39-19
run_opt_test1_O3;2300000;50000;22-39-19
run_opt_test1_O3;2300000;50000;22-39-19
run_opt_test1_O3;2299976;50000;22-39-19
run_opt_test1_O3;2299976;50000;22-39-19
run_opt_test1_O3;2299976;50000;22-39-20
run_opt_test1_O3;2300000;50000;22-39-20
run_opt_test1_O3;2299976;50000;22-39-20
run_opt_test1_O3;2300000;50000;22-39-20
run_opt_test1_O3;2300000;50000;22-39-20
run_opt_test1_O3;2300000;50000;22-39-20
run_opt_test1_O3;2300000;50000;22-39-20
run_opt_test1_O3;2300023;50000;22-39-21
run_opt_test1_O3;2299976;50000;22-39-21
run_opt_test1_O3;2299976;50000;22-39-21
run_opt_test1_O3;2300000;50000;22-39-21
run_opt_test1_O3;2300000;50000;22-39-21
run_opt_test1_O3;2300000;50000;22-39-21
run_opt_test1_O3;2300000;50000;22-39-22
run_opt_test1_O3;2300000;50000;22-39-22
run_opt_test1_O3;2300023;50000;22-39-22
run_opt_test1_O3;2300000;50000;22-39-22
run_opt_test1_O3;2300000;50000;22-39-22
run_opt_test1_O3;2299976;50000;22-39-22
run_opt_test1_O3;2300000;50000;22-39-22
run_opt_test1_O3;2300023;50000;22-39-23
run_opt_test1_O3;2300000;50000;22-39-23
run_opt_test1_O3;2300000;50000;22-39-23
run_opt_test1_O3;2299976;50000;22-39-23
run_opt_test1_O3;2300000;50000;22-39-23
run_opt_test1_O3;2300000;50000;22-39-23
run_opt_test1_O3;2300000;50000;22-39-24
run_opt_test1_O3;2300023;50000;22-39-24
run_opt_test1_O3;2300000;50000;22-39-24
run_opt_test1_O3;2300000;50000;22-39-24
run_opt_test1_O3;2300023;50000;22-39-24
run_opt_test1_O3;2300000;50000;22-39-24
run_opt_test1_O3;4600000;56000;22-39-29
run_opt_test1_O3;3000000;56000;22-39-29
run_opt_test1_O3;3400000;56000;22-39-29
run_opt_test1_O3;2800000;56000;22-39-29
run_opt_test1_O3;2300000;56000;22-39-29
run_opt_test1_O3;2299976;56000;22-39-30
run_opt_test1_O3;2300023;56000;22-39-30
run_opt_test1_O3;2300000;50000;22-39-30
run_opt_test1_O3;2300000;50000;22-39-30
run_opt_test1_O3;2300023;50000;22-39-30
run_opt_test1_O3;2300000;50000;22-39-30
run_opt_test1_O3;2299976;50000;22-39-31
run_opt_test1_O3;2300000;50000;22-39-31
run_opt_test1_O3;2300023;50000;22-39-31
run_opt_test1_O3;2299976;50000;22-39-31
run_opt_test1_O3;2300000;50000;22-39-31
run_opt_test1_O3;2300023;50000;22-39-31
run_opt_test1_O3;2300000;50000;22-39-31
run_opt_test1_O3;2299976;50000;22-39-32
run_opt_test1_O3;2300000;50000;22-39-32
run_opt_test1_O3;2300000;50000;22-39-32
run_opt_test1_O3;2300023;50000;22-39-32
run_opt_test1_O3;2300000;50000;22-39-32
run_opt_test1_O3;2300000;50000;22-39-32
run_opt_test1_O3;2299976;50000;22-39-33
run_opt_test1_O3;2300000;50000;22-39-33
run_opt_test1_O3;2300000;50000;22-39-33
run_opt_test1_O3;2300000;50000;22-39-33
run_opt_test1_O3;2300000;50000;22-39-33
run_opt_test1_O3;2300000;50000;22-39-33
run_opt_test1_O3;2299976;50000;22-39-33
run_opt_test1_O3;2300046;50000;22-39-34
run_opt_test1_O3;2300023;50000;22-39-34
run_opt_test1_O3;2300000;50000;22-39-34
run_opt_test1_O3;2300000;50000;22-39-34
run_opt_test1_O3;2300000;50000;22-39-34
run_opt_test1_O3;2300000;50000;22-39-34
run_opt_test1_O3;2300000;50000;22-39-35
run_opt_test1_O3;2300000;50000;22-39-35
run_opt_test1_O3;2300023;50000;22-39-35
run_opt_test1_O3;2300000;50000;22-39-35
run_opt_test1_O3;2300000;50000;22-39-35
run_opt_test1_O3;2300000;48000;22-39-35
run_opt_test1_O3;2300000;48000;22-39-35
run_opt_test1_O3;2299976;48000;22-39-36
run_opt_test1_O3;2300000;48000;22-39-36
run_opt_test1_O3;2300000;48000;22-39-36
run_opt_test1_O3;2300000;48000;22-39-36
run_opt_test1_O3;2300000;48000;22-39-36
run_opt_test1_O3;2300023;50000;22-39-36
run_opt_test1_O3;2300023;50000;22-39-37
run_opt_test1_O3;2300000;50000;22-39-37
run_opt_test1_O3;2300000;50000;22-39-37
run_opt_test1_O3;2300023;50000;22-39-37
run_opt_test1_O3;2300000;50000;22-39-37
run_opt_test1_O3;2300000;50000;22-39-37
run_opt_test1_O3;2300000;48000;22-39-37
run_opt_test1_O3;2300023;48000;22-39-38
run_opt_test1_O3;2300023;48000;22-39-38
run_opt_test1_O3;2299976;48000;22-39-38
run_opt_test1_O3;2300023;48000;22-39-38
run_opt_test1_O3;2300023;48000;22-39-38
run_opt_test1_O3;2300000;48000;22-39-38
run_opt_test1_O3;2300000;50000;22-39-39
run_opt_test1_O3;2300023;50000;22-39-39
run_opt_test1_O3;2300023;50000;22-39-39
run_opt_test1_O3;2300000;50000;22-39-39
run_opt_test1_O3;2300000;50000;22-39-39
run_opt_test1_O3;2300023;50000;22-39-39
run_opt_test1_O3;2300023;50000;22-39-40
run_opt_test1_O3;2300000;48000;22-39-40
run_opt_test1_O3;2300023;48000;22-39-40
run_opt_test1_O3;2299976;48000;22-39-40
run_opt_test1_O3;2300000;48000;22-39-40
run_opt_test1_O3;2299976;48000;22-39-40
run_opt_test1_O3;2300000;48000;22-39-40
run_opt_test1_O3;2300000;48000;22-39-41
run_opt_test1_O3;2300000;50000;22-39-41
run_opt_test1_O3;2300000;50000;22-39-41
run_opt_test1_O3;2300000;50000;22-39-41
run_opt_test1_O3;2299976;50000;22-39-41
run_opt_test1_O3;2300000;50000;22-39-41
run_opt_test1_O3;2300000;50000;22-39-42
run_opt_test1_O3;2300000;50000;22-39-42
run_opt_test1_O3;2300000;50000;22-39-42
run_opt_test1_O3;2300000;50000;22-39-42
run_opt_test1_O3;2300000;50000;22-39-42
run_opt_test1_O3;2300000;50000;22-39-42
run_opt_test1_O3;2300000;50000;22-39-42
run_opt_test1_O3;2300000;50000;22-39-43
run_opt_test1_O3;2299976;50000;22-39-43
run_opt_test1_O3;2300000;50000;22-39-43
run_opt_test1_O3;2300000;50000;22-39-43
run_opt_test1_O3;2300000;50000;22-39-43
run_opt_test1_O3;2300023;50000;22-39-43
run_opt_test1_O3;2300023;50000;22-39-44
run_opt_test1_O3;2300000;50000;22-39-44
run_opt_test1_O3;2299976;50000;22-39-44
run_opt_test1_O3;2300000;50000;22-39-44
run_opt_test1_O3;2300000;50000;22-39-44
run_opt_test1_O3;2299976;50000;22-39-44
run_opt_test1_O3;2300000;50000;22-39-45
run_opt_test1_O3;2300000;50000;22-39-45
run_opt_test1_O3;2300023;50000;22-39-45
run_opt_test1_O3;2300023;50000;22-39-45
run_opt_test1_O3;2300000;50000;22-39-45
run_opt_test1_O3;2300000;50000;22-39-45
run_opt_test1_O3;2300023;50000;22-39-45
run_opt_test1_O3;2300023;50000;22-39-46
run_opt_test1_O3;2300023;50000;22-39-46
run_opt_test1_O3;2300023;50000;22-39-46
run_opt_test1_O3;2300023;50000;22-39-46
run_opt_test1_O3;2300000;50000;22-39-46
run_opt_test1_O3;2300000;50000;22-39-46
run_opt_test1_O3;2300023;50000;22-39-46
run_opt_test1_O3;2300000;50000;22-39-47
run_opt_test1_O3;2300000;50000;22-39-47
run_opt_test1_O3;2299976;50000;22-39-47
run_opt_test1_O3;2300023;50000;22-39-47
run_opt_test1_O3;2300023;50000;22-39-47
run_opt_test1_O3;2300023;50000;22-39-47
run_opt_test1_O3;2300000;50000;22-39-48
run_opt_test1_O3;2300000;50000;22-39-48
run_opt_test1_O3;2300023;50000;22-39-48
run_opt_test1_O3;2299976;50000;22-39-48
run_opt_test1_O3;2300000;50000;22-39-48
run_opt_test1_O3;2299976;50000;22-39-48
run_opt_test1_O3;2300000;50000;22-39-49
run_opt_test1_O3;2300000;50000;22-39-49
run_opt_test1_O3;2300000;50000;22-39-49
run_opt_test1_O3;2300000;50000;22-39-49
run_opt_test1_O3;2300000;50000;22-39-49
run_opt_test1_O3;2300000;50000;22-39-49
run_opt_test1_O3;2300000;50000;22-39-49
run_opt_test1_O3;2300000;50000;22-39-50
run_opt_test1_O3;2300000;50000;22-39-50
run_opt_test1_O3;2300000;50000;22-39-50
run_opt_test1_O3;2300000;50000;22-39-50
run_opt_test1_O3;2300023;50000;22-39-50
run_opt_test1_O3;2300000;50000;22-39-50
run_opt_test1_O3;2299976;50000;22-39-51
run_opt_test1_O3;2299976;50000;22-39-51
run_opt_test1_O3;2300000;50000;22-39-51
run_opt_test1_O3;2300023;50000;22-39-51
run_opt_test1_O3;2300000;50000;22-39-51
run_opt_test1_O3;2300000;50000;22-39-51
run_opt_test1_O3;2300000;50000;22-39-52
run_opt_test1_O3;2300023;50000;22-39-52
run_opt_test1_O3;2300023;50000;22-39-52
run_opt_test1_O3;2300000;50000;22-39-52
run_opt_test1_O3;2300000;50000;22-39-52
run_opt_test1_O3;2300023;50000;22-39-52
run_opt_test1_O3;2299976;50000;22-39-52
run_opt_test1_O3;2300000;50000;22-39-53
run_opt_test1_O3;2300000;50000;22-39-53
run_opt_test1_O3;2300000;50000;22-39-53
run_opt_test1_O3;2300000;50000;22-39-53
run_opt_test1_O3;2300023;50000;22-39-53
run_opt_test1_O3;2300000;50000;22-39-53
run_opt_test1_O3;2300000;50000;22-39-54
run_opt_test1_O3;2300000;50000;22-39-54
run_opt_test1_O3;2300023;48000;22-39-54
run_opt_test1_O3;2300023;48000;22-39-54
run_opt_test1_O3;2300000;48000;22-39-54
run_opt_test1_O3;2300000;48000;22-39-54
run_opt_test1_O3;2300000;48000;22-39-54
run_opt_test1_O3;2299976;48000;22-39-55
run_opt_test1_O3;2300000;48000;22-39-55
run_opt_test1_O3;2299976;50000;22-39-55
run_opt_test1_O3;2300000;50000;22-39-55
run_opt_test1_O3;2300000;50000;22-39-55
run_opt_test1_O3;2300023;50000;22-39-55
run_opt_test1_O3;2300000;50000;22-39-56
run_opt_test1_O3;2300000;50000;22-39-56
run_opt_test1_O3;2300000;50000;22-39-56
run_opt_test1_O3;2300000;50000;22-39-56
run_opt_test1_O3;2300000;50000;22-39-56
run_opt_test1_O3;2300000;50000;22-39-56
run_opt_test1_O3;2300000;50000;22-39-56
run_opt_test1_O3;2300000;50000;22-39-57
run_opt_test1_O3;2300000;50000;22-39-57
run_opt_test1_O3;2300000;50000;22-39-57
run_opt_test1_O3;2300023;50000;22-39-57
run_opt_test1_O3;2299976;50000;22-39-57
run_opt_test1_O3;2300023;50000;22-39-57
run_opt_test1_O3;2300000;50000;22-39-58
run_opt_test1_O3;2300000;50000;22-39-58
run_opt_test1_O3;2300000;50000;22-39-58
run_opt_test1_O3;2299976;50000;22-39-58
run_opt_test1_O3;2300023;48000;22-39-58
run_opt_test1_O3;2300023;48000;22-39-58
run_opt_test1_O3;2300000;48000;22-39-58
run_opt_test1_O3;2300000;48000;22-39-59
run_opt_test1_O3;2300000;48000;22-39-59
run_opt_test1_O3;2300000;48000;22-39-59
run_opt_test1_O3;2299976;48000;22-39-59
run_opt_test1_O3;2300000;50000;22-39-59
run_opt_test1_O3;2300000;50000;22-39-59
run_opt_test1_O3;2299976;50000;22-40-00
run_opt_test1_O3;2300000;50000;22-40-00
run_opt_test1_O3;2299976;50000;22-40-00
run_opt_test1_O3;2300023;50000;22-40-00
run_opt_test1_O3;2299976;50000;22-40-00
run_opt_test1_O3;2300000;50000;22-40-00
run_opt_test1_O3;2299976;50000;22-40-01
run_opt_test1_O3;2300000;50000;22-40-01
run_opt_test1_O3;2300000;50000;22-40-01
run_opt_test1_O3;2300000;50000;22-40-01
run_opt_test1_O3;2300000;50000;22-40-01
run_opt_test1_O3;2300000;50000;22-40-01
run_opt_test1_O3;2300000;50000;22-40-01
run_opt_test1_O3;2300023;50000;22-40-02
run_opt_test1_O3;2300023;50000;22-40-02
run_opt_test1_O3;2300000;50000;22-40-02
run_opt_test1_O3;2299976;50000;22-40-02
run_opt_test1_O3;2300000;50000;22-40-02
run_opt_test1_O3;2300000;50000;22-40-02
run_opt_test1_O3;2300023;50000;22-40-03
run_opt_test1_O3;2299976;50000;22-40-03
run_opt_test1_O3;2300000;50000;22-40-03
run_opt_test1_O3;2299976;50000;22-40-03
run_opt_test1_O3;2299976;50000;22-40-03
run_opt_test1_O3;2300000;50000;22-40-03
run_opt_test1_O3;2300000;50000;22-40-03
run_opt_test1_O3;2300000;50000;22-40-04
run_opt_test1_O3;2300000;50000;22-40-04
run_opt_test1_O3;2300023;50000;22-40-04
run_opt_test1_O3;2300000;50000;22-40-04
run_opt_test1_O3;2300023;50000;22-40-04
run_opt_test1_O3;2300000;50000;22-40-04
run_opt_test1_O3;2299976;50000;22-40-05
run_opt_test1_O3;2300000;50000;22-40-05
run_opt_test1_O3;2300000;50000;22-40-05
run_opt_test1_O3;2300000;50000;22-40-05
run_opt_test1_O3;2300000;50000;22-40-05
run_opt_test1_O3;2300000;50000;22-40-05
run_opt_test1_O3;2300000;50000;22-40-06
run_opt_test1_O3;2300023;50000;22-40-06
run_opt_test1_O3;2300000;48000;22-40-06
run_opt_test1_O3;2300000;48000;22-40-06
run_opt_test1_O3;2300000;48000;22-40-06
run_opt_test1_O3;2299976;48000;22-40-06
run_opt_test1_O3;2299976;48000;22-40-06
run_opt_test1_O3;2300000;48000;22-40-07
run_opt_test1_O3;2299976;48000;22-40-07
run_opt_test1_O3;2300023;50000;22-40-07
run_opt_test1_O3;2300023;50000;22-40-07
run_opt_test1_O3;2300000;50000;22-40-07
run_opt_test1_O3;2300000;50000;22-40-07
run_opt_test1_O3;2300000;50000;22-40-08
run_opt_test1_O3;2299976;50000;22-40-08
run_opt_test1_O3;2299976;50000;22-40-08
run_opt_test1_O3;2300000;48000;22-40-08
run_opt_test1_O3;2300000;48000;22-40-08
run_opt_test1_O3;2300000;48000;22-40-08
run_opt_test1_O3;2300000;48000;22-40-09
run_opt_test1_O3;2300000;48000;22-40-09
run_opt_test1_O3;2300000;48000;22-40-09
run_opt_test1_O3;2300000;48000;22-40-09
run_opt_test1_O3;2300000;48000;22-40-09
run_opt_test1_O3;2300000;48000;22-40-09
run_opt_test1_O3;2300000;48000;22-40-09
run_opt_test1_O3;2300000;48000;22-40-10
run_opt_test1_O3;2300000;48000;22-40-10
run_opt_test1_O3;2300000;48000;22-40-10
run_opt_test1_O3;2300000;48000;22-40-10
run_opt_test1_O3;2299976;48000;22-40-10
run_opt_test1_O3;2300000;48000;22-40-10
run_opt_test1_O3;2300023;48000;22-40-11
run_opt_test1_O3;2300000;48000;22-40-11
run_opt_test1_O3;2300023;48000;22-40-11
run_opt_test1_O3;2300000;48000;22-40-11
run_opt_test1_O3;2300000;48000;22-40-11
run_opt_test1_O3;2300000;48000;22-40-11
run_opt_test1_O3;2299976;48000;22-40-12
run_opt_test1_O3;2300023;48000;22-40-12
run_opt_test1_O3;2300000;48000;22-40-12
run_opt_test1_O3;2300023;48000;22-40-12
run_opt_test1_O3;2300023;48000;22-40-12
run_opt_test1_O3;2300000;48000;22-40-12
run_opt_test1_O3;2300000;50000;22-40-12
run_opt_test1_O3;2300000;50000;22-40-13
run_opt_test1_O3;2300000;50000;22-40-13
run_opt_test1_O3;2300023;50000;22-40-13
run_opt_test1_O3;2300023;50000;22-40-13
run_opt_test1_O3;2300000;50000;22-40-13
run_opt_test1_O3;2300000;50000;22-40-13
run_opt_test1_O3;2300000;48000;22-40-14
run_opt_test1_O3;2300023;48000;22-40-14
run_opt_test1_O3;2300000;48000;22-40-14
run_opt_test1_O3;2300000;48000;22-40-14
run_opt_test1_O3;2300000;48000;22-40-14
run_opt_test1_O3;2299976;48000;22-40-14
run_opt_test1_O3;2300000;48000;22-40-14
run_opt_test1_O3;2300000;50000;22-40-15
run_opt_test1_O3;2299976;50000;22-40-15
run_opt_test1_O3;2299976;50000;22-40-15
run_opt_test1_O3;2300000;50000;22-40-15
run_opt_test1_O3;2299976;50000;22-40-15
run_opt_test1_O3;2299976;50000;22-40-15
run_opt_test1_O3;2300000;50000;22-40-16
run_opt_test1_O3;2300023;50000;22-40-16
run_opt_test1_O3;2299976;50000;22-40-16
run_opt_test1_O3;2300000;50000;22-40-16
run_opt_test1_O3;2300000;50000;22-40-16
run_opt_test1_O3;2299976;50000;22-40-16
run_opt_test1_O3;2300000;50000;22-40-16
run_opt_test1_O3;2300000;50000;22-40-17
run_opt_test1_O3;2300000;50000;22-40-17
run_opt_test1_O3;2300000;50000;22-40-17
run_opt_test1_O3;2300023;50000;22-40-17
run_opt_test1_O3;2300000;50000;22-40-17
run_opt_test1_O3;2299976;50000;22-40-17
run_opt_test1_O3;2300000;50000;22-40-18
run_opt_test1_O3;2300023;50000;22-40-18
run_opt_test1_O3;2300000;50000;22-40-18
run_opt_test1_O3;2299976;50000;22-40-18
run_opt_test1_O3;2299976;50000;22-40-18
run_opt_test1_O3;2300023;50000;22-40-18
run_opt_test1_O3;2300023;50000;22-40-19
run_opt_test1_O3;2300000;50000;22-40-19
run_opt_test1_O3;2300000;50000;22-40-19
run_opt_test1_O3;2300023;50000;22-40-19
run_opt_test1_O3;2300023;50000;22-40-19
run_opt_test1_O3;2300000;50000;22-40-19
run_opt_test1_O3;2300000;50000;22-40-19
run_opt_test1_O3;2300046;50000;22-40-20
run_opt_test1_O3;2300000;50000;22-40-20
run_opt_test1_O3;2299976;50000;22-40-20
run_opt_test1_O3;2300000;50000;22-40-20
run_opt_test1_O3;2300000;50000;22-40-20
run_opt_test1_O3;2300000;50000;22-40-20
run_opt_test1_O3;2300000;50000;22-40-21
run_opt_test1_O3;2300000;50000;22-40-21
run_opt_test1_O3;2300000;50000;22-40-21
run_opt_test1_O3;2300023;50000;22-40-21
run_opt_test1_O3;2299976;48000;22-40-21
run_opt_test1_O3;2300000;48000;22-40-21
run_opt_test1_O3;2300023;48000;22-40-21
run_opt_test1_O3;2300000;48000;22-40-22
run_opt_test1_O3;2299976;48000;22-40-22
run_opt_test1_O3;2300000;48000;22-40-22
run_opt_test1_O3;2300000;48000;22-40-22
run_opt_test1_O3;2300023;50000;22-40-22
run_opt_test1_O3;2300000;50000;22-40-22
run_opt_test1_O3;2299976;50000;22-40-23
run_opt_test1_O3;2299976;50000;22-40-23
run_opt_test1_O3;2300000;50000;22-40-23
run_opt_test1_O3;2300000;50000;22-40-23
run_opt_test1_O3;2300000;50000;22-40-23
run_opt_test1_O3;2300000;50000;22-40-23
run_opt_test1_O3;2300000;50000;22-40-24
run_opt_test1_O3;2300023;50000;22-40-24
run_opt_test1_O3;2300000;50000;22-40-24
run_opt_test1_O3;2300000;50000;22-40-24
run_opt_test1_O3;2299976;50000;22-40-24
run_opt_test1_O3;2300000;50000;22-40-24
run_opt_test1_O3;2300000;50000;22-40-25
run_opt_test1_O3;2300000;50000;22-40-25
run_opt_test1_O3;2300046;50000;22-40-25
run_opt_test1_O3;2300023;50000;22-40-25
run_opt_test1_O3;2300000;50000;22-40-25
run_opt_test1_O3;2300000;50000;22-40-25
run_opt_test1_O3;2300000;50000;22-40-25
run_opt_test1_O3;2300000;48000;22-40-26
run_opt_test1_O3;2300000;48000;22-40-26
run_opt_test1_O3;2300000;48000;22-40-26
run_opt_test1_O3;2300000;48000;22-40-26
run_opt_test1_O3;2300000;48000;22-40-26
run_opt_test1_O3;2300046;48000;22-40-26
run_opt_test1_O3;2300000;48000;22-40-27
run_opt_test1_O3;2300000;50000;22-40-27
run_opt_test1_O3;2299976;50000;22-40-27
run_opt_test1_O3;2300000;50000;22-40-27
run_opt_test1_O3;2300000;50000;22-40-27
run_opt_test1_O3;2300023;50000;22-40-27
run_opt_test1_O3;2300000;50000;22-40-27
run_opt_test1_O3;2299976;50000;22-40-28
run_opt_test1_O3;2299976;50000;22-40-28
run_opt_test1_O3;2300023;50000;22-40-28
run_opt_test1_O3;2299976;50000;22-40-28
run_opt_test1_O3;2300000;50000;22-40-28
run_opt_test1_O3;2300000;50000;22-40-28
run_opt_test1_O3;2300000;50000;22-40-29
run_opt_test1_O3;2300000;50000;22-40-29
run_opt_test1_O3;2300000;50000;22-40-29
run_opt_test1_O3;2300000;50000;22-40-29
run_opt_test1_O3;2300000;50000;22-40-29
run_opt_test1_O3;2300000;50000;22-40-29
run_opt_test1_O3;2300000;50000;22-40-29
run_opt_test1_O3;2300000;50000;22-40-30
run_opt_test1_O3;2299976;50000;22-40-30
run_opt_test1_O3;2299976;48000;22-40-30
run_opt_test1_O3;2300000;48000;22-40-30
run_opt_test1_O3;2300000;48000;22-40-30
run_opt_test1_O3;2299976;48000;22-40-30
run_opt_test1_O3;2300000;48000;22-40-31
run_opt_test1_O3;2300000;48000;22-40-31
run_opt_test1_O3;2300000;48000;22-40-31
run_opt_test1_O3;2300023;50000;22-40-31
run_opt_test1_O3;2300000;50000;22-40-31
run_opt_test1_O3;2300000;50000;22-40-31
run_opt_test1_O3;2300000;50000;22-40-32
run_opt_test1_O3;2300000;50000;22-40-32
run_opt_test1_O3;2299976;50000;22-40-32
run_opt_test1_O3;2299976;50000;22-40-32
run_opt_test1_O3;2300000;48000;22-40-32
run_opt_test1_O3;2300000;48000;22-40-32
run_opt_test1_O3;2299976;48000;22-40-32
run_opt_test1_O3;2300000;48000;22-40-33
run_opt_test1_O3;2300000;48000;22-40-33
run_opt_test1_O3;2300000;48000;22-40-33
run_opt_test1_O3;2300000;48000;22-40-33
run_opt_test1_O3;2300000;48000;22-40-33
run_opt_test1_O3;2300023;48000;22-40-33
run_opt_test1_O3;2299976;48000;22-40-34
run_opt_test1_O3;2300023;48000;22-40-34
run_opt_test1_O3;2300000;48000;22-40-34
run_opt_test1_O3;2300000;48000;22-40-34
run_opt_test1_O3;2300000;48000;22-40-34
run_opt_test1_O3;2300000;48000;22-40-34
run_opt_test1_O3;2300000;48000;22-40-34
run_opt_test1_O3;2300000;48000;22-40-35
run_opt_test1_O3;2300000;48000;22-40-35
run_opt_test1_O3;2300000;48000;22-40-35
run_opt_test1_O3;2299976;48000;22-40-35
run_opt_test1_O3;2300023;48000;22-40-35
run_opt_test1_O3;2300000;50000;22-40-35
run_opt_test1_O3;2300023;50000;22-40-36
run_opt_test1_O3;2300000;50000;22-40-36
run_opt_test1_O3;2300000;50000;22-40-36
run_opt_test1_O3;2299976;50000;22-40-36
run_opt_test1_O3;2300000;50000;22-40-36
run_opt_test1_O3;2300000;50000;22-40-36
run_opt_test1_O3;2300000;48000;22-40-37
run_opt_test1_O3;2300000;48000;22-40-37
run_opt_test1_O3;2300000;48000;22-40-37
run_opt_test1_O3;2300000;48000;22-40-37
run_opt_test1_O3;2300000;48000;22-40-37
run_opt_test1_O3;2300000;48000;22-40-37
run_opt_test1_O3;2300000;48000;22-40-37
run_opt_test1_O3;2299976;48000;22-40-38
run_opt_test1_O3;2300000;48000;22-40-38
run_opt_test1_O3;2299976;48000;22-40-38
run_opt_test1_O3;2300000;48000;22-40-38
run_opt_test1_O3;2299976;48000;22-40-38
run_opt_test1_O3;2300000;48000;22-40-38
run_opt_test1_O3;2300000;48000;22-40-39
run_opt_test1_O3;2300000;50000;22-40-39
run_opt_test1_O3;2300000;50000;22-40-39
run_opt_test1_O3;2300023;50000;22-40-39
run_opt_test1_O3;2299976;50000;22-40-39
run_opt_test1_O3;2300000;50000;22-40-39
run_opt_test1_O3;2300000;50000;22-40-39
run_opt_test1_O3;2300000;50000;22-40-40
run_opt_test1_O3;2300000;48000;22-40-40
run_opt_test1_O3;2300023;48000;22-40-40
run_opt_test1_O3;2300023;48000;22-40-40
run_opt_test1_O3;2300000;48000;22-40-40
run_opt_test1_O3;2300023;48000;22-40-40
run_opt_test1_O3;2300000;48000;22-40-41
run_opt_test1_O3;2300000;48000;22-40-41
run_opt_test1_O3;2300023;50000;22-40-41
run_opt_test1_O3;2299976;50000;22-40-41
run_opt_test1_O3;2300000;50000;22-40-41
run_opt_test1_O3;2299976;50000;22-40-41
run_opt_test1_O3;2300000;50000;22-40-42
run_opt_test1_O3;2300000;50000;22-40-42
run_opt_test1_O3;2299976;50000;22-40-42
run_opt_test1_O3;2300000;50000;22-40-42
run_opt_test1_O3;2300000;50000;22-40-42
run_opt_test1_O3;2300184;50000;22-40-42
run_opt_test1_O3;2300000;50000;22-40-42
run_opt_test1_O3;2299976;50000;22-40-43
run_opt_test1_O3;2300000;50000;22-40-43
run_opt_test1_O3;2300023;50000;22-40-43
run_opt_test1_O3;2300023;50000;22-40-43
run_opt_test1_O3;2300000;50000;22-40-43
run_opt_test1_O3;2300000;50000;22-40-43
run_opt_test1_O3;2300023;50000;22-40-44
run_opt_test1_O3;2300000;50000;22-40-44
run_opt_test1_O3;2300000;50000;22-40-44
run_opt_test1_O3;2300000;50000;22-40-44
run_opt_test1_O3;2299976;48000;22-40-44
run_opt_test1_O3;2300000;48000;22-40-44
run_opt_test1_O3;2299976;48000;22-40-44
run_opt_test1_O3;2300000;48000;22-40-45
run_opt_test1_O3;2300000;48000;22-40-45
run_opt_test1_O3;2300000;48000;22-40-45
run_opt_test1_O3;2300000;48000;22-40-45
run_opt_test1_O3;2300000;50000;22-40-45
run_opt_test1_O3;2300000;50000;22-40-45
run_opt_test1_O3;2300000;50000;22-40-46
run_opt_test1_O3;2300000;50000;22-40-46
run_opt_test1_O3;2300000;50000;22-40-46
run_opt_test1_O3;2300000;50000;22-40-46
run_opt_test1_O3;2300000;50000;22-40-46
run_opt_test1_O3;2300000;48000;22-40-46
run_opt_test1_O3;2300023;48000;22-40-47
run_opt_test1_O3;2300023;48000;22-40-47
run_opt_test1_O3;2299976;48000;22-40-47
run_opt_test1_O3;2300000;48000;22-40-47
run_opt_test1_O3;2300023;48000;22-40-47
run_opt_test1_O3;2300000;48000;22-40-47
run_opt_test1_O3;2299976;50000;22-40-47
run_opt_test1_O3;2300023;50000;22-40-48
run_opt_test1_O3;2300023;50000;22-40-48
run_opt_test1_O3;2300000;50000;22-40-48
run_opt_test1_O3;2299976;50000;22-40-48
run_opt_test1_O3;2300000;50000;22-40-48
run_opt_test1_O3;2300000;50000;22-40-48
run_opt_test1_O3;2300000;50000;22-40-49
run_opt_test1_O3;2300000;50000;22-40-49
run_opt_test1_O3;2300023;50000;22-40-49
run_opt_test1_O3;2300000;50000;22-40-49
run_opt_test1_O3;2300000;50000;22-40-49
run_opt_test1_O3;2300000;50000;22-40-49
run_opt_test1_O3;2300000;50000;22-40-50
run_opt_test1_O3;2299976;50000;22-40-50
run_opt_test1_O3;2300000;50000;22-40-50
run_opt_test1_O3;2300000;50000;22-40-50
run_opt_test1_O3;2300000;50000;22-40-50
run_opt_test1_O3;2299976;50000;22-40-50
run_opt_test1_O3;2300000;50000;22-40-50
run_opt_test1_O3;2300000;50000;22-40-51
run_opt_test1_O3;2300000;50000;22-40-51
run_opt_test1_O3;2300000;50000;22-40-51
run_opt_test1_O3;2300000;50000;22-40-51
run_opt_test1_O3;2300000;50000;22-40-51
run_opt_test1_O3;2299976;50000;22-40-51
run_opt_test1_O3;2299976;50000;22-40-52
run_opt_test1_O3;2300000;50000;22-40-52
run_opt_test1_O3;2299976;50000;22-40-52
run_opt_test1_O3;2300000;50000;22-40-52
run_opt_test1_O3;2300000;50000;22-40-52
run_opt_test1_O3;2300000;50000;22-40-52
run_opt_test1_O3;2300000;50000;22-40-52
run_opt_test1_O3;2300000;50000;22-40-53
run_opt_test1_O3;2299976;50000;22-40-53
run_opt_test1_O3;2300000;48000;22-40-53
run_opt_test1_O3;2300000;48000;22-40-53
run_opt_test1_O3;2300000;48000;22-40-53
run_opt_test1_O3;2300000;48000;22-40-53
run_opt_test1_O3;2299976;48000;22-40-54
run_opt_test1_O3;2300000;48000;22-40-54
run_opt_test1_O3;2300000;48000;22-40-54
run_opt_test1_O3;2299976;48000;22-40-54
run_opt_test1_O3;2300023;48000;22-40-54
run_opt_test1_O3;2300000;48000;22-40-54
run_opt_test1_O3;2300000;48000;22-40-54
run_opt_test1_O3;2299976;48000;22-40-55
run_opt_test1_O3;2300000;48000;22-40-55
run_opt_test1_O3;2300000;48000;22-40-55
run_opt_test1_O3;2299976;48000;22-40-55
run_opt_test1_O3;2300000;48000;22-40-55
run_opt_test1_O3;2300000;48000;22-40-55
run_opt_test1_O3;2300000;48000;22-40-56
run_opt_test1_O3;2300000;48000;22-40-56
run_opt_test1_O3;2300000;48000;22-40-56
run_opt_test1_O3;2300000;48000;22-40-56
run_opt_test1_O3;2300023;50000;22-40-56
run_opt_test1_O3;2300000;50000;22-40-56
run_opt_test1_O3;2299976;50000;22-40-56
run_opt_test1_O3;2300000;50000;22-40-57
run_opt_test1_O3;2299976;50000;22-40-57
run_opt_test1_O3;2300000;50000;22-40-57
run_opt_test1_O3;2300000;50000;22-40-57
run_opt_test1_O3;2300000;50000;22-40-57
run_opt_test1_O3;2299976;50000;22-40-57
run_opt_test1_O3;2300000;50000;22-40-58
run_opt_test1_O3;2300023;50000;22-40-58
run_opt_test1_O3;2299976;50000;22-40-58
run_opt_test1_O3;2300000;50000;22-40-58
run_opt_test1_O3;2300000;50000;22-40-58
run_opt_test1_O3;2300000;48000;22-40-58
run_opt_test1_O3;2300000;48000;22-40-59
run_opt_test1_O3;2300000;48000;22-40-59
run_opt_test1_O3;2299976;48000;22-40-59
run_opt_test1_O3;2300000;48000;22-40-59
run_opt_test1_O3;2300000;48000;22-40-59
run_opt_test1_O3;2300023;48000;22-40-59
run_opt_test1_O3;2300000;50000;22-40-59
run_opt_test1_O3;2299976;50000;22-41-00
run_opt_test1_O3;2299976;50000;22-41-00
run_opt_test1_O3;2300000;50000;22-41-00
run_opt_test1_O3;2299976;50000;22-41-00
run_opt_test1_O3;2299976;50000;22-41-00
run_opt_test1_O3;2300000;50000;22-41-00
run_opt_test1_O3;2300000;48000;22-41-01
run_opt_test1_O3;2300023;48000;22-41-01
run_opt_test1_O3;2300000;48000;22-41-01
run_opt_test1_O3;2300023;48000;22-41-01
run_opt_test1_O3;2300000;48000;22-41-01
run_opt_test1_O3;2300000;48000;22-41-01
run_opt_test1_O3;2300000;48000;22-41-01
run_opt_test1_O3;2300000;48000;22-41-02
run_opt_test1_O3;2299976;48000;22-41-02
run_opt_test1_O3;2300000;48000;22-41-02
run_opt_test1_O3;2300000;48000;22-41-02
run_opt_test1_O3;2300000;48000;22-41-02
run_opt_test1_O3;2299976;48000;22-41-02
run_opt_test1_O3;2300000;48000;22-41-03
run_opt_test1_O3;2300000;48000;22-41-03
run_opt_test1_O3;2299976;48000;22-41-03
run_opt_test1_O3;2300000;48000;22-41-03
run_opt_test1_O3;2300000;48000;22-41-03
run_opt_test1_O3;2300000;48000;22-41-03
run_opt_test1_O3;2300023;48000;22-41-04
run_opt_test1_O3;2299976;48000;22-41-04
run_opt_test1_O3;2300023;50000;22-41-04
run_opt_test1_O3;2300000;50000;22-41-04
run_opt_test1_O3;2300000;50000;22-41-04
run_opt_test1_O3;2300023;50000;22-41-04
run_opt_test1_O3;3000000;50000;22-41-05
run_opt_test1_O3;2999969;50000;22-41-05
run_opt_test1_O3;3199967;50000;22-41-05
run_opt_test1_O3;2300000;50000;22-41-05
run_opt_test1_O3;2300000;50000;22-41-05
run_opt_test1_O3;2300000;50000;22-41-05
run_opt_test1_O3;2300023;50000;22-41-05
run_opt_test1_O3;2300000;50000;22-41-06
run_opt_test1_O3;2300000;50000;22-41-06
run_opt_test1_O3;2300000;50000;22-41-06
run_opt_test1_O3;2300023;48000;22-41-06
run_opt_test1_O3;2299976;48000;22-41-06
run_opt_test1_O3;2300023;48000;22-41-06
run_opt_test1_O3;2300000;48000;22-41-07
run_opt_test1_O3;2299976;48000;22-41-07
run_opt_test1_O3;2299976;48000;22-41-07
run_opt_test1_O3;2300000;48000;22-41-07
run_opt_test1_O3;2300023;50000;22-41-07
run_opt_test1_O3;2300000;50000;22-41-07
run_opt_test1_O3;2300023;50000;22-41-07
run_opt_test1_O3;2299976;50000;22-41-08
run_opt_test1_O3;2300000;50000;22-41-08
run_opt_test1_O3;2300023;50000;22-41-08
run_opt_test1_O3;2299976;50000;22-41-08
run_opt_test1_O3;2300023;48000;22-41-08
run_opt_test1_O3;2300000;48000;22-41-08
run_opt_test1_O3;2300000;48000;22-41-09
run_opt_test1_O3;2300000;48000;22-41-09
run_opt_test1_O3;2300000;48000;22-41-09
run_opt_test1_O3;2300000;48000;22-41-09
run_opt_test1_O3;2300000;48000;22-41-09
run_opt_test1_O3;2300000;48000;22-41-09
run_opt_test1_O3;2300000;48000;22-41-09
run_opt_test1_O3;2300000;48000;22-41-10
run_opt_test1_O3;2300023;48000;22-41-10
run_opt_test1_O3;2300000;48000;22-41-10
run_opt_test1_O3;2300000;48000;22-41-10
run_opt_test1_O3;2300023;48000;22-41-10
run_opt_test1_O3;2300023;50000;22-41-10
run_opt_test1_O3;2300000;50000;22-41-11
run_opt_test1_O3;2300000;50000;22-41-11
run_opt_test1_O3;2300023;50000;22-41-11
run_opt_test1_O3;2300000;50000;22-41-11
run_opt_test1_O3;2300023;50000;22-41-11
run_opt_test1_O3;2300000;50000;22-41-11
run_opt_test1_O3;2300000;50000;22-41-12
run_opt_test1_O3;2300000;50000;22-41-12
run_opt_test1_O3;2300023;50000;22-41-12
run_opt_test1_O3;2300023;50000;22-41-12
run_opt_test1_O3;2300000;50000;22-41-12
run_opt_test1_O3;2300000;50000;22-41-12
run_opt_test1_O3;2300000;50000;22-41-12
run_opt_test1_O3;2300000;50000;22-41-13
run_opt_test1_O3;2300000;50000;22-41-13
run_opt_test1_O3;2300000;50000;22-41-13
run_opt_test1_O3;2299976;50000;22-41-13
run_opt_test1_O3;2300000;50000;22-41-13
run_opt_test1_O3;2299953;50000;22-41-13
run_opt_test1_O3;2300023;50000;22-41-14
run_opt_test1_O3;2300000;48000;22-41-14
run_opt_test1_O3;2299976;48000;22-41-14
run_opt_test1_O3;2300000;48000;22-41-14
run_opt_test1_O3;2300000;48000;22-41-14
run_opt_test1_O3;2300000;48000;22-41-14
run_opt_test1_O3;2300000;48000;22-41-14
run_opt_test1_O3;2300000;48000;22-41-15
run_opt_test1_O3;2300000;50000;22-41-15
run_opt_test1_O3;2300023;50000;22-41-15
run_opt_test1_O3;2299976;50000;22-41-15
run_opt_test1_O3;2300000;50000;22-41-15
run_opt_test1_O3;2300000;50000;22-41-15
run_opt_test1_O3;2300000;50000;22-41-16
run_opt_test1_O3;2300023;50000;22-41-16
run_opt_test1_O3;2299976;48000;22-41-16
run_opt_test1_O3;2300000;48000;22-41-16
run_opt_test1_O3;2300000;48000;22-41-16
run_opt_test1_O3;2300000;48000;22-41-16
run_opt_test1_O3;2300000;48000;22-41-16
run_opt_test1_O3;2300000;48000;22-41-17
run_opt_test1_O3;2300000;48000;22-41-17
run_opt_test1_O3;2300000;50000;22-41-17
run_opt_test1_O3;2300000;50000;22-41-17
run_opt_test1_O3;2300023;50000;22-41-17
run_opt_test1_O3;2300000;50000;22-41-17
run_opt_test1_O3;2300000;50000;22-41-18
run_opt_test1_O3;2300000;50000;22-41-18
run_opt_test1_O3;2300023;50000;22-41-18
run_opt_test1_O3;2300000;48000;22-41-18
run_opt_test1_O3;2300000;48000;22-41-18
run_opt_test1_O3;2300000;48000;22-41-18
run_opt_test1_O3;2300000;48000;22-41-19
run_opt_test1_O3;2299976;48000;22-41-19
run_opt_test1_O3;2300023;48000;22-41-19
run_opt_test1_O3;2300000;48000;22-41-19
run_opt_test1_O3;2300000;48000;22-41-19
run_opt_test1_O3;2300000;48000;22-41-19
run_opt_test1_O3;2299976;48000;22-41-19
run_opt_test1_O3;2300023;48000;22-41-20
run_opt_test1_O3;2299976;48000;22-41-20
run_opt_test1_O3;2300023;48000;22-41-20
run_opt_test1_O3;2300000;48000;22-41-20
run_opt_test1_O3;2300000;48000;22-41-20
run_opt_test1_O3;2300023;48000;22-41-20
run_opt_test1_O3;2300000;48000;22-41-21
run_opt_test1_O3;2300023;48000;22-41-21
run_opt_test1_O3;2300000;48000;22-41-21
run_opt_test1_O3;2300023;48000;22-41-21
run_opt_test1_O3;2300023;48000;22-41-21
run_opt_test1_O3;2300000;48000;22-41-21
run_opt_test1_O3;2300000;48000;22-41-22
run_opt_test1_O3;2300000;48000;22-41-22
run_opt_test1_O3;2300023;48000;22-41-22
run_opt_test1_O3;2300000;48000;22-41-22
run_opt_test1_O3;2299976;48000;22-41-22
run_opt_test1_O3;2300000;48000;22-41-22
run_opt_test1_O3;2299976;48000;22-41-22
run_opt_test1_O3;2300000;48000;22-41-23
run_opt_test1_O3;2299976;48000;22-41-23
run_opt_test1_O3;2300023;48000;22-41-23
run_opt_test1_O3;2299976;48000;22-41-23
run_opt_test1_O3;2300000;48000;22-41-23
run_opt_test1_O3;2300000;48000;22-41-23
run_opt_test1_O3;2300000;48000;22-41-24
run_opt_test1_O3;2300000;48000;22-41-24
run_opt_test1_O3;2299976;48000;22-41-24
run_opt_test1_O3;2300000;48000;22-41-24
run_opt_test1_O3;2300000;48000;22-41-24
run_opt_test1_O3;2300000;48000;22-41-24
run_opt_test1_O3;2300000;48000;22-41-24
run_opt_test1_O3;2299976;48000;22-41-25
run_opt_test1_O3;2300000;48000;22-41-25
run_opt_test1_O3;2300000;48000;22-41-25
run_opt_test1_O3;2300000;48000;22-41-25
run_opt_test1_O3;2300000;48000;22-41-25
run_opt_test1_O3;2300000;48000;22-41-25
run_opt_test1_O3;2299976;48000;22-41-26
run_opt_test1_O3;2300000;48000;22-41-26
run_opt_test1_O3;2300023;48000;22-41-26
run_opt_test1_O3;2300000;48000;22-41-26
run_opt_test1_O3;2300000;48000;22-41-26
run_opt_test1_O3;2300000;48000;22-41-26
run_opt_test1_O3;2300000;48000;22-41-27
run_opt_test1_O3;2300000;48000;22-41-27
run_opt_test1_O3;2300023;48000;22-41-27
run_opt_test1_O3;2300000;48000;22-41-27
run_opt_test1_O3;2300023;48000;22-41-27
run_opt_test1_O3;2300023;48000;22-41-27
run_opt_test1_O3;2299976;48000;22-41-27
run_opt_test1_O3;2300000;48000;22-41-28
run_opt_test1_O3;2300000;48000;22-41-28
run_opt_test1_O3;2300000;50000;22-41-28
run_opt_test1_O3;2300000;50000;22-41-28
run_opt_test1_O3;2300000;50000;22-41-28
run_opt_test1_O3;2299976;50000;22-41-28
run_opt_test1_O3;2300000;50000;22-41-29
run_opt_test1_O3;2300000;50000;22-41-29
run_opt_test1_O3;2300000;50000;22-41-29
run_opt_test1_O3;2300000;50000;22-41-29
run_opt_test1_O3;2300000;50000;22-41-29
run_opt_test1_O3;2300000;50000;22-41-29
run_opt_test1_O3;2300000;50000;22-41-30
run_opt_test1_O3;2300000;50000;22-41-30
run_opt_test1_O3;2299976;50000;22-41-30
run_opt_test1_O3;2300000;50000;22-41-30
run_opt_test1_O3;2300000;50000;22-41-30
run_opt_test1_O3;2300023;50000;22-41-30
run_opt_test1_O3;2300000;50000;22-41-30
run_opt_test1_O3;2300023;50000;22-41-31
run_opt_test1_O3;2300023;50000;22-41-31
run_opt_test1_O3;2300000;50000;22-41-31
run_opt_test1_O3;2300023;50000;22-41-31
run_opt_test1_O3;2299976;48000;22-41-31
run_opt_test1_O3;2300000;48000;22-41-31
run_opt_test1_O3;2300000;48000;22-41-32
run_opt_test1_O3;2300000;48000;22-41-32
run_opt_test1_O3;2300000;48000;22-41-32
run_opt_test1_O3;2300000;48000;22-41-32
run_opt_test1_O3;2299976;48000;22-41-32
run_opt_test1_O3;2299976;50000;22-41-32
run_opt_test1_O3;2299976;50000;22-41-33
run_opt_test1_O3;2299976;50000;22-41-33
run_opt_test1_O3;2300000;50000;22-41-33
run_opt_test1_O3;2299976;50000;22-41-33
run_opt_test1_O3;2299976;50000;22-41-33
run_opt_test1_O3;2300000;50000;22-41-33
run_opt_test1_O3;2300023;48000;22-41-33
run_opt_test1_O3;2300000;48000;22-41-34
run_opt_test1_O3;2300023;48000;22-41-34
run_opt_test1_O3;2300023;48000;22-41-34
run_opt_test1_O3;2300000;48000;22-41-34
run_opt_test1_O3;2300000;48000;22-41-34
run_opt_test1_O3;2300000;48000;22-41-34
run_opt_test1_O3;2300000;48000;22-41-35
run_opt_test1_O3;2299976;48000;22-41-35
run_opt_test1_O3;2300000;48000;22-41-35
run_opt_test1_O3;2299976;48000;22-41-35
run_opt_test1_O3;2300000;48000;22-41-35
run_opt_test1_O3;2300000;48000;22-41-35
run_opt_test1_O3;2299976;48000;22-41-36
run_opt_test2_O3;2300000;60000;23-37-40
run_opt_test2_O3;2300000;60000;23-37-40
run_opt_test2_O3;2300000;60000;23-37-40
run_opt_test2_O3;2300000;60000;23-37-40
run_opt_test2_O3;2300032;60000;23-37-41
run_opt_test2_O3;2300000;60000;23-37-41
run_opt_test2_O3;2300000;52000;23-37-41
run_opt_test2_O3;2300000;52000;23-37-41
run_opt_test2_O3;2300000;52000;23-37-41
run_opt_test2_O3;2300023;52000;23-37-42
run_opt_test2_O3;2300000;52000;23-37-42
run_opt_test2_O3;2300000;52000;23-37-42
run_opt_test2_O3;2300000;52000;23-37-42
run_opt_test2_O3;2300000;52000;23-37-42
run_opt_test2_O3;2300023;52000;23-37-42
run_opt_test2_O3;2299976;52000;23-37-43
run_opt_test2_O3;2300000;52000;23-37-43
run_opt_test2_O3;2300000;52000;23-37-43
run_opt_test2_O3;2300000;52000;23-37-43
run_opt_test2_O3;2300000;52000;23-37-43
run_opt_test2_O3;2300000;52000;23-37-44
run_opt_test2_O3;2299976;52000;23-37-44
run_opt_test2_O3;2299976;52000;23-37-44
run_opt_test2_O3;2300000;52000;23-37-44
run_opt_test2_O3;2299976;52000;23-37-44
run_opt_test2_O3;2300000;52000;23-37-44
run_opt_test2_O3;2300000;52000;23-37-45
run_opt_test2_O3;2299976;52000;23-37-45
run_opt_test2_O3;2300000;52000;23-37-45
run_opt_test2_O3;2300000;52000;23-37-45
run_opt_test2_O3;2300000;52000;23-37-45
run_opt_test2_O3;2300000;52000;23-37-45
run_opt_test2_O3;2300000;52000;23-37-46
run_opt_test2_O3;2300000;52000;23-37-46
run_opt_test2_O3;2300000;52000;23-37-46
run_opt_test2_O3;2300046;52000;23-37-46
run_opt_test2_O3;2300000;52000;23-37-46
run_opt_test2_O3;2299976;52000;23-37-47
run_opt_test2_O3;2299976;52000;23-37-47
run_opt_test2_O3;2300000;52000;23-37-47
run_opt_test2_O3;2300000;52000;23-37-47
run_opt_test2_O3;2300000;52000;23-37-47
run_opt_test2_O3;2299976;52000;23-37-47
run_opt_test2_O3;2300023;52000;23-37-48
run_opt_test2_O3;2300000;52000;23-37-48
run_opt_test2_O3;2300000;52000;23-37-48
run_opt_test2_O3;2299976;52000;23-37-48
run_opt_test2_O3;2300023;52000;23-37-48
run_opt_test2_O3;2300023;52000;23-37-49
run_opt_test2_O3;2300000;52000;23-37-49
run_opt_test2_O3;2300023;52000;23-37-49
run_opt_test2_O3;2300023;52000;23-37-49
run_opt_test2_O3;2300000;52000;23-37-49
run_opt_test2_O3;2300000;52000;23-37-49
run_opt_test2_O3;2300000;54000;23-37-50
run_opt_test2_O3;2300000;54000;23-37-50
run_opt_test2_O3;2300000;54000;23-37-50
run_opt_test2_O3;2300000;54000;23-37-50
run_opt_test2_O3;2299976;54000;23-37-50
run_opt_test2_O3;2300000;54000;23-37-50
run_opt_test2_O3;2300000;54000;23-37-51
run_opt_test2_O3;2300000;54000;23-37-51
run_opt_test2_O3;2300000;54000;23-37-51
run_opt_test2_O3;2300000;54000;23-37-51
run_opt_test2_O3;2300023;54000;23-37-51
run_opt_test2_O3;2300000;54000;23-37-52
run_opt_test2_O3;2300000;54000;23-37-52
run_opt_test2_O3;2300000;54000;23-37-52
run_opt_test2_O3;2299976;54000;23-37-52
run_opt_test2_O3;2300000;54000;23-37-52
run_opt_test2_O3;2300000;54000;23-37-52
run_opt_test2_O3;2300000;54000;23-37-53
run_opt_test2_O3;2300023;54000;23-37-53
run_opt_test2_O3;2300023;54000;23-37-53
run_opt_test2_O3;2299976;54000;23-37-53
run_opt_test2_O3;2300023;54000;23-37-53
run_opt_test2_O3;2300023;54000;23-37-54
run_opt_test2_O3;2300000;54000;23-37-54
run_opt_test2_O3;2300023;54000;23-37-54
run_opt_test2_O3;2300000;54000;23-37-54
run_opt_test2_O3;2300000;54000;23-37-54
run_opt_test2_O3;2300000;54000;23-37-54
run_opt_test2_O3;2300000;54000;23-37-55
run_opt_test2_O3;2300046;54000;23-37-55
run_opt_test2_O3;2300000;54000;23-37-55
run_opt_test2_O3;2300000;54000;23-37-55
run_opt_test2_O3;2300000;54000;23-37-55
run_opt_test2_O3;2299976;54000;23-37-55
run_opt_test2_O3;2299976;54000;23-37-56
run_opt_test2_O3;2300000;54000;23-37-56
run_opt_test2_O3;2300000;54000;23-37-56
run_opt_test2_O3;2300000;54000;23-37-56
run_opt_test2_O3;2300023;54000;23-37-56
run_opt_test2_O3;2300000;54000;23-37-57
run_opt_test2_O3;2299976;54000;23-37-57
run_opt_test2_O3;2300023;54000;23-37-57
run_opt_test2_O3;2300000;56000;23-37-57
run_opt_test2_O3;2299976;56000;23-37-57
run_opt_test2_O3;2300000;56000;23-37-57
run_opt_test2_O3;2299976;56000;23-37-58
run_opt_test2_O3;2300000;56000;23-37-58
run_opt_test2_O3;2300000;56000;23-37-58
run_opt_test2_O3;2300000;56000;23-37-58
run_opt_test2_O3;2300000;56000;23-37-58
run_opt_test2_O3;2300000;56000;23-37-59
run_opt_test2_O3;2300000;56000;23-37-59
run_opt_test2_O3;2300000;56000;23-37-59
run_opt_test2_O3;2300000;56000;23-37-59
run_opt_test2_O3;2300000;54000;23-37-59
run_opt_test2_O3;2300000;54000;23-37-59
run_opt_test2_O3;2299976;54000;23-38-00
run_opt_test2_O3;2300000;54000;23-38-00
run_opt_test2_O3;2300000;54000;23-38-00
run_opt_test2_O3;2300000;54000;23-38-00
run_opt_test2_O3;2300000;56000;23-38-00
run_opt_test2_O3;2299976;56000;23-38-01
run_opt_test2_O3;2300000;56000;23-38-01
run_opt_test2_O3;2300000;56000;23-38-01
run_opt_test2_O3;2300000;56000;23-38-01
run_opt_test2_O3;2300000;56000;23-38-01
run_opt_test2_O3;2300000;56000;23-38-01
run_opt_test2_O3;2300000;56000;23-38-02
run_opt_test2_O3;2300000;56000;23-38-02
run_opt_test2_O3;2300000;56000;23-38-02
run_opt_test2_O3;2300000;56000;23-38-02
run_opt_test2_O3;2300000;56000;23-38-02
run_opt_test2_O3;2300000;56000;23-38-02
run_opt_test2_O3;2299976;56000;23-38-03
run_opt_test2_O3;2300000;56000;23-38-03
run_opt_test2_O3;2300000;56000;23-38-03
run_opt_test2_O3;2300000;56000;23-38-03
run_opt_test2_O3;2300000;56000;23-38-03
run_opt_test2_O3;2300023;56000;23-38-04
run_opt_test2_O3;2299976;56000;23-38-04
run_opt_test2_O3;2300023;56000;23-38-04
run_opt_test2_O3;2300000;56000;23-38-04
run_opt_test2_O3;2300000;56000;23-38-04
run_opt_test2_O3;2300023;56000;23-38-04
run_opt_test2_O3;2300000;56000;23-38-05
run_opt_test2_O3;2300000;56000;23-38-05
run_opt_test2_O3;2300000;56000;23-38-05
run_opt_test2_O3;2300000;56000;23-38-05
run_opt_test2_O3;2300000;56000;23-38-05
run_opt_test2_O3;2300000;56000;23-38-06
run_opt_test2_O3;2300000;56000;23-38-06
run_opt_test2_O3;2299976;56000;23-38-06
run_opt_test2_O3;2300000;56000;23-38-06
run_opt_test2_O3;2300000;56000;23-38-06
run_opt_test2_O3;2299976;56000;23-38-06
run_opt_test2_O3;2300023;56000;23-38-07
run_opt_test2_O3;2300023;56000;23-38-07
run_opt_test2_O3;2300000;56000;23-38-07
run_opt_test2_O3;2299976;56000;23-38-07
run_opt_test2_O3;2300000;56000;23-38-07
run_opt_test2_O3;2300000;56000;23-38-07
run_opt_test2_O3;2300000;56000;23-38-08
run_opt_test2_O3;2300000;56000;23-38-08
run_opt_test2_O3;2300023;56000;23-38-08
run_opt_test2_O3;2300000;56000;23-38-08
run_opt_test2_O3;2300000;56000;23-38-08
run_opt_test2_O3;2300000;56000;23-38-09
run_opt_test2_O3;2300000;56000;23-38-09
run_opt_test2_O3;2300000;56000;23-38-09
run_opt_test2_O3;2300000;56000;23-38-09
run_opt_test2_O3;2300023;56000;23-38-09
run_opt_test2_O3;2300000;56000;23-38-09
run_opt_test2_O3;2300000;56000;23-38-10
run_opt_test2_O3;2299976;56000;23-38-10
run_opt_test2_O3;2300023;56000;23-38-10
run_opt_test2_O3;2300023;56000;23-38-10
run_opt_test2_O3;2300000;56000;23-38-10
run_opt_test2_O3;2300000;56000;23-38-11
run_opt_test2_O3;2300000;56000;23-38-11
run_opt_test2_O3;2300000;56000;23-38-11
run_opt_test2_O3;2300000;56000;23-38-11
run_opt_test2_O3;2300000;56000;23-38-11
run_opt_test2_O3;2300023;56000;23-38-11
run_opt_test2_O3;2300000;56000;23-38-12
run_opt_test2_O3;2300000;56000;23-38-12
run_opt_test2_O3;2300000;56000;23-38-12
run_opt_test2_O3;2300000;56000;23-38-12
run_opt_test2_O3;2300000;56000;23-38-12
run_opt_test2_O3;2300000;56000;23-38-13
run_opt_test2_O3;2300000;56000;23-38-13
run_opt_test2_O3;2300023;56000;23-38-13
run_opt_test2_O3;2300000;56000;23-38-13
run_opt_test2_O3;2300000;58000;23-38-13
run_opt_test2_O3;2300000;58000;23-38-13
run_opt_test2_O3;2300000;58000;23-38-14
run_opt_test2_O3;2300000;58000;23-38-14
run_opt_test2_O3;2300023;58000;23-38-14
run_opt_test2_O3;2300023;58000;23-38-14
run_opt_test2_O3;2300000;56000;23-38-14
run_opt_test2_O3;2300000;56000;23-38-15
run_opt_test2_O3;2300000;56000;23-38-15
run_opt_test2_O3;2300000;56000;23-38-15
run_opt_test2_O3;2300000;56000;23-38-15
run_opt_test2_O3;2300000;56000;23-38-15
run_opt_test2_O3;2300000;56000;23-38-15
run_opt_test2_O3;2300023;56000;23-38-16
run_opt_test2_O3;2300000;56000;23-38-16
run_opt_test2_O3;2300000;56000;23-38-16
run_opt_test2_O3;2300000;56000;23-38-16
run_opt_test2_O3;2300000;56000;23-38-16
run_opt_test2_O3;2300000;56000;23-38-17
run_opt_test2_O3;2300000;56000;23-38-17
run_opt_test2_O3;2300000;56000;23-38-17
run_opt_test2_O3;2300023;56000;23-38-17
run_opt_test2_O3;2300000;56000;23-38-17
run_opt_test2_O3;2300023;56000;23-38-17
run_opt_test2_O3;2299976;56000;23-38-18
run_opt_test2_O3;2300000;56000;23-38-18
run_opt_test2_O3;2300000;56000;23-38-18
run_opt_test2_O3;2300023;56000;23-38-18
run_opt_test2_O3;2300000;56000;23-38-18
run_opt_test2_O3;2300000;56000;23-38-19
run_opt_test2_O3;2300023;54000;23-38-19
run_opt_test2_O3;2299976;54000;23-38-19
run_opt_test2_O3;2300000;54000;23-38-19
run_opt_test2_O3;2300184;54000;23-38-19
run_opt_test2_O3;2300000;54000;23-38-19
run_opt_test2_O3;2300023;54000;23-38-20
run_opt_test2_O3;2300023;56000;23-38-20
run_opt_test2_O3;2300000;56000;23-38-20
run_opt_test2_O3;2300000;56000;23-38-20
run_opt_test2_O3;2300184;56000;23-38-20
run_opt_test2_O3;2299977;56000;23-38-21
run_opt_test2_O3;2300000;56000;23-38-21
run_opt_test2_O3;2300000;56000;23-38-21
run_opt_test2_O3;2300000;56000;23-38-21
run_opt_test2_O3;2300000;56000;23-38-21
run_opt_test2_O3;2299976;56000;23-38-21
run_opt_test2_O3;2300000;56000;23-38-22
run_opt_test2_O3;2300000;56000;23-38-22
run_opt_test2_O3;2300023;56000;23-38-22
run_opt_test2_O3;2300000;56000;23-38-22
run_opt_test2_O3;2300023;56000;23-38-22
run_opt_test2_O3;2300000;56000;23-38-23
run_opt_test2_O3;2300023;56000;23-38-23
run_opt_test2_O3;2300000;56000;23-38-23
run_opt_test2_O3;2300000;54000;23-38-23
run_opt_test2_O3;2300000;54000;23-38-23
run_opt_test2_O3;2300023;54000;23-38-23
run_opt_test2_O3;2299953;54000;23-38-24
run_opt_test2_O3;2299976;54000;23-38-24
run_opt_test2_O3;2299976;54000;23-38-24
run_opt_test2_O3;2299976;54000;23-38-24
run_opt_test2_O3;2300000;54000;23-38-24
run_opt_test2_O3;2299976;54000;23-38-24
run_opt_test2_O3;2300000;54000;23-38-25
run_opt_test2_O3;2299976;54000;23-38-25
run_opt_test2_O3;2300000;54000;23-38-25
run_opt_test2_O3;2300000;54000;23-38-25
run_opt_test2_O3;2299976;54000;23-38-25
run_opt_test2_O3;2300000;54000;23-38-26
run_opt_test2_O3;2299953;54000;23-38-26
run_opt_test2_O3;2300000;54000;23-38-26
run_opt_test2_O3;2300000;54000;23-38-26
run_opt_test2_O3;2300023;54000;23-38-26
run_opt_test2_O3;2300000;54000;23-38-26
run_opt_test2_O3;2299976;54000;23-38-27
run_opt_test2_O3;2300000;54000;23-38-27
run_opt_test2_O3;2300000;54000;23-38-27
run_opt_test2_O3;2300000;54000;23-38-27
run_opt_test2_O3;2300000;54000;23-38-27
run_opt_test2_O3;2300000;54000;23-38-27
run_opt_test2_O3;2300000;54000;23-38-28
run_opt_test2_O3;2300000;54000;23-38-28
run_opt_test2_O3;2300000;54000;23-38-28
run_opt_test2_O3;2300000;54000;23-38-28
run_opt_test2_O3;2300000;52000;23-38-28
run_opt_test2_O3;2300023;52000;23-38-29
run_opt_test2_O3;2299976;52000;23-38-29
run_opt_test2_O3;2300000;52000;23-38-29
run_opt_test2_O3;2300000;52000;23-38-29
run_opt_test2_O3;2300000;52000;23-38-29
run_opt_test2_O3;2300000;54000;23-38-29
run_opt_test2_O3;2300000;54000;23-38-30
run_opt_test2_O3;2300023;54000;23-38-30
run_opt_test2_O3;2299976;54000;23-38-30
run_opt_test2_O3;2300000;54000;23-38-30
run_opt_test2_O3;2300000;54000;23-38-30
run_opt_test2_O3;2300023;54000;23-38-31
run_opt_test2_O3;2300046;54000;23-38-31
run_opt_test2_O3;2300000;54000;23-38-31
run_opt_test2_O3;2300000;54000;23-38-31
run_opt_test2_O3;2300000;54000;23-38-31
run_opt_test2_O3;2300000;54000;23-38-31
run_opt_test2_O3;2300023;54000;23-38-32
run_opt_test2_O3;2300000;54000;23-38-32
run_opt_test2_O3;2300023;54000;23-38-32
run_opt_test2_O3;2300000;54000;23-38-32
run_opt_test2_O3;2300000;54000;23-38-32
run_opt_test2_O3;2300000;54000;23-38-32
run_opt_test2_O3;2300023;54000;23-38-33
run_opt_test2_O3;2300000;54000;23-38-33
run_opt_test2_O3;2300000;54000;23-38-33
run_opt_test2_O3;2300000;54000;23-38-33
run_opt_test2_O3;2300000;54000;23-38-33
run_opt_test2_O3;2300000;54000;23-38-34
run_opt_test2_O3;2300000;54000;23-38-34
run_opt_test2_O3;2300000;54000;23-38-34
run_opt_test2_O3;2300023;54000;23-38-34
run_opt_test2_O3;2300000;54000;23-38-34
run_opt_test2_O3;2300000;54000;23-38-34
run_opt_test2_O3;2300000;54000;23-38-35
run_opt_test2_O3;2300000;52000;23-38-35
run_opt_test2_O3;2300000;52000;23-38-35
run_opt_test2_O3;2299976;52000;23-38-35
run_opt_test2_O3;2300000;52000;23-38-35
run_opt_test2_O3;2300000;52000;23-38-35
run_opt_test2_O3;2299976;52000;23-38-36
run_opt_test2_O3;2299976;52000;23-38-36
run_opt_test2_O3;2300023;52000;23-38-36
run_opt_test2_O3;2300023;52000;23-38-36
run_opt_test2_O3;2300000;52000;23-38-36
run_opt_test2_O3;2300000;52000;23-38-37
run_opt_test2_O3;2300000;52000;23-38-37
run_opt_test2_O3;2300000;52000;23-38-37
run_opt_test2_O3;2300000;52000;23-38-37
run_opt_test2_O3;2300000;52000;23-38-37
run_opt_test2_O3;2300000;52000;23-38-37
run_opt_test2_O3;2300000;52000;23-38-38
run_opt_test2_O3;2300000;52000;23-38-38
run_opt_test2_O3;2300000;52000;23-38-38
run_opt_test2_O3;2300000;52000;23-38-38
run_opt_test2_O3;2300000;52000;23-38-38
run_opt_test2_O3;2300000;52000;23-38-39
run_opt_test2_O3;2300023;52000;23-38-39
run_opt_test2_O3;2300023;52000;23-38-39
run_opt_test2_O3;2300000;54000;23-38-39
run_opt_test2_O3;2300000;54000;23-38-39
run_opt_test2_O3;2300023;54000;23-38-39
run_opt_test2_O3;2300000;54000;23-38-40
run_opt_test2_O3;2300000;54000;23-38-40
run_opt_test2_O3;2300000;54000;23-38-40
run_opt_test2_O3;2300000;52000;23-38-40
run_opt_test2_O3;2300023;52000;23-38-40
run_opt_test2_O3;2300000;52000;23-38-40
run_opt_test2_O3;2300000;52000;23-38-41
run_opt_test2_O3;2300000;52000;23-38-41
run_opt_test2_O3;2299976;52000;23-38-41
run_opt_test2_O3;2299976;52000;23-38-41
run_opt_test2_O3;2300046;52000;23-38-41
run_opt_test2_O3;2300000;52000;23-38-42
run_opt_test2_O3;2300023;52000;23-38-42
run_opt_test2_O3;2300000;52000;23-38-42
run_opt_test2_O3;2300000;52000;23-38-42
run_opt_test2_O3;2300000;52000;23-38-42
run_opt_test2_O3;2300023;52000;23-38-42
run_opt_test2_O3;2300000;52000;23-38-43
run_opt_test2_O3;2300023;52000;23-38-43
run_opt_test2_O3;2300000;52000;23-38-43
run_opt_test2_O3;2300000;52000;23-38-43
run_opt_test2_O3;2300000;52000;23-38-43
run_opt_test2_O3;2300023;52000;23-38-44
run_opt_test2_O3;2300000;52000;23-38-44
run_opt_test2_O3;2300000;52000;23-38-44
run_opt_test2_O3;2300000;52000;23-38-44
run_opt_test2_O3;2300000;52000;23-38-44
run_opt_test2_O3;2300000;52000;23-38-44
run_opt_test2_O3;2300000;52000;23-38-45
run_opt_test2_O3;2300000;52000;23-38-45
run_opt_test2_O3;2300000;52000;23-38-45
run_opt_test2_O3;2300000;52000;23-38-45
run_opt_test2_O3;2300000;52000;23-38-45
run_opt_test2_O3;2300000;52000;23-38-46
run_opt_test2_O3;2300000;52000;23-38-46
run_opt_test2_O3;2300000;52000;23-38-46
run_opt_test2_O3;2300000;52000;23-38-46
run_opt_test2_O3;2300000;52000;23-38-46
run_opt_test2_O3;2300000;52000;23-38-46
run_opt_test2_O3;2300023;52000;23-38-47
run_opt_test2_O3;2300000;52000;23-38-47
run_opt_test2_O3;2300000;52000;23-38-47
run_opt_test2_O3;2300000;52000;23-38-47
run_opt_test2_O3;2300000;52000;23-38-47
run_opt_test2_O3;2300000;52000;23-38-48
run_opt_test2_O3;2300000;52000;23-38-48
run_opt_test2_O3;2300023;52000;23-38-48
run_opt_test2_O3;2300023;52000;23-38-48
run_opt_test2_O3;2300000;52000;23-38-48
run_opt_test2_O3;2299976;52000;23-38-48
run_opt_test2_O3;2300000;52000;23-38-49
run_opt_test2_O3;2300000;52000;23-38-49
run_opt_test2_O3;2300000;52000;23-38-49
run_opt_test2_O3;2300000;52000;23-38-49
run_opt_test2_O3;2300000;52000;23-38-49
run_opt_test2_O3;2300000;52000;23-38-50
run_opt_test2_O3;2299976;52000;23-38-50
run_opt_test2_O3;2300000;52000;23-38-50
run_opt_test2_O3;2299976;52000;23-38-50
run_opt_test2_O3;2300000;52000;23-38-50
run_opt_test2_O3;2300023;52000;23-38-50
run_opt_test2_O3;2300000;52000;23-38-51
run_opt_test2_O3;2299976;52000;23-38-51
run_opt_test2_O3;2300023;52000;23-38-51
run_opt_test2_O3;2300023;52000;23-38-51
run_opt_test2_O3;2299976;52000;23-38-51
run_opt_test2_O3;2300023;52000;23-38-51
run_opt_test2_O3;2300000;52000;23-38-52
run_opt_test2_O3;2300000;52000;23-38-52
run_opt_test2_O3;2300000;52000;23-38-52
run_opt_test2_O3;2300000;52000;23-38-52
run_opt_test2_O3;2300000;52000;23-38-52
run_opt_test2_O3;2300023;52000;23-38-52
run_opt_test2_O3;2300000;52000;23-38-53
run_opt_test2_O3;2300000;52000;23-38-53
run_opt_test2_O3;2300000;52000;23-38-53
run_opt_test2_O3;2300000;52000;23-38-53
run_opt_test2_O3;2300000;52000;23-38-53
run_opt_test2_O3;2300000;52000;23-38-54
run_opt_test2_O3;2300000;52000;23-38-54
run_opt_test2_O3;2300023;52000;23-38-54
run_opt_test2_O3;2300046;52000;23-38-54
run_opt_test2_O3;2300023;52000;23-38-54
run_opt_test2_O3;2300000;52000;23-38-54
run_opt_test2_O3;2300023;52000;23-38-55
run_opt_test2_O3;2300000;52000;23-38-55
run_opt_test2_O3;2300000;52000;23-38-55
run_opt_test2_O3;2300000;52000;23-38-55
run_opt_test2_O3;2300000;52000;23-38-55
run_opt_test2_O3;2300000;52000;23-38-55
run_opt_test2_O3;2300000;52000;23-38-56
run_opt_test2_O3;2300000;52000;23-38-56
run_opt_test2_O3;2300000;52000;23-38-56
run_opt_test2_O3;2300000;52000;23-38-56
run_opt_test2_O3;2299976;52000;23-38-56
run_opt_test2_O3;2299976;52000;23-38-57
run_opt_test2_O3;2300023;52000;23-38-57
run_opt_test2_O3;2299976;52000;23-38-57
run_opt_test2_O3;2300000;52000;23-38-57
run_opt_test2_O3;2300000;52000;23-38-57
run_opt_test2_O3;2300000;52000;23-38-58
run_opt_test2_O3;2300023;52000;23-38-58
run_opt_test2_O3;2300000;52000;23-38-58
run_opt_test2_O3;2300000;52000;23-38-58
run_opt_test2_O3;2300023;52000;23-38-58
run_opt_test2_O3;2300000;52000;23-38-58
run_opt_test2_O3;2300161;52000;23-38-59
run_opt_test2_O3;2300000;52000;23-38-59
run_opt_test2_O3;2300000;52000;23-38-59
run_opt_test2_O3;2300023;52000;23-38-59
run_opt_test2_O3;2299976;52000;23-38-59
run_opt_test2_O3;2300000;52000;23-38-59
run_opt_test2_O3;2300000;52000;23-39-00
run_opt_test2_O3;2300000;52000;23-39-00
run_opt_test2_O3;2300000;52000;23-39-00
run_opt_test2_O3;2300000;52000;23-39-00
run_opt_test2_O3;2299976;52000;23-39-00
run_opt_test2_O3;2300046;52000;23-39-01
run_opt_test2_O3;2300000;52000;23-39-01
run_opt_test2_O3;2300023;52000;23-39-01
run_opt_test2_O3;2300000;52000;23-39-01
run_opt_test2_O3;2300000;52000;23-39-01
run_opt_test2_O3;2300023;52000;23-39-01
run_opt_test2_O3;2300000;52000;23-39-02
run_opt_test2_O3;2300000;52000;23-39-02
run_opt_test2_O3;2300000;52000;23-39-02
run_opt_test2_O3;2300000;52000;23-39-02
run_opt_test2_O3;2300000;52000;23-39-02
run_opt_test2_O3;2300000;52000;23-39-02
run_opt_test2_O3;2300000;52000;23-39-03
run_opt_test2_O3;2300000;52000;23-39-03
run_opt_test2_O3;2300000;52000;23-39-03
run_opt_test2_O3;2300000;52000;23-39-03
run_opt_test2_O3;2300000;52000;23-39-03
run_opt_test2_O3;2300000;52000;23-39-04
run_opt_test2_O3;2300000;52000;23-39-04
run_opt_test2_O3;2300000;52000;23-39-04
run_opt_test2_O3;2299976;52000;23-39-04
run_opt_test2_O3;2300000;52000;23-39-04
run_opt_test2_O3;2300000;52000;23-39-04
run_opt_test2_O3;2300000;52000;23-39-05
run_opt_test2_O3;2300000;50000;23-39-05
run_opt_test2_O3;2300000;50000;23-39-05
run_opt_test2_O3;2300000;50000;23-39-05
run_opt_test2_O3;2300000;50000;23-39-05
run_opt_test2_O3;2300000;50000;23-39-06
run_opt_test2_O3;2300023;50000;23-39-06
run_opt_test2_O3;2300023;50000;23-39-06
run_opt_test2_O3;2299976;50000;23-39-06
run_opt_test2_O3;2300000;50000;23-39-06
run_opt_test2_O3;2300000;50000;23-39-06
run_opt_test2_O3;2300000;50000;23-39-07
run_opt_test2_O3;2299976;50000;23-39-07
run_opt_test2_O3;2299976;50000;23-39-07
run_opt_test2_O3;2300000;50000;23-39-07
run_opt_test2_O3;2300000;50000;23-39-07
run_opt_test2_O3;2300000;50000;23-39-08
run_opt_test2_O3;2300000;50000;23-39-08
run_opt_test2_O3;2299976;50000;23-39-08
run_opt_test2_O3;2300023;52000;23-39-08
run_opt_test2_O3;2300000;52000;23-39-08
run_opt_test2_O3;2300000;52000;23-39-08
run_opt_test2_O3;2300000;52000;23-39-09
run_opt_test2_O3;2300000;52000;23-39-09
run_opt_test2_O3;2299976;52000;23-39-09
run_opt_test2_O3;2299976;50000;23-39-09
run_opt_test2_O3;2300000;50000;23-39-09
run_opt_test2_O3;2300000;50000;23-39-09
run_opt_test2_O3;2300000;50000;23-39-10
run_opt_test2_O3;2300000;50000;23-39-10
run_opt_test2_O3;2299976;50000;23-39-10
run_opt_test2_O3;2300000;52000;23-39-10
run_opt_test2_O3;2300023;52000;23-39-10
run_opt_test2_O3;2300000;52000;23-39-11
run_opt_test2_O3;2299976;52000;23-39-11
run_opt_test2_O3;2300000;52000;23-39-11
run_opt_test2_O3;2299976;52000;23-39-11
run_opt_test2_O3;2300023;50000;23-39-11
run_opt_test2_O3;2300000;50000;23-39-11
run_opt_test2_O3;2300000;50000;23-39-12
run_opt_test2_O3;2300000;50000;23-39-12
run_opt_test2_O3;2300046;50000;23-39-12
run_opt_test2_O3;2300000;50000;23-39-12
run_opt_test2_O3;2300000;50000;23-39-12
run_opt_test2_O3;2300000;50000;23-39-13
run_opt_test2_O3;2300023;50000;23-39-13
run_opt_test2_O3;2300023;50000;23-39-13
run_opt_test2_O3;2300000;50000;23-39-13
run_opt_test2_O3;2300000;50000;23-39-13
run_opt_test2_O3;2300000;50000;23-39-13
run_opt_test2_O3;2300000;50000;23-39-14
run_opt_test2_O3;2300000;50000;23-39-14
run_opt_test2_O3;2300000;50000;23-39-14
run_opt_test2_O3;2299976;50000;23-39-14
run_opt_test2_O3;2300000;50000;23-39-14
run_opt_test2_O3;2300000;50000;23-39-14
run_opt_test2_O3;2300000;50000;23-39-15
run_opt_test2_O3;2300000;50000;23-39-15
run_opt_test2_O3;2300000;50000;23-39-15
run_opt_test2_O3;2300022;50000;23-39-15
run_opt_test2_O3;2300000;50000;23-39-15
run_opt_test2_O3;2300000;50000;23-39-16
run_opt_test2_O3;2300000;50000;23-39-16
run_opt_test2_O3;2300023;50000;23-39-16
run_opt_test2_O3;2300000;50000;23-39-16
run_opt_test2_O3;2300000;50000;23-39-16
run_opt_test2_O3;2300000;50000;23-39-16
run_opt_test2_O3;2299976;50000;23-39-17
run_opt_test2_O3;2300000;50000;23-39-17
run_opt_test2_O3;2300000;50000;23-39-17
run_opt_test2_O3;2300000;50000;23-39-17
run_opt_test2_O3;2299976;50000;23-39-17
run_opt_test2_O3;2300000;50000;23-39-18
run_opt_test2_O3;2300000;50000;23-39-18
run_opt_test2_O3;2300000;50000;23-39-18
run_opt_test2_O3;2300000;50000;23-39-18
run_opt_test2_O3;2300000;50000;23-39-18
run_opt_test2_O3;2300023;50000;23-39-18
run_opt_test2_O3;2300000;50000;23-39-19
run_opt_test2_O3;2300000;52000;23-39-19
run_opt_test2_O3;2300000;52000;23-39-19
run_opt_test2_O3;2300000;52000;23-39-19
run_opt_test2_O3;2299976;52000;23-39-19
run_opt_test2_O3;2300000;52000;23-39-19
run_opt_test2_O3;2300000;52000;23-39-20
run_opt_test2_O3;2300000;50000;23-39-20
run_opt_test2_O3;2300000;50000;23-39-20
run_opt_test2_O3;2300000;50000;23-39-20
run_opt_test2_O3;2300000;50000;23-39-20
run_opt_test2_O3;2300000;50000;23-39-21
run_opt_test2_O3;2300000;50000;23-39-21
run_opt_test2_O3;2300000;50000;23-39-21
run_opt_test2_O3;2299976;50000;23-39-21
run_opt_test2_O3;2300000;50000;23-39-21
run_opt_test2_O3;2300000;50000;23-39-21
run_opt_test2_O3;2300000;50000;23-39-22
run_opt_test2_O3;2300000;50000;23-39-22
run_opt_test2_O3;2300000;52000;23-39-22
run_opt_test2_O3;2300000;52000;23-39-22
run_opt_test2_O3;2300000;52000;23-39-22
run_opt_test2_O3;2300000;52000;23-39-23
run_opt_test2_O3;2300000;52000;23-39-23
run_opt_test2_O3;2300023;52000;23-39-23
run_opt_test2_O3;2300023;50000;23-39-23
run_opt_test2_O3;2300000;50000;23-39-23
run_opt_test2_O3;2300000;50000;23-39-23
run_opt_test2_O3;2300000;50000;23-39-24
run_opt_test2_O3;2300000;50000;23-39-24
run_opt_test2_O3;2300000;50000;23-39-24
run_opt_test2_O3;2300000;50000;23-39-24
run_opt_test2_O3;2299976;50000;23-39-24
run_opt_test2_O3;2300000;50000;23-39-25
run_opt_test2_O3;2300000;50000;23-39-25
run_opt_test2_O3;2300000;50000;23-39-25
run_opt_test2_O3;2299953;50000;23-39-25
run_opt_test2_O3;2300000;50000;23-39-25
run_opt_test2_O3;2300000;50000;23-39-25
run_opt_test2_O3;2300000;50000;23-39-26
run_opt_test2_O3;2300000;50000;23-39-26
run_opt_test2_O3;2300000;50000;23-39-26
run_opt_test2_O3;2300000;50000;23-39-26
run_opt_test2_O3;2299976;52000;23-39-26
run_opt_test2_O3;2300000;52000;23-39-26
run_opt_test2_O3;2300023;52000;23-39-27
run_opt_test2_O3;2300000;52000;23-39-27
run_opt_test2_O3;2300023;52000;23-39-27
run_opt_test2_O3;2300000;52000;23-39-27
run_opt_test2_O3;2300000;50000;23-39-27
run_opt_test2_O3;2299976;50000;23-39-28
run_opt_test2_O3;2300023;50000;23-39-28
run_opt_test2_O3;2300000;50000;23-39-28
run_opt_test2_O3;2300000;50000;23-39-28
run_opt_test2_O3;2300000;50000;23-39-28
run_opt_test2_O3;2300000;50000;23-39-28
run_opt_test2_O3;2300023;50000;23-39-29
run_opt_test2_O3;2300000;50000;23-39-29
run_opt_test2_O3;2300000;50000;23-39-29
run_opt_test2_O3;2299976;50000;23-39-29
run_opt_test2_O3;2300023;50000;23-39-29
run_opt_test2_O3;2300000;50000;23-39-30
run_opt_test2_O3;2300000;50000;23-39-30
run_opt_test2_O3;2299976;50000;23-39-30
run_opt_test2_O3;2300000;50000;23-39-30
run_opt_test2_O3;2299976;50000;23-39-30
run_opt_test2_O3;2300023;50000;23-39-30
run_opt_test2_O3;2300000;50000;23-39-31
run_opt_test2_O3;2300000;50000;23-39-31
run_opt_test2_O3;2300000;50000;23-39-31
run_opt_test2_O3;2300000;50000;23-39-31
run_opt_test2_O3;2300000;50000;23-39-31
run_opt_test2_O3;2300000;50000;23-39-31
run_opt_test2_O3;2299976;50000;23-39-32
run_opt_test2_O3;2300000;50000;23-39-32
run_opt_test2_O3;2300000;50000;23-39-32
run_opt_test2_O3;2299976;50000;23-39-32
run_opt_test2_O3;2300000;50000;23-39-32
run_opt_test2_O3;2300000;50000;23-39-33
run_opt_test2_O3;2300000;50000;23-39-33
run_opt_test2_O3;2300000;50000;23-39-33
run_opt_test2_O3;2300000;50000;23-39-33
run_opt_test2_O3;2300000;50000;23-39-33
run_opt_test2_O3;2300000;50000;23-39-33
run_opt_test2_O3;2300000;50000;23-39-34
run_opt_test2_O3;2299976;50000;23-39-34
run_opt_test2_O3;2300023;50000;23-39-34
run_opt_test2_O3;2300023;50000;23-39-34
run_opt_test2_O3;2300000;50000;23-39-34
run_opt_test2_O3;2300023;50000;23-39-35
run_opt_test2_O3;2300000;50000;23-39-35
run_opt_test2_O3;2300000;50000;23-39-35
run_opt_test2_O3;2300000;50000;23-39-35
run_opt_test2_O3;2300023;50000;23-39-35
run_opt_test2_O3;2299976;50000;23-39-35
run_opt_test2_O3;2300023;50000;23-39-36
run_opt_test2_O3;2300000;50000;23-39-36
run_opt_test2_O3;2300000;50000;23-39-36
run_opt_test2_O3;2299976;50000;23-39-36
run_opt_test2_O3;2300000;50000;23-39-36
run_opt_test2_O3;2300000;50000;23-39-37
run_opt_test2_O3;2300000;50000;23-39-37
run_opt_test2_O3;2300023;50000;23-39-37
run_opt_test2_O3;2300000;50000;23-39-37
run_opt_test2_O3;2299976;50000;23-39-37
run_opt_test2_O3;2300000;50000;23-39-37
run_opt_test2_O3;2299976;50000;23-39-38
run_opt_test2_O3;2300000;50000;23-39-38
run_opt_test2_O3;2300000;50000;23-39-38
run_opt_test2_O3;2300000;50000;23-39-38
run_opt_test2_O3;2300000;50000;23-39-38
run_opt_test2_O3;2300000;50000;23-39-39
run_opt_test2_O3;2299976;50000;23-39-39
run_opt_test2_O3;2300023;50000;23-39-39
run_opt_test2_O3;2300000;50000;23-39-39
run_opt_test2_O3;2300000;50000;23-39-39
run_opt_test2_O3;2300000;50000;23-39-39
run_opt_test2_O3;2300000;50000;23-39-40
run_opt_test2_O3;2300000;50000;23-39-40
run_opt_test2_O3;2300000;50000;23-39-40
run_opt_test2_O3;2300023;50000;23-39-40
run_opt_test2_O3;2300000;50000;23-39-40
run_opt_test2_O3;2299976;50000;23-39-41
run_opt_test2_O3;2300000;50000;23-39-41
run_opt_test2_O3;2300000;50000;23-39-41
run_opt_test2_O3;2299976;50000;23-39-41
run_opt_test2_O3;2300000;50000;23-39-41
run_opt_test2_O3;2300000;50000;23-39-41
run_opt_test2_O3;2300000;50000;23-39-42
run_opt_test2_O3;2300000;50000;23-39-42
run_opt_test2_O3;2300000;50000;23-39-42
run_opt_test2_O3;2300000;50000;23-39-42
run_opt_test2_O3;2300000;50000;23-39-42
run_opt_test2_O3;2300000;50000;23-39-42
run_opt_test2_O3;2300000;50000;23-39-43
run_opt_test2_O3;2300000;50000;23-39-43
run_opt_test2_O3;2300023;50000;23-39-43
run_opt_test2_O3;2300000;50000;23-39-43
run_opt_test2_O3;2300000;50000;23-39-43
run_opt_test2_O3;2300000;50000;23-39-44
run_opt_test2_O3;2300000;50000;23-39-44
run_opt_test2_O3;2300000;50000;23-39-44
run_opt_test2_O3;2299976;50000;23-39-44
run_opt_test2_O3;2300000;50000;23-39-44
run_opt_test2_O3;2300000;50000;23-39-44
run_opt_test2_O3;2300000;50000;23-39-45
run_opt_test2_O3;2300000;50000;23-39-45
run_opt_test2_O3;2300023;50000;23-39-45
run_opt_test2_O3;2300000;50000;23-39-45
run_opt_test2_O3;2300000;50000;23-39-45
run_opt_test2_O3;2299976;50000;23-39-46
run_opt_test2_O3;2300023;50000;23-39-46
run_opt_test2_O3;2300023;50000;23-39-46
run_opt_test2_O3;2300000;50000;23-39-46
run_opt_test2_O3;2300000;50000;23-39-46
run_opt_test2_O3;2300000;50000;23-39-46
run_opt_test2_O3;2300000;50000;23-39-47
run_opt_test2_O3;2299976;50000;23-39-47
run_opt_test2_O3;2300000;50000;23-39-47
run_opt_test2_O3;2300000;50000;23-39-47
run_opt_test2_O3;2300000;50000;23-39-47
run_opt_test2_O3;2370162;54000;23-39-50
run_opt_test2_O3;2300000;54000;23-39-51
run_opt_test2_O3;2399966;54000;23-39-51
run_opt_test2_O3;2300000;54000;23-39-51
run_opt_test2_O3;2300000;54000;23-39-51
run_opt_test2_O3;2300000;54000;23-39-51
run_opt_test2_O3;2300023;50000;23-39-52
run_opt_test2_O3;2300000;50000;23-39-52
run_opt_test2_O3;2300000;50000;23-39-52
run_opt_test2_O3;2299976;50000;23-39-52
run_opt_test2_O3;2300000;50000;23-39-52
run_opt_test2_O3;2299976;50000;23-39-52
run_opt_test2_O3;2299976;50000;23-39-53
run_opt_test2_O3;2299976;50000;23-39-53
run_opt_test2_O3;2300023;50000;23-39-53
run_opt_test2_O3;2300000;50000;23-39-53
run_opt_test2_O3;2300023;50000;23-39-53
run_opt_test2_O3;2300000;50000;23-39-54
run_opt_test2_O3;2300000;50000;23-39-54
run_opt_test2_O3;2300000;50000;23-39-54
run_opt_test2_O3;2300000;50000;23-39-54
run_opt_test2_O3;2300000;50000;23-39-54
run_opt_test2_O3;2300000;50000;23-39-54
run_opt_test2_O3;2299976;50000;23-39-55
run_opt_test2_O3;2300000;52000;23-39-55
run_opt_test2_O3;2299976;52000;23-39-55
run_opt_test2_O3;2300000;52000;23-39-55
run_opt_test2_O3;2300000;52000;23-39-55
run_opt_test2_O3;2300023;52000;23-39-56
run_opt_test2_O3;2300023;52000;23-39-56
run_opt_test2_O3;2300000;50000;23-39-56
run_opt_test2_O3;2300000;50000;23-39-56
run_opt_test2_O3;2300000;50000;23-39-56
run_opt_test2_O3;2300023;50000;23-39-56
run_opt_test2_O3;2300000;50000;23-39-57
run_opt_test2_O3;2300000;50000;23-39-57
run_opt_test2_O3;2300000;50000;23-39-57
run_opt_test2_O3;2300000;50000;23-39-57
run_opt_test2_O3;2300000;50000;23-39-57
run_opt_test2_O3;2300023;50000;23-39-58
run_opt_test2_O3;2300000;50000;23-39-58
run_opt_test2_O3;2300000;50000;23-39-58
run_opt_test2_O3;2300000;50000;23-39-58
run_opt_test2_O3;2299976;50000;23-39-58
run_opt_test2_O3;2300000;50000;23-39-58
run_opt_test2_O3;2300000;50000;23-39-59
run_opt_test2_O3;2300000;50000;23-39-59
run_opt_test2_O3;2300023;50000;23-39-59
run_opt_test2_O3;2300023;50000;23-39-59
run_opt_test2_O3;2300000;50000;23-39-59
run_opt_test2_O3;2300000;50000;23-40-00
run_opt_test2_O3;2300000;50000;23-40-00
run_opt_test2_O3;2300000;50000;23-40-00
run_opt_test2_O3;2300000;50000;23-40-00
run_opt_test2_O3;2300023;50000;23-40-00
run_opt_test2_O3;2299976;50000;23-40-01
run_opt_test2_O3;2300023;50000;23-40-01
run_opt_test2_O3;2300000;50000;23-40-01
run_opt_test2_O3;2299976;50000;23-40-01
run_opt_test2_O3;2300000;50000;23-40-01
run_opt_test2_O3;2300023;50000;23-40-01
run_opt_test2_O3;2300000;50000;23-40-02
run_opt_test2_O3;2300000;50000;23-40-02
run_opt_test2_O3;2300023;50000;23-40-02
run_opt_test2_O3;2300023;50000;23-40-02
run_opt_test2_O3;2299976;50000;23-40-02
run_opt_test2_O3;2300000;50000;23-40-03
run_opt_test2_O3;2299976;50000;23-40-03
run_opt_test2_O3;2300000;50000;23-40-03
run_opt_test2_O3;2300000;50000;23-40-03
run_opt_test2_O3;2300023;50000;23-40-03
run_opt_test2_O3;2300000;50000;23-40-03
run_opt_test2_O3;2300023;50000;23-40-04
run_opt_test2_O3;2300000;50000;23-40-04
run_opt_test2_O3;2300000;50000;23-40-04
run_opt_test2_O3;2300000;50000;23-40-04
run_opt_test2_O3;2300023;50000;23-40-04
run_opt_test2_O3;2300000;50000;23-40-05
run_opt_test2_O3;2299976;50000;23-40-05
run_opt_test2_O3;2299976;50000;23-40-05
run_opt_test2_O3;2300023;50000;23-40-05
run_opt_test2_O3;2300000;50000;23-40-05
run_opt_test2_O3;2300000;50000;23-40-05
run_opt_test2_O3;2300000;50000;23-40-06
run_opt_test2_O3;2300023;50000;23-40-06
run_opt_test2_O3;2299976;50000;23-40-06
run_opt_test2_O3;2299976;50000;23-40-06
run_opt_test2_O3;2300000;50000;23-40-06
run_opt_test2_O3;2300023;50000;23-40-06
run_opt_test2_O3;2300000;50000;23-40-07
run_opt_test2_O3;2300000;50000;23-40-07
run_opt_test2_O3;2300000;50000;23-40-07
run_opt_test2_O3;2300046;50000;23-40-07
run_opt_test2_O3;2299976;50000;23-40-07
run_opt_test2_O3;2299976;50000;23-40-08
run_opt_test2_O3;2300000;50000;23-40-08
run_opt_test2_O3;2300023;52000;23-40-08
run_opt_test2_O3;2300000;52000;23-40-08
run_opt_test2_O3;2300000;52000;23-40-08
run_opt_test2_O3;2300000;52000;23-40-09
run_opt_test2_O3;2300023;52000;23-40-09
run_opt_test2_O3;2299976;52000;23-40-09
run_opt_test2_O3;2300000;50000;23-40-09
run_opt_test2_O3;2299976;50000;23-40-09
run_opt_test2_O3;2300000;50000;23-40-09
run_opt_test2_O3;2300000;50000;23-40-10
run_opt_test2_O3;2300023;50000;23-40-10
run_opt_test2_O3;2300000;50000;23-40-10
run_opt_test2_O3;2300023;48000;23-40-10
run_opt_test2_O3;2299976;48000;23-40-10
run_opt_test2_O3;2299976;48000;23-40-11
run_opt_test2_O3;2299976;48000;23-40-11
run_opt_test2_O3;2300000;48000;23-40-11
run_opt_test2_O3;2300000;48000;23-40-11
run_opt_test2_O3;2299976;50000;23-40-11
run_opt_test2_O3;2300000;50000;23-40-11
run_opt_test2_O3;2300000;50000;23-40-12
run_opt_test2_O3;2300000;50000;23-40-12
run_opt_test2_O3;2300000;50000;23-40-12
run_opt_test2_O3;2299976;50000;23-40-12
run_opt_test2_O3;2300000;50000;23-40-12
run_opt_test2_O3;2299976;50000;23-40-13
run_opt_test2_O3;2299953;50000;23-40-13
run_opt_test2_O3;2300000;50000;23-40-13
run_opt_test2_O3;2300023;50000;23-40-13
run_opt_test2_O3;2300000;50000;23-40-13
run_opt_test2_O3;2300000;50000;23-40-13
run_opt_test2_O3;2300000;50000;23-40-14
run_opt_test2_O3;2300000;50000;23-40-14
run_opt_test2_O3;2300000;50000;23-40-14
run_opt_test2_O3;2299976;50000;23-40-14
run_opt_test2_O3;2300000;50000;23-40-14
run_opt_test2_O3;2300000;52000;23-40-15
run_opt_test2_O3;2300000;52000;23-40-15
run_opt_test2_O3;2299976;52000;23-40-15
run_opt_test2_O3;2300023;52000;23-40-15
run_opt_test2_O3;2300000;52000;23-40-15
run_opt_test2_O3;2300000;52000;23-40-15
run_opt_test2_O3;2300000;50000;23-40-16
run_opt_test2_O3;2299976;50000;23-40-16
run_opt_test2_O3;2300023;50000;23-40-16
run_opt_test2_O3;2300023;50000;23-40-16
run_opt_test2_O3;2300000;50000;23-40-16
run_opt_test2_O3;2300000;50000;23-40-16
run_opt_test2_O3;2300000;50000;23-40-17
run_opt_test2_O3;2299976;50000;23-40-17
run_opt_test2_O3;2300000;50000;23-40-17
run_opt_test2_O3;2300000;50000;23-40-17
run_opt_test2_O3;2300000;50000;23-40-17
run_opt_test2_O3;2299976;50000;23-40-18
run_opt_test2_O3;2300000;52000;23-40-18
run_opt_test2_O3;2300000;52000;23-40-18
run_opt_test2_O3;2300000;52000;23-40-18
run_opt_test2_O3;2300000;52000;23-40-18
run_opt_test2_O3;2300023;52000;23-40-18
run_opt_test2_O3;2300000;52000;23-40-19
run_opt_test2_O3;2300000;50000;23-40-19
run_opt_test2_O3;2300000;50000;23-40-19
run_opt_test2_O3;2300000;50000;23-40-19
run_opt_test2_O3;2300000;50000;23-40-19
run_opt_test2_O3;2300023;50000;23-40-20
run_opt_test2_O3;2300000;50000;23-40-20
run_opt_test2_O3;2300000;50000;23-40-20
run_opt_test2_O3;2300000;50000;23-40-20
run_opt_test2_O3;2300000;50000;23-40-20
run_opt_test2_O3;2300000;50000;23-40-20
run_opt_test2_O3;2300023;50000;23-40-21
run_opt_test2_O3;2300000;50000;23-40-21
run_opt_test2_O3;2300000;50000;23-40-21
run_opt_test2_O3;2300000;50000;23-40-21
run_opt_test2_O3;2300000;50000;23-40-21
run_opt_test2_O3;2300000;50000;23-40-22
run_opt_test2_O3;2300023;50000;23-40-22
run_opt_test2_O3;2300000;50000;23-40-22
run_opt_test2_O3;2300023;50000;23-40-22
run_opt_test2_O3;2299976;50000;23-40-22
run_opt_test2_O3;2299976;50000;23-40-22
run_opt_test2_O3;2300000;50000;23-40-23
run_opt_test2_O3;2300000;50000;23-40-23
run_opt_test2_O3;2300000;50000;23-40-23
run_opt_test2_O3;2300000;50000;23-40-23
run_opt_test2_O3;2300000;50000;23-40-23
run_opt_test2_O3;2300000;50000;23-40-24
run_opt_test2_O3;2299976;50000;23-40-24
run_opt_test2_O3;2300000;50000;23-40-24
run_opt_test2_O3;2300000;50000;23-40-24
run_opt_test2_O3;2300023;50000;23-40-24
run_opt_test2_O3;2300000;50000;23-40-24
run_opt_test2_O3;2300046;50000;23-40-25
run_opt_test2_O3;2300000;50000;23-40-25
run_opt_test2_O3;2300023;50000;23-40-25
run_opt_test2_O3;2300023;50000;23-40-25
run_opt_test2_O3;2300000;50000;23-40-25
run_opt_test2_O3;2300000;50000;23-40-26
run_opt_test2_O3;2300000;50000;23-40-26
run_opt_test2_O3;2300000;50000;23-40-26
run_opt_test2_O3;2300000;50000;23-40-26
run_opt_test2_O3;2300000;50000;23-40-26
run_opt_test2_O3;2300023;50000;23-40-26
run_opt_test2_O3;2300000;50000;23-40-27
run_opt_test2_O3;2300000;50000;23-40-27
run_opt_test2_O3;2300000;50000;23-40-27
run_opt_test2_O3;2300000;50000;23-40-27
run_opt_test2_O3;2300000;50000;23-40-27
run_opt_test2_O3;2300000;50000;23-40-28
run_opt_test2_O3;2300000;50000;23-40-28
run_opt_test2_O3;2300000;50000;23-40-28
run_opt_test2_O3;2300000;50000;23-40-28
run_opt_test2_O3;2300000;50000;23-40-28
run_opt_test2_O3;2300000;50000;23-40-28
run_opt_test2_O3;2300000;50000;23-40-29
run_opt_test2_O3;2300023;50000;23-40-29
run_opt_test2_O3;2300000;50000;23-40-29
run_opt_test2_O3;2300000;50000;23-40-29
run_opt_test2_O3;2299976;50000;23-40-29
run_opt_test2_O3;2300000;50000;23-40-30
run_opt_test2_O3;2300023;50000;23-40-30
run_opt_test2_O3;2300000;50000;23-40-30
run_opt_test2_O3;2300000;50000;23-40-30
run_opt_test2_O3;2300000;50000;23-40-30
run_opt_test2_O3;2300000;50000;23-40-30
run_opt_test2_O3;2300000;50000;23-40-31
run_opt_test2_O3;2300000;50000;23-40-31
run_opt_test2_O3;2299976;50000;23-40-31
run_opt_test2_O3;2300000;50000;23-40-31
run_opt_test2_O3;2300046;50000;23-40-31
run_opt_test2_O3;2300000;50000;23-40-32
run_opt_test2_O3;2300023;50000;23-40-32
run_opt_test2_O3;2300000;50000;23-40-32
run_opt_test2_O3;2299953;50000;23-40-32
run_opt_test2_O3;2300000;50000;23-40-32
run_opt_test2_O3;2300000;50000;23-40-32
run_opt_test2_O3;2300023;50000;23-40-33
run_opt_test2_O3;2300023;50000;23-40-33
run_opt_test2_O3;2300023;50000;23-40-33
run_opt_test2_O3;2300023;50000;23-40-33
run_opt_test2_O3;2300000;50000;23-40-33
run_opt_test2_O3;2300000;50000;23-40-34
run_opt_test2_O3;2300000;50000;23-40-34
run_opt_test2_O3;2300000;50000;23-40-34
run_opt_test2_O3;2300000;50000;23-40-34
run_opt_test2_O3;2300000;50000;23-40-34
run_opt_test2_O3;2300023;50000;23-40-34
run_opt_test2_O3;2300000;50000;23-40-35
run_opt_test2_O3;2300023;50000;23-40-35
run_opt_test2_O3;2300023;50000;23-40-35
run_opt_test2_O3;2300023;50000;23-40-35
run_opt_test2_O3;2300000;50000;23-40-35
run_opt_test2_O3;2300023;50000;23-40-35
run_opt_test2_O3;2300000;50000;23-40-36
run_opt_test2_O3;2300000;50000;23-40-36
run_opt_test2_O3;2300000;50000;23-40-36
run_opt_test2_O3;2300000;50000;23-40-36
run_opt_test2_O3;2299976;50000;23-40-36
run_opt_test2_O3;2300000;50000;23-40-37
run_opt_test2_O3;2300000;50000;23-40-37
run_opt_test2_O3;2300023;50000;23-40-37
run_opt_test2_O3;2299976;50000;23-40-37
run_opt_test2_O3;2300000;50000;23-40-37
run_opt_test2_O3;2299976;50000;23-40-37
run_opt_test2_O3;2300000;50000;23-40-38
run_opt_test2_O3;2300000;50000;23-40-38
run_opt_test2_O3;2299976;50000;23-40-38
run_opt_test2_O3;2300023;50000;23-40-38
run_opt_test2_O3;2300000;50000;23-40-38
run_opt_test2_O3;2300000;50000;23-40-39
run_opt_test2_O3;2300023;50000;23-40-39
run_opt_test2_O3;2300000;50000;23-40-39
run_opt_test2_O3;2300000;50000;23-40-39
run_opt_test2_O3;2300000;50000;23-40-39
run_opt_test2_O3;2299976;50000;23-40-39
run_opt_test2_O3;2300023;50000;23-40-40
run_opt_test2_O3;2300000;50000;23-40-40
run_opt_test2_O3;2300000;50000;23-40-40
run_opt_test2_O3;2299976;50000;23-40-40
run_opt_test2_O3;2300000;50000;23-40-40
run_opt_test2_O3;2299976;50000;23-40-41
run_opt_test2_O3;2299976;50000;23-40-41
run_opt_test2_O3;2300000;50000;23-40-41
run_opt_test2_O3;2300000;50000;23-40-41
run_opt_test2_O3;2300023;50000;23-40-41
run_opt_test2_O3;2300000;50000;23-40-41
run_opt_test2_O3;2300023;50000;23-40-42
run_opt_test2_O3;2299976;50000;23-40-42
run_opt_test2_O3;2300000;50000;23-40-42
run_opt_test2_O3;2300000;50000;23-40-42
run_opt_test2_O3;2300000;50000;23-40-42
run_opt_test2_O3;2299976;50000;23-40-43
run_opt_test2_O3;2300000;50000;23-40-43
run_opt_test2_O3;2300000;50000;23-40-43
run_opt_test2_O3;2300000;50000;23-40-43
run_opt_test2_O3;2300000;50000;23-40-43
run_opt_test2_O3;2299976;50000;23-40-43
run_opt_test2_O3;2300000;50000;23-40-44
run_opt_test2_O3;2300023;50000;23-40-44
run_opt_test2_O3;2299976;50000;23-40-44
run_opt_test2_O3;2300000;50000;23-40-44
run_opt_test2_O3;2300023;50000;23-40-44
run_opt_test2_O3;2299976;50000;23-40-44
run_opt_test2_O3;2300000;50000;23-40-45
run_opt_test2_O3;2300023;50000;23-40-45
run_opt_test2_O3;2300000;50000;23-40-45
run_opt_test2_O3;2299976;50000;23-40-45
run_opt_test2_O3;2300000;50000;23-40-45
run_opt_test2_O3;2300000;50000;23-40-46
run_opt_test2_O3;2300023;50000;23-40-46
run_opt_test2_O3;2300000;50000;23-40-46
run_opt_test2_O3;2300000;50000;23-40-46
run_opt_test2_O3;2299976;50000;23-40-46
run_opt_test2_O3;2300000;50000;23-40-46
run_opt_test2_O3;2300000;50000;23-40-47
run_opt_test2_O3;2300000;50000;23-40-47
run_opt_test2_O3;2300000;50000;23-40-47
run_opt_test2_O3;2300000;50000;23-40-47
run_opt_test2_O3;2300000;50000;23-40-47
run_opt_test2_O3;2300000;50000;23-40-47
run_opt_test2_O3;2300023;50000;23-40-48
run_opt_test2_O3;2300000;50000;23-40-48
run_opt_test2_O3;2300000;50000;23-40-48
run_opt_test2_O3;2300000;50000;23-40-48
run_opt_test2_O3;2299976;50000;23-40-48
run_opt_test2_O3;2300000;50000;23-40-49
run_opt_test2_O3;2300000;50000;23-40-49
run_opt_test2_O3;2300000;50000;23-40-49
run_opt_test2_O3;2299976;50000;23-40-49
run_opt_test2_O3;2300023;50000;23-40-49
run_opt_test2_O3;2300000;50000;23-40-49
run_opt_test2_O3;2300000;50000;23-40-50
run_opt_test2_O3;2300000;50000;23-40-50
run_opt_test2_O3;2300000;50000;23-40-50
run_opt_test2_O3;2300000;50000;23-40-50
run_opt_test2_O3;2300000;50000;23-40-50
run_opt_test2_O3;2299976;50000;23-40-50
run_opt_test2_O3;2300000;50000;23-40-51
run_opt_test2_O3;2300000;50000;23-40-51
run_opt_test2_O3;2300023;50000;23-40-51
run_opt_test2_O3;2300023;50000;23-40-51
run_opt_test2_O3;2300023;50000;23-40-51
run_opt_test2_O3;2300000;50000;23-40-52
run_opt_test2_O3;2300000;50000;23-40-52
run_opt_test2_O3;2300000;50000;23-40-52
run_opt_test2_O3;2300000;50000;23-40-52
run_opt_test2_O3;2300000;50000;23-40-52
run_opt_test2_O3;2300023;50000;23-40-52
run_opt_test2_O3;2300023;50000;23-40-53
run_opt_test2_O3;2300000;50000;23-40-53
run_opt_test2_O3;2300023;50000;23-40-53
run_opt_test2_O3;2300000;50000;23-40-53
run_opt_test2_O3;2300023;50000;23-40-53
run_opt_test2_O3;2300023;50000;23-40-53
run_opt_test2_O3;2299976;50000;23-40-54
run_opt_test2_O3;2300023;50000;23-40-54
run_opt_test2_O3;2300000;50000;23-40-54
run_opt_test2_O3;2300000;50000;23-40-54
run_opt_test2_O3;2300000;50000;23-40-54
run_opt_test2_O3;2300000;50000;23-40-55
run_opt_test2_O3;2299976;50000;23-40-55
run_opt_test2_O3;2300000;50000;23-40-55
run_opt_test2_O3;2300000;50000;23-40-55
run_opt_test2_O3;2300000;50000;23-40-55
run_opt_test2_O3;2300000;50000;23-40-55
run_opt_test2_O3;2300000;50000;23-40-56
run_opt_test2_O3;2300000;50000;23-40-56
run_opt_test2_O3;2300023;50000;23-40-56
run_opt_test2_O3;2300000;50000;23-40-56
run_opt_test2_O3;2300000;50000;23-40-56
run_opt_test2_O3;2300000;50000;23-40-56
run_opt_test2_O3;2300000;50000;23-40-57
run_opt_test2_O3;2300000;50000;23-40-57
run_opt_test2_O3;2300000;50000;23-40-57
run_opt_test2_O3;2300000;50000;23-40-57
run_opt_test2_O3;2299976;50000;23-40-57
run_opt_test2_O3;2300023;50000;23-40-58
run_opt_test2_O3;2300000;50000;23-40-58
run_opt_test2_O3;2300000;50000;23-40-58
run_opt_test2_O3;2300000;50000;23-40-58
run_opt_test2_O3;2300023;50000;23-40-58
run_opt_test2_O3;2300000;50000;23-40-58
run_opt_test2_O3;2300000;50000;23-40-59
run_opt_test2_O3;2300000;50000;23-40-59
run_opt_test2_O3;2300000;50000;23-40-59
run_opt_test2_O3;2300000;50000;23-40-59
run_opt_test2_O3;2300000;50000;23-40-59
run_opt_test2_O3;2300000;50000;23-40-59
run_opt_test2_O3;2300046;50000;23-41-00
run_opt_test2_O3;2300000;50000;23-41-00
run_opt_test2_O3;2300046;50000;23-41-00
run_opt_test2_O3;2300000;50000;23-41-00
run_opt_test2_O3;2300000;50000;23-41-00
run_opt_test2_O3;2300023;50000;23-41-00
run_opt_test2_O3;2299976;50000;23-41-01
run_opt_test2_O3;2300000;50000;23-41-01
run_opt_test2_O3;2300000;50000;23-41-01
run_opt_test2_O3;2300000;50000;23-41-01
run_opt_test2_O3;2300000;50000;23-41-01
run_opt_test2_O3;2300000;50000;23-41-02
run_opt_test2_O3;2300023;50000;23-41-02
run_opt_test2_O3;2300000;50000;23-41-02
run_opt_test2_O3;2300000;50000;23-41-02
run_opt_test2_O3;2299976;50000;23-41-02
run_opt_test2_O3;2300000;50000;23-41-02
run_opt_test2_O3;2300023;50000;23-41-03
run_opt_test2_O3;2299976;50000;23-41-03
run_opt_test2_O3;2300000;50000;23-41-03
run_opt_test2_O3;2300023;50000;23-41-03
run_opt_test2_O3;2300000;50000;23-41-03
run_opt_test2_O3;2300000;50000;23-41-04
run_opt_test2_O3;2300023;50000;23-41-04
run_opt_test2_O3;2299976;48000;23-41-04
run_opt_test2_O3;2300000;48000;23-41-04
run_opt_test2_O3;2300000;48000;23-41-04
run_opt_test2_O3;2300000;48000;23-41-04
run_opt_test2_O3;2300000;48000;23-41-05
run_opt_test2_O3;2300000;48000;23-41-05
run_opt_test2_O3;2300000;50000;23-41-05
run_opt_test2_O3;2300000;50000;23-41-05
run_opt_test2_O3;2300000;50000;23-41-05
run_opt_test2_O3;2299976;50000;23-41-05
run_opt_test2_O3;2299976;50000;23-41-06
run_opt_test2_O3;2300000;50000;23-41-06
run_opt_test2_O3;2300000;50000;23-41-06
run_opt_test2_O3;2300000;50000;23-41-06
run_opt_test2_O3;2300023;50000;23-41-06
run_opt_test2_O3;2300000;50000;23-41-07
run_opt_test2_O3;2300000;50000;23-41-07
run_opt_test2_O3;2300000;50000;23-41-07
run_opt_test2_O3;2299976;50000;23-41-07
run_opt_test2_O3;2300023;50000;23-41-07
run_opt_test2_O3;2300000;50000;23-41-07
run_opt_test2_O3;2300000;50000;23-41-08
run_opt_test2_O3;2300000;50000;23-41-08
run_opt_test2_O3;2300023;50000;23-41-08
run_opt_test2_O3;2300000;50000;23-41-08
run_opt_test2_O3;2300023;50000;23-41-08
run_opt_test2_O3;2300000;50000;23-41-08
run_opt_test2_O3;2299976;50000;23-41-09
run_opt_test2_O3;2300000;50000;23-41-09
run_opt_test2_O3;2300023;50000;23-41-09
run_opt_test2_O3;2300023;50000;23-41-09
run_opt_test2_O3;2300023;50000;23-41-09
run_opt_test2_O3;2300000;50000;23-41-10
run_opt_test2_O3;2300000;50000;23-41-10
run_opt_test2_O3;2300000;50000;23-41-10
run_opt_test2_O3;2299976;50000;23-41-10
run_opt_test2_O3;2300000;50000;23-41-10
run_opt_test2_O3;2300000;50000;23-41-10
run_opt_test2_O3;2300023;50000;23-41-11
run_opt_test2_O3;2300000;50000;23-41-11
run_opt_test2_O3;2300000;50000;23-41-11
run_opt_test2_O3;2299976;50000;23-41-11
run_opt_test2_O3;2300000;50000;23-41-11
run_opt_test2_O3;2300000;50000;23-41-12
run_opt_test2_O3;2300023;50000;23-41-12
run_opt_test2_O3;2299976;50000;23-41-12
run_opt_test2_O3;2300023;50000;23-41-12
run_opt_test2_O3;2300000;50000;23-41-12
run_opt_test2_O3;2300000;50000;23-41-12
run_opt_test2_O3;2300023;50000;23-41-13
run_opt_test2_O3;2300023;50000;23-41-13
run_opt_test2_O3;2300000;50000;23-41-13
run_opt_test2_O3;2299976;50000;23-41-13
run_opt_test2_O3;2300000;50000;23-41-13
run_opt_test2_O3;2300000;50000;23-41-14
run_opt_test2_O3;2300023;50000;23-41-14
run_opt_test2_O3;2300000;50000;23-41-14
run_opt_test2_O3;2300000;50000;23-41-14
run_opt_test2_O3;2300000;50000;23-41-14
run_opt_test2_O3;2299976;50000;23-41-15
run_opt_test2_O3;2300000;50000;23-41-15
run_opt_test2_O3;2300023;50000;23-41-15
run_opt_test2_O3;2300023;50000;23-41-15
run_opt_test2_O3;2300000;50000;23-41-15
run_opt_test2_O3;2300000;50000;23-41-15
run_opt_test2_O3;2300000;50000;23-41-16
run_opt_test2_O3;2299976;48000;23-41-16
run_opt_test2_O3;2300023;48000;23-41-16
run_opt_test2_O3;2300000;48000;23-41-16
run_opt_test2_O3;2300000;48000;23-41-16
run_opt_test2_O3;2300000;48000;23-41-17
run_opt_test2_O3;2300023;48000;23-41-17
run_opt_test2_O3;2300000;50000;23-41-17
run_opt_test2_O3;2299976;50000;23-41-17
run_opt_test2_O3;2300000;50000;23-41-17
run_opt_test2_O3;2300000;50000;23-41-17
run_opt_test2_O3;2300000;50000;23-41-18
run_opt_test2_O3;2299976;50000;23-41-18
run_opt_test2_O3;2300000;50000;23-41-18
run_opt_test2_O3;2300023;50000;23-41-18
run_opt_test2_O3;2300000;50000;23-41-18
run_opt_test2_O3;2300023;50000;23-41-19
run_opt_test2_O3;2299976;50000;23-41-19
run_opt_test2_O3;2300000;50000;23-41-19
run_opt_test2_O3;2300000;50000;23-41-19
run_opt_test2_O3;2300023;50000;23-41-19
run_opt_test2_O3;2300000;50000;23-41-19
run_opt_test2_O3;2300000;50000;23-41-20
run_opt_test2_O3;2300000;50000;23-41-20
run_opt_test2_O3;2300000;50000;23-41-20
run_opt_test2_O3;2300000;50000;23-41-20
run_opt_test2_O3;2300023;50000;23-41-20
run_opt_test2_O3;2300000;50000;23-41-21
run_opt_test2_O3;2300000;50000;23-41-21
run_opt_test2_O3;2300023;50000;23-41-21
run_opt_test2_O3;2299976;50000;23-41-21
run_opt_test2_O3;2300000;50000;23-41-21
run_opt_test2_O3;2300023;50000;23-41-21
run_opt_test2_O3;2300023;50000;23-41-22
run_opt_test2_O3;2300000;50000;23-41-22
run_opt_test2_O3;2300000;50000;23-41-22
run_opt_test2_O3;2300000;50000;23-41-22
run_opt_test2_O3;2299976;50000;23-41-22
run_opt_test2_O3;2299976;50000;23-41-23
run_opt_test2_O3;2300000;50000;23-41-23
run_opt_test2_O3;2299976;50000;23-41-23
run_opt_test2_O3;2299976;50000;23-41-23
run_opt_test2_O3;2300023;50000;23-41-23
run_opt_test2_O3;2300000;50000;23-41-23
run_opt_test2_O3;2300023;50000;23-41-24
run_opt_test2_O3;2300000;50000;23-41-24
run_opt_test2_O3;2300000;50000;23-41-24
run_opt_test2_O3;2299976;50000;23-41-24
run_opt_test2_O3;2300000;50000;23-41-24
run_opt_test2_O3;2300000;50000;23-41-25
run_opt_test2_O3;2299976;50000;23-41-25
run_opt_test2_O3;2300000;50000;23-41-25
run_opt_test2_O3;2300000;50000;23-41-25
run_opt_test2_O3;2300000;50000;23-41-25
run_opt_test2_O3;2300000;50000;23-41-25
run_opt_test2_O3;2300000;50000;23-41-26
run_opt_test2_O3;2300000;50000;23-41-26
run_opt_test2_O3;2300000;50000;23-41-26
run_opt_test2_O3;2300000;50000;23-41-26
run_opt_test2_O3;2300000;50000;23-41-26
run_opt_test2_O3;2300023;50000;23-41-26
run_opt_test2_O3;2300000;50000;23-41-27
run_opt_test2_O3;2300023;50000;23-41-27
run_opt_test2_O3;2300000;50000;23-41-27
run_opt_test2_O3;2300023;50000;23-41-27
run_opt_test2_O3;2300023;50000;23-41-27
run_opt_test2_O3;2300000;50000;23-41-28
run_opt_test2_O3;2300000;50000;23-41-28
run_opt_test2_O3;2300023;50000;23-41-28
run_opt_test2_O3;2300000;50000;23-41-28
run_opt_test2_O3;2300000;50000;23-41-28
run_opt_test2_O3;2300000;50000;23-41-28
run_opt_test2_O3;2300000;50000;23-41-29
run_opt_test2_O3;2300023;50000;23-41-29
run_opt_test2_O3;2300000;50000;23-41-29
run_opt_test2_O3;2300023;50000;23-41-29
run_opt_test2_O3;2300000;50000;23-41-29
run_opt_test2_O3;2300000;50000;23-41-29
run_opt_test2_O3;2300000;50000;23-41-30
run_opt_test2_O3;2300000;50000;23-41-30
run_opt_test2_O3;2300000;50000;23-41-30
run_opt_test2_O3;2300000;50000;23-41-30
run_opt_test2_O3;2300023;50000;23-41-30
run_opt_test2_O3;2299976;50000;23-41-31
run_opt_test2_O3;2300000;50000;23-41-31
run_opt_test2_O3;2300023;50000;23-41-31
run_opt_test2_O3;2299976;50000;23-41-31
run_opt_test2_O3;2300023;50000;23-41-31
run_opt_test2_O3;2300000;50000;23-41-31
run_opt_test2_O3;2300023;50000;23-41-32
run_opt_test2_O3;2300000;50000;23-41-32
run_opt_test2_O3;2300023;50000;23-41-32
run_opt_test2_O3;2299976;50000;23-41-32
run_opt_test2_O3;2300000;50000;23-41-32
run_opt_test2_O3;2300000;50000;23-41-32
run_opt_test2_O3;2300000;50000;23-41-33
run_opt_test2_O3;2300000;50000;23-41-33
run_opt_test2_O3;2299976;48000;23-41-33
run_opt_test2_O3;2300000;48000;23-41-33
run_opt_test2_O3;2300000;48000;23-41-33
run_opt_test2_O3;2300023;48000;23-41-34
run_opt_test2_O3;2300000;48000;23-41-34
run_opt_test2_O3;2300000;48000;23-41-34
run_opt_test2_O3;2300000;50000;23-41-34
run_opt_test2_O3;2299976;50000;23-41-34
run_opt_test2_O3;2300000;50000;23-41-34
run_opt_test2_O3;2300000;50000;23-41-35
run_opt_test2_O3;2300023;50000;23-41-35
run_opt_test2_O3;2300000;50000;23-41-35
run_opt_test2_O3;2300000;48000;23-41-35
run_opt_test2_O3;2299976;48000;23-41-35
run_opt_test2_O3;2300023;48000;23-41-36
run_opt_test2_O3;2300000;48000;23-41-36
run_opt_test2_O3;2300000;48000;23-41-36
run_opt_test2_O3;2299976;48000;23-41-36
run_opt_test2_O3;2299976;50000;23-41-36
run_opt_test2_O3;2300000;50000;23-41-36
run_opt_test2_O3;2300000;50000;23-41-37
run_opt_test2_O3;2300000;50000;23-41-37
run_opt_test2_O3;2300000;50000;23-41-37
run_opt_test2_O3;2300000;50000;23-41-37
run_opt_test2_O3;2300000;48000;23-41-37
run_opt_test2_O3;2300000;48000;23-41-38
run_opt_test2_O3;2299976;48000;23-41-38
run_opt_test2_O3;2299976;48000;23-41-38
run_opt_test2_O3;2300023;48000;23-41-38
run_opt_test2_O3;2300023;48000;23-41-38
run_opt_test2_O3;2300000;50000;23-41-38
run_opt_test2_O3;2300000;50000;23-41-39
run_opt_test2_O3;2300023;50000;23-41-39
run_opt_test2_O3;2300000;50000;23-41-39
run_opt_test2_O3;2300000;50000;23-41-39
run_opt_test2_O3;2300000;50000;23-41-39
run_opt_test2_O3;2300000;50000;23-41-39
run_opt_test2_O3;2300000;50000;23-41-40
run_opt_test2_O3;2300000;50000;23-41-40
run_opt_test2_O3;2299976;50000;23-41-40
run_opt_test2_O3;2300000;50000;23-41-40
run_opt_test2_O3;2299976;50000;23-41-40
run_opt_test2_O3;2300000;50000;23-41-41
run_opt_test2_O3;2300000;50000;23-41-41
run_opt_test2_O3;2300023;50000;23-41-41
run_opt_test2_O3;2300000;50000;23-41-41
run_opt_test2_O3;2300023;50000;23-41-41
run_opt_test2_O3;2300023;50000;23-41-41
run_opt_test2_O3;2300023;50000;23-41-42
run_opt_test2_O3;2300000;50000;23-41-42
run_opt_test2_O3;2300000;50000;23-41-42
run_opt_test2_O3;2300023;50000;23-41-42
run_opt_test2_O3;2300000;50000;23-41-42
run_opt_test2_O3;2300023;50000;23-41-43
run_opt_test2_O3;2300000;50000;23-41-43
run_opt_test2_O3;2300000;50000;23-41-43
run_opt_test2_O3;2299976;50000;23-41-43
run_opt_test2_O3;2300000;50000;23-41-43
run_opt_test2_O3;2300000;50000;23-41-43
run_opt_test2_O3;2300000;50000;23-41-44
run_opt_test2_O3;2300023;48000;23-41-44
run_opt_test2_O3;2300023;48000;23-41-44
run_opt_test2_O3;2300023;48000;23-41-44
run_opt_test2_O3;2300000;48000;23-41-44
run_opt_test2_O3;2299976;48000;23-41-44
run_opt_test2_O3;2300023;48000;23-41-45
run_opt_test2_O3;2300000;50000;23-41-45
run_opt_test2_O3;2300000;50000;23-41-45
run_opt_test2_O3;2299976;50000;23-41-45
run_opt_test2_O3;2300000;50000;23-41-45
run_opt_test2_O3;2300023;50000;23-41-46
run_opt_test2_O3;2300000;50000;23-41-46
run_opt_test2_O3;2300023;50000;23-41-46
run_opt_test2_O3;2300023;50000;23-41-46
run_opt_test2_O3;2300000;50000;23-41-46
run_opt_test2_O3;2300000;50000;23-41-46
run_opt_test2_O3;2300000;50000;23-41-47
run_opt_test2_O3;2300000;50000;23-41-47
run_opt_test2_O3;2300000;50000;23-41-47
run_opt_test2_O3;2300023;50000;23-41-47
run_opt_test2_O3;2300000;50000;23-41-47
run_opt_test2_O3;2300000;50000;23-41-48
run_opt_test2_O3;2300023;50000;23-41-48
run_opt_test2_O3;2300000;50000;23-41-48
run_opt_test2_O3;2300000;48000;23-41-48
run_opt_test2_O3;2300000;48000;23-41-48
run_opt_test2_O3;2300000;48000;23-41-48
run_opt_test2_O3;2300023;48000;23-41-49
run_opt_test2_O3;2300000;48000;23-41-49
run_opt_test2_O3;2300023;48000;23-41-49
run_opt_test2_O3;2300000;50000;23-41-49
run_opt_test2_O3;2300000;50000;23-41-49
run_opt_test2_O3;2300000;50000;23-41-49
run_opt_test2_O3;2300000;50000;23-41-50
run_opt_test2_O3;2300000;50000;23-41-50
run_opt_test2_O3;2300000;50000;23-41-50
run_opt_test2_O3;2300000;50000;23-41-50
run_opt_test2_O3;2300000;50000;23-41-50
run_opt_test2_O3;2300000;50000;23-41-51
run_opt_test2_O3;2300000;50000;23-41-51
run_opt_test2_O3;2300000;50000;23-41-51
run_opt_test2_O3;2300023;50000;23-41-51
run_opt_test2_O3;2299976;50000;23-41-51
run_opt_test2_O3;2299976;50000;23-41-51
run_opt_test2_O3;2300000;50000;23-41-52
run_opt_test2_O3;2300000;50000;23-41-52
run_opt_test2_O3;2300000;50000;23-41-52
run_opt_test2_O3;2300000;50000;23-41-52
run_opt_test2_O3;2300023;50000;23-41-52
run_opt_test2_O3;2300023;50000;23-41-52
run_opt_test2_O3;2300023;50000;23-41-53
run_opt_test2_O3;2300023;50000;23-41-53
run_opt_test2_O3;2299976;50000;23-41-53
run_opt_test2_O3;2300000;50000;23-41-53
run_opt_test2_O3;2300000;50000;23-41-53
run_opt_test2_O3;2300000;50000;23-41-54
run_opt_test2_O3;2300000;50000;23-41-54
run_opt_test2_O3;2300000;50000;23-41-54
run_opt_test2_O3;2300000;50000;23-41-54
run_opt_test2_O3;2300000;50000;23-41-54
run_opt_test2_O3;2300000;48000;23-41-54
run_opt_test2_O3;2300000;48000;23-41-55
run_opt_test2_O3;2300000;48000;23-41-55
run_opt_test2_O3;2300000;48000;23-41-55
run_opt_test2_O3;2300000;48000;23-41-55
run_opt_test2_O3;2300000;48000;23-41-55
run_opt_test2_O3;2300023;50000;23-41-55
run_opt_test2_O3;2300000;50000;23-41-56
run_opt_test2_O3;2299976;50000;23-41-56
run_opt_test2_O3;2299976;50000;23-41-56
run_opt_test2_O3;2300000;50000;23-41-56
run_opt_test2_O3;2300000;50000;23-41-56
run_opt_test2_O3;2300023;50000;23-41-57
run_opt_test2_O3;2300000;50000;23-41-57
run_opt_test2_O3;2300023;50000;23-41-57
run_opt_test2_O3;2300000;50000;23-41-57
run_opt_test2_O3;2399948;64000;23-53-01
run_opt_test2_O3;3600000;64000;23-53-01
run_opt_test2_O3;2700047;64000;23-53-02
run_opt_test2_O3;2600000;64000;23-53-02
run_opt_test2_O3;2600000;64000;23-53-02
run_opt_test2_O3;2500000;64000;23-53-02
run_opt_test2_O3;2600000;60000;23-53-02
run_opt_test2_O3;2600046;60000;23-53-02
run_opt_test2_O3;2600000;60000;23-53-03
run_opt_test2_O3;2200000;60000;23-53-03
run_opt_test2_O3;2300000;60000;23-53-03
run_opt_test2_O3;2300000;60000;23-53-03
run_opt_test2_O3;2400000;58000;23-53-03
run_opt_test2_O3;2700000;58000;23-53-03
run_opt_test2_O3;2700000;58000;23-53-04
run_opt_test2_O3;2300000;58000;23-53-04
run_opt_test2_O3;2300023;58000;23-53-04
run_opt_test2_O3;2300000;58000;23-53-04
run_opt_test2_O3;2300023;52000;23-53-04
run_opt_test2_O3;2299976;52000;23-53-05
run_opt_test2_O3;2300023;52000;23-53-05
run_opt_test2_O3;2300000;52000;23-53-05
run_opt_test2_O3;2300000;52000;23-53-05
run_opt_test2_O3;2299976;52000;23-53-05
run_opt_test2_O3;2299815;52000;23-53-05
run_opt_test2_O3;2300000;52000;23-53-06
run_opt_test2_O3;2300000;52000;23-53-06
run_opt_test2_O3;2299976;52000;23-53-06
run_opt_test2_O3;2300000;52000;23-53-06
run_opt_test2_O3;2299976;52000;23-53-06
run_opt_test2_O3;2299976;52000;23-53-07
run_opt_test2_O3;2300000;52000;23-53-07
run_opt_test2_O3;2300000;52000;23-53-07
run_opt_test2_O3;2300000;52000;23-53-07
run_opt_test2_O3;2299976;52000;23-53-07
run_opt_test2_O3;2300000;52000;23-53-07
run_opt_test2_O3;2300000;52000;23-53-08
run_opt_test2_O3;2300000;52000;23-53-08
run_opt_test2_O3;2300000;52000;23-53-08
run_opt_test2_O3;2300000;52000;23-53-08
run_opt_test2_O3;2299976;52000;23-53-08
run_opt_test2_O3;2300000;52000;23-53-09
run_opt_test2_O3;2299976;52000;23-53-09
run_opt_test2_O3;2299976;52000;23-53-09
run_opt_test2_O3;2299976;52000;23-53-09
run_opt_test2_O3;2300000;52000;23-53-09
run_opt_test2_O3;2300000;52000;23-53-09
run_opt_test2_O3;2300000;52000;23-53-10
run_opt_test2_O3;2300000;52000;23-53-10
run_opt_test2_O3;2300000;52000;23-53-10
run_opt_test2_O3;2300000;52000;23-53-10
run_opt_test2_O3;2300000;52000;23-53-10
run_opt_test2_O3;2300000;52000;23-53-11
run_opt_test2_O3;2300000;52000;23-53-11
run_opt_test2_O3;2300000;52000;23-53-11
run_opt_test2_O3;2300000;52000;23-53-11
run_opt_test2_O3;2300023;52000;23-53-11
run_opt_test2_O3;2300000;52000;23-53-11
run_opt_test2_O3;2300207;52000;23-53-12
run_opt_test2_O3;2300000;52000;23-53-12
run_opt_test2_O3;2300023;52000;23-53-12
run_opt_test2_O3;2300000;52000;23-53-12
run_opt_test2_O3;2300000;52000;23-53-12
run_opt_test2_O3;2300000;52000;23-53-12
run_opt_test2_O3;2299976;52000;23-53-13
run_opt_test2_O3;2300000;52000;23-53-13
run_opt_test2_O3;2300000;54000;23-53-13
run_opt_test2_O3;2300046;54000;23-53-13
run_opt_test2_O3;2300000;54000;23-53-13
run_opt_test2_O3;2300023;54000;23-53-13
run_opt_test2_O3;2300000;54000;23-53-14
run_opt_test2_O3;2299976;54000;23-53-14
run_opt_test2_O3;2300000;54000;23-53-14
run_opt_test2_O3;2300000;54000;23-53-14
run_opt_test2_O3;2300023;54000;23-53-14
run_opt_test2_O3;2299976;54000;23-53-15
run_opt_test2_O3;2300000;54000;23-53-15
run_opt_test2_O3;2300000;54000;23-53-15
run_opt_test2_O3;2300000;54000;23-53-15
run_opt_test2_O3;2300000;54000;23-53-15
run_opt_test2_O3;2299976;54000;23-53-15
run_opt_test2_O3;2300023;54000;23-53-16
run_opt_test2_O3;2300023;54000;23-53-16
run_opt_test2_O3;2300023;54000;23-53-16
run_opt_test2_O3;2300000;54000;23-53-16
run_opt_test2_O3;2300000;54000;23-53-16
run_opt_test2_O3;2300000;54000;23-53-16
run_opt_test2_O3;2300000;54000;23-53-17
run_opt_test2_O3;2300023;54000;23-53-17
run_opt_test2_O3;2300000;54000;23-53-17
run_opt_test2_O3;2300000;54000;23-53-17
run_opt_test2_O3;2299976;54000;23-53-17
run_opt_test2_O3;2300023;54000;23-53-18
run_opt_test2_O3;2300023;54000;23-53-18
run_opt_test2_O3;2300000;54000;23-53-18
run_opt_test2_O3;2300000;54000;23-53-18
run_opt_test2_O3;2300000;54000;23-53-18
run_opt_test2_O3;2300000;54000;23-53-18
run_opt_test2_O3;2300000;54000;23-53-19
run_opt_test2_O3;2300000;54000;23-53-19
run_opt_test2_O3;2300000;54000;23-53-19
run_opt_test2_O3;2300000;54000;23-53-19
run_opt_test2_O3;2300000;56000;23-53-19
run_opt_test2_O3;2300000;56000;23-53-20
run_opt_test2_O3;2300023;56000;23-53-20
run_opt_test2_O3;2300000;56000;23-53-20
run_opt_test2_O3;2299976;56000;23-53-20
run_opt_test2_O3;2300000;56000;23-53-20
run_opt_test2_O3;2300023;56000;23-53-20
run_opt_test2_O3;2300000;56000;23-53-21
run_opt_test2_O3;2300023;56000;23-53-21
run_opt_test2_O3;2300000;56000;23-53-21
run_opt_test2_O3;2300000;56000;23-53-21
run_opt_test2_O3;2300000;56000;23-53-21
run_opt_test2_O3;2300000;54000;23-53-22
run_opt_test2_O3;2300000;54000;23-53-22
run_opt_test2_O3;2300000;54000;23-53-22
run_opt_test2_O3;2300000;54000;23-53-22
run_opt_test2_O3;2300000;54000;23-53-22
run_opt_test2_O3;2300000;54000;23-53-22
run_opt_test2_O3;2300000;56000;23-53-23
run_opt_test2_O3;2300000;56000;23-53-23
run_opt_test2_O3;2300000;56000;23-53-23
run_opt_test2_O3;2300000;56000;23-53-23
run_opt_test2_O3;2299976;56000;23-53-23
run_opt_test2_O3;2300000;56000;23-53-24
run_opt_test2_O3;2300000;56000;23-53-24
run_opt_test2_O3;2300000;56000;23-53-24
run_opt_test2_O3;2300000;56000;23-53-24
run_opt_test2_O3;2300023;56000;23-53-24
run_opt_test2_O3;2300046;56000;23-53-24
run_opt_test2_O3;2300000;56000;23-53-25
run_opt_test2_O3;2300000;56000;23-53-25
run_opt_test2_O3;2300000;56000;23-53-25
run_opt_test2_O3;2300000;56000;23-53-25
run_opt_test2_O3;2300000;56000;23-53-25
run_opt_test2_O3;2300023;56000;23-53-25
run_opt_test2_O3;2300023;56000;23-53-26
run_opt_test2_O3;2300000;56000;23-53-26
run_opt_test2_O3;2300000;56000;23-53-26
run_opt_test2_O3;2300023;56000;23-53-26
run_opt_test2_O3;2300000;56000;23-53-26
run_opt_test2_O3;2299976;56000;23-53-27
run_opt_test2_O3;2300023;56000;23-53-27
run_opt_test2_O3;2300023;56000;23-53-27
run_opt_test2_O3;2300000;56000;23-53-27
run_opt_test2_O3;2300023;56000;23-53-27
run_opt_test2_O3;2299976;56000;23-53-27
run_opt_test2_O3;2300000;56000;23-53-28
run_opt_test2_O3;2300000;56000;23-53-28
run_opt_test2_O3;2300000;56000;23-53-28
run_opt_test2_O3;2300000;56000;23-53-28
run_opt_test2_O3;2300000;56000;23-53-28
run_opt_test2_O3;2300000;56000;23-53-29
run_opt_test2_O3;2300000;56000;23-53-29
run_opt_test2_O3;2300000;56000;23-53-29
run_opt_test2_O3;2300000;56000;23-53-29
run_opt_test2_O3;2300000;56000;23-53-29
run_opt_test2_O3;2300000;56000;23-53-29
run_opt_test2_O3;2299976;56000;23-53-30
run_opt_test2_O3;2300000;56000;23-53-30
run_opt_test2_O3;2300000;56000;23-53-30
run_opt_test2_O3;2300000;56000;23-53-30
run_opt_test2_O3;2300023;56000;23-53-30
run_opt_test2_O3;2300000;56000;23-53-31
run_opt_test2_O3;2299976;56000;23-53-31
run_opt_test2_O3;2299953;56000;23-53-31
run_opt_test2_O3;2300000;56000;23-53-31
run_opt_test2_O3;2300000;56000;23-53-31
run_opt_test2_O3;2300000;56000;23-53-31
run_opt_test2_O3;2300000;56000;23-53-32
run_opt_test2_O3;2300023;56000;23-53-32
run_opt_test2_O3;2300000;56000;23-53-32
run_opt_test2_O3;2300000;56000;23-53-32
run_opt_test2_O3;2299976;56000;23-53-32
run_opt_test2_O3;2300000;56000;23-53-32
run_opt_test2_O3;2299976;56000;23-53-33
run_opt_test2_O3;2300000;56000;23-53-33
run_opt_test2_O3;2299976;56000;23-53-33
run_opt_test2_O3;2300000;56000;23-53-33
run_opt_test2_O3;2300023;56000;23-53-33
run_opt_test2_O3;2299953;56000;23-53-34
run_opt_test2_O3;2300000;56000;23-53-34
run_opt_test2_O3;2300000;56000;23-53-34
run_opt_test2_O3;2300000;56000;23-53-34
run_opt_test2_O3;2300000;56000;23-53-34
run_opt_test2_O3;2300000;56000;23-53-34
run_opt_test2_O3;2300000;56000;23-53-35
run_opt_test2_O3;2300000;56000;23-53-35
run_opt_test2_O3;2300023;56000;23-53-35
run_opt_test2_O3;2299976;56000;23-53-35
run_opt_test2_O3;2300000;56000;23-53-35
run_opt_test2_O3;2299976;56000;23-53-36
run_opt_test2_O3;2300000;56000;23-53-36
run_opt_test2_O3;2299976;56000;23-53-36
run_opt_test2_O3;2300000;56000;23-53-36
run_opt_test2_O3;2300000;56000;23-53-36
run_opt_test2_O3;2300023;56000;23-53-36
run_opt_test2_O3;2300000;56000;23-53-37
run_opt_test2_O3;2300000;56000;23-53-37
run_opt_test2_O3;2300023;56000;23-53-37
run_opt_test2_O3;2300000;56000;23-53-37
run_opt_test2_O3;2300000;56000;23-53-37
run_opt_test2_O3;2300000;56000;23-53-37
run_opt_test2_O3;2300000;56000;23-53-38
run_opt_test2_O3;2300000;56000;23-53-38
run_opt_test2_O3;2300023;56000;23-53-38
run_opt_test2_O3;2300000;56000;23-53-38
run_opt_test2_O3;2300023;56000;23-53-38
run_opt_test2_O3;2300184;56000;23-53-39
run_opt_test2_O3;2300000;56000;23-53-39
run_opt_test2_O3;2300000;56000;23-53-39
run_opt_test2_O3;2300000;56000;23-53-39
run_opt_test2_O3;2300023;56000;23-53-39
run_opt_test2_O3;2300000;56000;23-53-39
run_opt_test2_O3;2300000;56000;23-53-40
run_opt_test2_O3;2299976;56000;23-53-40
run_opt_test2_O3;2299976;56000;23-53-40
run_opt_test2_O3;2300000;56000;23-53-40
run_opt_test2_O3;2300000;56000;23-53-40
run_opt_test2_O3;2300000;56000;23-53-41
run_opt_test2_O3;2300000;56000;23-53-41
run_opt_test2_O3;2300000;56000;23-53-41
run_opt_test2_O3;2299976;56000;23-53-41
run_opt_test2_O3;2299976;56000;23-53-41
run_opt_test2_O3;2300000;56000;23-53-41
run_opt_test2_O3;2300000;56000;23-53-42
run_opt_test2_O3;2300023;56000;23-53-42
run_opt_test2_O3;2300000;56000;23-53-42
run_opt_test2_O3;2300023;56000;23-53-42
run_opt_test2_O3;2300000;56000;23-53-42
run_opt_test2_O3;2300000;56000;23-53-43
run_opt_test2_O3;2300000;56000;23-53-43
run_opt_test2_O3;2300000;56000;23-53-43
run_opt_test2_O3;2299976;56000;23-53-43
run_opt_test2_O3;2300000;56000;23-53-43
run_opt_test2_O3;2300023;56000;23-53-44
run_opt_test2_O3;2300000;56000;23-53-44
run_opt_test2_O3;2300000;56000;23-53-44
run_opt_test2_O3;2300000;56000;23-53-44
run_opt_test2_O3;2300023;56000;23-53-44
run_opt_test2_O3;2300000;56000;23-53-44
run_opt_test2_O3;2299976;56000;23-53-45
run_opt_test2_O3;2300023;56000;23-53-45
run_opt_test2_O3;2299976;56000;23-53-45
run_opt_test2_O3;2300184;56000;23-53-45
run_opt_test2_O3;2299976;56000;23-53-45
run_opt_test2_O3;2300000;56000;23-53-46
run_opt_test2_O3;2300000;56000;23-53-46
run_opt_test2_O3;2300000;56000;23-53-46
run_opt_test2_O3;2300000;56000;23-53-46
run_opt_test2_O3;2300000;56000;23-53-46
run_opt_test2_O3;2300023;56000;23-53-46
run_opt_test2_O3;2300000;56000;23-53-47
run_opt_test2_O3;2300000;56000;23-53-47
run_opt_test2_O3;2300000;56000;23-53-47
run_opt_test2_O3;2300000;56000;23-53-47
run_opt_test2_O3;2300000;56000;23-53-47
run_opt_test2_O3;2300000;56000;23-53-48
run_opt_test2_O3;2300000;56000;23-53-48
run_opt_test2_O3;2300023;56000;23-53-48
run_opt_test2_O3;2299976;56000;23-53-48
run_opt_test2_O3;2300000;56000;23-53-48
run_opt_test2_O3;2300000;56000;23-53-48
run_opt_test2_O3;2300000;54000;23-53-49
run_opt_test2_O3;2300000;54000;23-53-49
run_opt_test2_O3;2300000;54000;23-53-49
run_opt_test2_O3;2300000;54000;23-53-49
run_opt_test2_O3;2299953;54000;23-53-49
run_opt_test2_O3;2299976;54000;23-53-50
run_opt_test2_O3;2300000;54000;23-53-50
run_opt_test2_O3;2300000;54000;23-53-50
run_opt_test2_O3;2300000;54000;23-53-50
run_opt_test2_O3;2300000;54000;23-53-50
run_opt_test2_O3;2300000;54000;23-53-50
run_opt_test2_O3;2300000;54000;23-53-51
run_opt_test2_O3;2300023;54000;23-53-51
run_opt_test2_O3;2299976;54000;23-53-51
run_opt_test2_O3;2300023;54000;23-53-51
run_opt_test2_O3;2300000;54000;23-53-51
run_opt_test2_O3;2300000;54000;23-53-52
run_opt_test2_O3;2300000;54000;23-53-52
run_opt_test2_O3;2300000;54000;23-53-52
run_opt_test2_O3;2300000;54000;23-53-52
run_opt_test2_O3;2300000;54000;23-53-52
run_opt_test2_O3;2300000;54000;23-53-52
run_opt_test2_O3;2300000;54000;23-53-53
run_opt_test2_O3;2300000;54000;23-53-53
run_opt_test2_O3;2300023;54000;23-53-53
run_opt_test2_O3;2300000;54000;23-53-53
run_opt_test2_O3;2300000;54000;23-53-53
run_opt_test2_O3;2300000;54000;23-53-54
run_opt_test2_O3;2300000;54000;23-53-54
run_opt_test2_O3;2299976;54000;23-53-54
run_opt_test2_O3;2300023;54000;23-53-54
run_opt_test2_O3;2300000;54000;23-53-54
run_opt_test2_O3;2300023;54000;23-53-54
run_opt_test2_O3;2300000;54000;23-53-55
run_opt_test2_O3;2300000;54000;23-53-55
run_opt_test2_O3;2300000;54000;23-53-55
run_opt_test2_O3;2300000;54000;23-53-55
run_opt_test2_O3;2300000;54000;23-53-55
run_opt_test2_O3;2300000;54000;23-53-56
run_opt_test2_O3;2299976;54000;23-53-56
run_opt_test2_O3;2300000;54000;23-53-56
run_opt_test2_O3;2300023;54000;23-53-56
run_opt_test2_O3;2300000;54000;23-53-56
run_opt_test2_O3;2300000;54000;23-53-56
run_opt_test2_O3;2300000;54000;23-53-57
run_opt_test2_O3;2300023;54000;23-53-57
run_opt_test2_O3;2300000;54000;23-53-57
run_opt_test2_O3;2300023;54000;23-53-57
run_opt_test2_O3;2300023;54000;23-53-57
run_opt_test2_O3;2300000;54000;23-53-58
run_opt_test2_O3;2299976;54000;23-53-58
run_opt_test2_O3;2299976;54000;23-53-58
run_opt_test2_O3;2300000;54000;23-53-58
run_opt_test2_O3;2300000;54000;23-53-58
run_opt_test2_O3;2300000;54000;23-53-58
run_opt_test2_O3;2300000;54000;23-53-59
run_opt_test2_O3;2300023;54000;23-53-59
run_opt_test2_O3;2299976;54000;23-53-59
run_opt_test2_O3;2300023;54000;23-53-59
run_opt_test2_O3;2300000;54000;23-53-59
run_opt_test2_O3;2300023;54000;23-53-59
run_opt_test2_O3;2299976;54000;23-54-00
run_opt_test2_O3;2300000;54000;23-54-00
run_opt_test2_O3;2300000;54000;23-54-00
run_opt_test2_O3;2300000;54000;23-54-00
run_opt_test2_O3;2300000;54000;23-54-00
run_opt_test2_O3;2300000;54000;23-54-01
run_opt_test2_O3;2299976;54000;23-54-01
run_opt_test2_O3;2300023;54000;23-54-01
run_opt_test2_O3;2300023;54000;23-54-01
run_opt_test2_O3;2300000;54000;23-54-01
run_opt_test2_O3;2300000;54000;23-54-01
run_opt_test2_O3;2300023;56000;23-54-02
run_opt_test2_O3;2300000;56000;23-54-02
run_opt_test2_O3;2300000;56000;23-54-02
run_opt_test2_O3;2300000;56000;23-54-02
run_opt_test2_O3;2300000;56000;23-54-02
run_opt_test2_O3;2300000;56000;23-54-03
run_opt_test2_O3;2299976;54000;23-54-03
run_opt_test2_O3;2300000;54000;23-54-03
run_opt_test2_O3;2300000;54000;23-54-03
run_opt_test2_O3;2300000;54000;23-54-03
run_opt_test2_O3;2300000;54000;23-54-03
run_opt_test2_O3;2300000;54000;23-54-04
run_opt_test2_O3;2300000;52000;23-54-04
run_opt_test2_O3;2300000;52000;23-54-04
run_opt_test2_O3;2300000;52000;23-54-04
run_opt_test2_O3;2300000;52000;23-54-04
run_opt_test2_O3;2300000;52000;23-54-04
run_opt_test2_O3;2299976;52000;23-54-05
run_opt_test2_O3;2300000;52000;23-54-05
run_opt_test2_O3;2299976;52000;23-54-05
run_opt_test2_O3;2300000;52000;23-54-05
run_opt_test2_O3;2300000;52000;23-54-05
run_opt_test2_O3;2300023;52000;23-54-06
run_opt_test2_O3;2300000;52000;23-54-06
run_opt_test2_O3;2300023;54000;23-54-06
run_opt_test2_O3;2300000;54000;23-54-06
run_opt_test2_O3;2300000;54000;23-54-06
run_opt_test2_O3;2300000;54000;23-54-06
run_opt_test2_O3;2300000;54000;23-54-07
run_opt_test2_O3;2300000;54000;23-54-07
run_opt_test2_O3;2300000;54000;23-54-07
run_opt_test2_O3;2300000;54000;23-54-07
run_opt_test2_O3;2300023;54000;23-54-07
run_opt_test2_O3;2300000;54000;23-54-07
run_opt_test2_O3;2300000;54000;23-54-08
run_opt_test2_O3;2300000;54000;23-54-08
run_opt_test2_O3;2300000;54000;23-54-08
run_opt_test2_O3;2300023;54000;23-54-08
run_opt_test2_O3;2300000;54000;23-54-08
run_opt_test2_O3;2300000;54000;23-54-09
run_opt_test2_O3;2300000;54000;23-54-09
run_opt_test2_O3;2300000;54000;23-54-09
run_opt_test2_O3;2300000;52000;23-54-09
run_opt_test2_O3;2300023;52000;23-54-09
run_opt_test2_O3;2300000;52000;23-54-09
run_opt_test2_O3;2300023;52000;23-54-10
run_opt_test2_O3;2300000;52000;23-54-10
run_opt_test2_O3;2300000;52000;23-54-10
run_opt_test2_O3;2300000;52000;23-54-10
run_opt_test2_O3;2300000;52000;23-54-10
run_opt_test2_O3;2300000;52000;23-54-10
run_opt_test2_O3;2300000;52000;23-54-11
run_opt_test2_O3;2300000;52000;23-54-11
run_opt_test2_O3;2300000;52000;23-54-11
run_opt_test2_O3;2300023;52000;23-54-11
run_opt_test2_O3;2300000;52000;23-54-11
run_opt_test2_O3;2300000;52000;23-54-12
run_opt_test2_O3;2300000;52000;23-54-12
run_opt_test2_O3;2300000;52000;23-54-12
run_opt_test2_O3;2700000;58000;23-54-24
run_opt_test2_O3;2700000;58000;23-54-24
run_opt_test2_O3;2700000;58000;23-54-24
run_opt_test2_O3;2500000;58000;23-54-24
run_opt_test2_O3;2299976;58000;23-54-24
run_opt_test2_O3;2300023;58000;23-54-24
run_opt_test2_O3;2300000;52000;23-54-25
run_opt_test2_O3;2300023;52000;23-54-25
run_opt_test2_O3;2299976;52000;23-54-25
run_opt_test2_O3;2300000;52000;23-54-25
run_opt_test2_O3;2300000;52000;23-54-25
run_opt_test2_O3;2300000;52000;23-54-26
run_opt_test2_O3;2300000;52000;23-54-26
run_opt_test2_O3;2300000;52000;23-54-26
run_opt_test2_O3;2300000;52000;23-54-26
run_opt_test2_O3;2300000;52000;23-54-26
run_opt_test2_O3;2300000;52000;23-54-26
run_opt_test2_O3;2300000;52000;23-54-27
run_opt_test2_O3;2300000;52000;23-54-27
run_opt_test2_O3;2300000;52000;23-54-27
run_opt_test2_O3;2299976;52000;23-54-27
run_opt_test2_O3;2300000;52000;23-54-27
run_opt_test2_O3;2299976;52000;23-54-28
run_opt_test2_O3;2300000;52000;23-54-28
run_opt_test2_O3;2300000;52000;23-54-28
run_opt_test2_O3;2300023;52000;23-54-28
run_opt_test2_O3;2300000;52000;23-54-28
run_opt_test2_O3;2300023;52000;23-54-28
run_opt_test2_O3;2300000;52000;23-54-29
run_opt_test2_O3;2300000;52000;23-54-29
run_opt_test2_O3;2299976;52000;23-54-29
run_opt_test2_O3;2300000;52000;23-54-29
run_opt_test2_O3;2300000;52000;23-54-29
run_opt_test2_O3;2300000;52000;23-54-29
run_opt_test2_O3;2300000;52000;23-54-30
run_opt_test2_O3;2300000;52000;23-54-30
run_opt_test2_O3;2300000;52000;23-54-30
run_opt_test2_O3;2300000;52000;23-54-30
run_opt_test2_O3;2300000;52000;23-54-30
run_opt_test2_O3;2300000;52000;23-54-31
run_opt_test2_O3;2300023;52000;23-54-31
run_opt_test2_O3;2300023;52000;23-54-31
run_opt_test2_O3;2299976;52000;23-54-31
run_opt_test2_O3;2299976;52000;23-54-31
run_opt_test2_O3;2300000;52000;23-54-31
run_opt_test2_O3;2300023;52000;23-54-32
run_opt_test2_O3;2300000;52000;23-54-32
run_opt_test2_O3;2299976;52000;23-54-32
run_opt_test2_O3;2300000;52000;23-54-32
run_opt_test2_O3;2300000;52000;23-54-32
run_opt_test2_O3;2300000;52000;23-54-32
run_opt_test2_O3;2300000;52000;23-54-33
run_opt_test2_O3;2300000;52000;23-54-33
run_opt_test2_O3;2300000;52000;23-54-33
run_opt_test2_O3;2300000;52000;23-54-33
run_opt_test2_O3;2300000;52000;23-54-33
run_opt_test2_O3;2300000;52000;23-54-34
run_opt_test2_O3;2300000;52000;23-54-34
run_opt_test2_O3;2300023;52000;23-54-34
run_opt_test2_O3;2300000;52000;23-54-34
run_opt_test2_O3;2300000;52000;23-54-34
run_opt_test2_O3;2300000;52000;23-54-34
run_opt_test2_O3;2300000;52000;23-54-35
run_opt_test2_O3;2300023;52000;23-54-35
run_opt_test2_O3;2300000;52000;23-54-35
run_opt_test2_O3;2300000;52000;23-54-35
run_opt_test2_O3;2300023;52000;23-54-35
run_opt_test2_O3;2300000;52000;23-54-35
run_opt_test2_O3;2300000;52000;23-54-36
run_opt_test2_O3;2300023;52000;23-54-36
run_opt_test2_O3;2300000;52000;23-54-36
run_opt_test2_O3;2300023;52000;23-54-36
run_opt_test2_O3;2300023;52000;23-54-36
run_opt_test2_O3;2299976;52000;23-54-37
run_opt_test2_O3;2300000;52000;23-54-37
run_opt_test2_O3;2300000;52000;23-54-37
run_opt_test2_O3;2300000;52000;23-54-37
run_opt_test2_O3;2300000;52000;23-54-37
run_opt_test2_O3;2300000;52000;23-54-37
run_opt_test2_O3;2300000;52000;23-54-38
run_opt_test2_O3;2300000;52000;23-54-38
run_opt_test2_O3;2300023;52000;23-54-38
run_opt_test2_O3;2300000;52000;23-54-38
run_opt_test2_O3;2300000;52000;23-54-38
run_opt_test2_O3;2300000;52000;23-54-38
run_opt_test2_O3;2300000;52000;23-54-39
run_opt_test2_O3;2300000;52000;23-54-39
run_opt_test2_O3;2300023;52000;23-54-39
run_opt_test2_O3;2300000;52000;23-54-39
run_opt_test2_O3;2300000;52000;23-54-39
run_opt_test2_O3;2300000;52000;23-54-39
run_opt_test2_O3;2300000;52000;23-54-40
run_opt_test2_O3;2300000;52000;23-54-40
run_opt_test2_O3;2299953;52000;23-54-40
run_opt_test2_O3;2300000;52000;23-54-40
run_opt_test2_O3;2300000;52000;23-54-40
run_opt_test2_O3;2300023;52000;23-54-41
run_opt_test2_O3;2299976;52000;23-54-41
run_opt_test2_O3;2300000;52000;23-54-41
run_opt_test2_O3;2300000;52000;23-54-41
run_opt_test2_O3;2300000;52000;23-54-41
run_opt_test2_O3;2300000;52000;23-54-41
run_opt_test2_O3;2299976;52000;23-54-42
run_opt_test2_O3;2300000;52000;23-54-42
run_opt_test2_O3;2300023;52000;23-54-42
run_opt_test2_O3;2299976;52000;23-54-42
run_opt_test2_O3;2299976;52000;23-54-42
run_opt_test2_O3;2300000;52000;23-54-42
run_opt_test2_O3;2300000;52000;23-54-43
run_opt_test2_O3;2300000;52000;23-54-43
run_opt_test2_O3;2300000;52000;23-54-43
run_opt_test2_O3;2300000;52000;23-54-43
run_opt_test2_O3;2300000;52000;23-54-43
run_opt_test2_O3;2300000;52000;23-54-44
run_opt_test2_O3;2299976;52000;23-54-44
run_opt_test2_O3;2300000;52000;23-54-44
run_opt_test2_O3;2300000;52000;23-54-44
run_opt_test2_O3;2300000;52000;23-54-44
run_opt_test2_O3;2300000;52000;23-54-44
run_opt_test2_O3;2300000;52000;23-54-45
run_opt_test2_O3;2300023;52000;23-54-45
run_opt_test2_O3;2300000;52000;23-54-45
run_opt_test2_O3;2300000;52000;23-54-45
run_opt_test2_O3;2300000;52000;23-54-45
run_opt_test2_O3;2300023;52000;23-54-46
run_opt_test2_O3;2300000;52000;23-54-46
run_opt_test2_O3;2300023;54000;23-54-46
run_opt_test2_O3;2300000;54000;23-54-46
run_opt_test2_O3;2300000;54000;23-54-46
run_opt_test2_O3;2300023;54000;23-54-46
run_opt_test2_O3;2300000;54000;23-54-47
run_opt_test2_O3;2300023;54000;23-54-47
run_opt_test2_O3;2300000;52000;23-54-47
run_opt_test2_O3;2300000;52000;23-54-47
run_opt_test2_O3;2300000;52000;23-54-47
run_opt_test2_O3;2299976;52000;23-54-47
run_opt_test2_O3;2300023;52000;23-54-48
run_opt_test2_O3;2300000;52000;23-54-48
run_opt_test2_O3;2300000;52000;23-54-48
run_opt_test2_O3;2300000;52000;23-54-48
run_opt_test2_O3;2300000;52000;23-54-48
run_opt_test2_O3;2300000;52000;23-54-49
run_opt_test2_O3;2300000;52000;23-54-49
run_opt_test2_O3;2299976;52000;23-54-49
run_opt_test2_O3;2300023;52000;23-54-49
run_opt_test2_O3;2300023;52000;23-54-49
run_opt_test2_O3;2299976;52000;23-54-49
run_opt_test2_O3;2300000;52000;23-54-50
run_opt_test2_O3;2300023;52000;23-54-50
run_opt_test2_O3;2300023;52000;23-54-50
run_opt_test2_O3;2300000;52000;23-54-50
run_opt_test2_O3;2300000;52000;23-54-50
run_opt_test2_O3;2300000;52000;23-54-50
run_opt_test2_O3;2299976;52000;23-54-51
run_opt_test2_O3;2300023;52000;23-54-51
run_opt_test2_O3;2300000;52000;23-54-51
run_opt_test2_O3;2300000;52000;23-54-51
run_opt_test2_O3;2299976;52000;23-54-51
run_opt_test2_O3;2300000;52000;23-54-52
run_opt_test2_O3;2300000;52000;23-54-52
run_opt_test2_O3;2300000;52000;23-54-52
run_opt_test2_O3;2300000;52000;23-54-52
run_opt_test2_O3;2300000;52000;23-54-52
run_opt_test2_O3;2300000;52000;23-54-52
run_opt_test2_O3;2300000;52000;23-54-53
run_opt_test2_O3;2300000;52000;23-54-53
run_opt_test2_O3;2300000;52000;23-54-53
run_opt_test2_O3;2300000;52000;23-54-53
run_opt_test2_O3;2300000;52000;23-54-53
run_opt_test2_O3;2300000;52000;23-54-53
run_opt_test2_O3;2300023;52000;23-54-54
run_opt_test2_O3;2300000;52000;23-54-54
run_opt_test2_O3;2300000;52000;23-54-54
run_opt_test2_O3;2299976;52000;23-54-54
run_opt_test2_O3;2300000;52000;23-54-54
run_opt_test2_O3;2300000;52000;23-54-55
run_opt_test2_O3;2300000;52000;23-54-55
run_opt_test2_O3;2300000;52000;23-54-55
run_opt_test2_O3;2300000;52000;23-54-55
run_opt_test2_O3;2300000;52000;23-54-55
run_opt_test2_O3;2300000;52000;23-54-55
run_opt_test2_O3;2300000;52000;23-54-56
run_opt_test2_O3;2300000;52000;23-54-56
run_opt_test2_O3;2300000;52000;23-54-56
run_opt_test2_O3;2300000;52000;23-54-56
run_opt_test2_O3;2300000;52000;23-54-56
run_opt_test2_O3;2300000;52000;23-54-57
run_opt_test2_O3;2300000;52000;23-54-57
run_opt_test2_O3;2300000;52000;23-54-57
run_opt_test2_O3;2300000;52000;23-54-57
run_opt_test2_O3;2300000;52000;23-54-57
run_opt_test2_O3;2300023;52000;23-54-57
run_opt_test2_O3;2300000;52000;23-54-58
run_opt_test2_O3;2300023;52000;23-54-58
run_opt_test2_O3;2300000;52000;23-54-58
run_opt_test2_O3;2300000;52000;23-54-58
run_opt_test2_O3;2300000;52000;23-54-58
run_opt_test2_O3;2300000;52000;23-54-58
run_opt_test2_O3;2300046;52000;23-54-59
run_opt_test2_O3;2300023;52000;23-54-59
run_opt_test2_O3;2300000;52000;23-54-59
run_opt_test2_O3;2300000;52000;23-54-59
run_opt_test2_O3;2300023;52000;23-54-59
run_opt_test2_O3;2300000;52000;23-55-00
run_opt_test2_O3;2300000;52000;23-55-00
run_opt_test2_O3;2300000;52000;23-55-00
run_opt_test2_O3;2299976;52000;23-55-00
run_opt_test2_O3;2300000;52000;23-55-00
run_opt_test2_O3;2300000;52000;23-55-00
run_opt_test2_O3;2300000;52000;23-55-01
run_opt_test2_O3;2300000;52000;23-55-01
run_opt_test2_O3;2300000;52000;23-55-01
run_opt_test2_O3;2300184;52000;23-55-01
run_opt_test2_O3;2300000;52000;23-55-01
run_opt_test2_O3;2300000;52000;23-55-01
run_opt_test2_O3;2300000;52000;23-55-02
run_opt_test2_O3;2300000;52000;23-55-02
run_opt_test2_O3;2300000;52000;23-55-02
run_opt_test2_O3;2300023;52000;23-55-02
run_opt_test2_O3;2300000;52000;23-55-02
run_opt_test2_O3;2300000;52000;23-55-03
run_opt_test2_O3;2300000;52000;23-55-03
run_opt_test2_O3;2300023;52000;23-55-03
run_opt_test2_O3;2300000;52000;23-55-03
run_opt_test2_O3;2300000;52000;23-55-03
run_opt_test2_O3;2300000;52000;23-55-03
run_opt_test2_O3;2300000;52000;23-55-04
run_opt_test2_O3;2300000;52000;23-55-04
run_opt_test2_O3;2300000;52000;23-55-04
run_opt_test2_O3;2300000;52000;23-55-04
run_opt_test2_O3;2300000;52000;23-55-04
run_opt_test2_O3;2300000;52000;23-55-04
run_opt_test2_O3;2300000;52000;23-55-05
run_opt_test2_O3;2300023;52000;23-55-05
run_opt_test2_O3;2300000;52000;23-55-05
run_opt_test2_O3;2300000;52000;23-55-05
run_opt_test2_O3;2300000;52000;23-55-05
run_opt_test2_O3;2300000;52000;23-55-06
run_opt_test2_O3;2299976;52000;23-55-06
run_opt_test2_O3;2300000;52000;23-55-06
run_opt_test2_O3;2300000;52000;23-55-06
run_opt_test2_O3;2300000;52000;23-55-06
run_opt_test2_O3;2300000;52000;23-55-06
run_opt_test2_O3;2299953;52000;23-55-07
run_opt_test2_O3;2300023;52000;23-55-07
run_opt_test2_O3;2300000;52000;23-55-07
run_opt_test2_O3;2300000;52000;23-55-07
run_opt_test2_O3;2300000;52000;23-55-07
run_opt_test2_O3;2300000;52000;23-55-07
run_opt_test2_O3;2300000;52000;23-55-08
run_opt_test2_O3;2300023;52000;23-55-08
run_opt_test2_O3;2300000;52000;23-55-08
run_opt_test2_O3;2300000;52000;23-55-08
run_opt_test2_O3;2300000;52000;23-55-08
run_opt_test2_O3;2300023;52000;23-55-09
run_opt_test2_O3;2300000;52000;23-55-09
run_opt_test2_O3;2300000;52000;23-55-09
run_opt_test2_O3;2300000;52000;23-55-09
run_opt_test2_O3;2300000;52000;23-55-09
run_opt_test2_O3;2300023;52000;23-55-09
run_opt_test2_O3;2300000;52000;23-55-10
run_opt_test2_O3;2300000;52000;23-55-10
run_opt_test2_O3;2300000;52000;23-55-10
run_opt_test2_O3;2300000;52000;23-55-10
run_opt_test2_O3;2300023;50000;23-55-10
run_opt_test2_O3;2300000;50000;23-55-10
run_opt_test2_O3;2300023;50000;23-55-11
run_opt_test2_O3;2300000;50000;23-55-11
run_opt_test2_O3;2299976;50000;23-55-11
run_opt_test2_O3;2300023;50000;23-55-11
run_opt_test2_O3;2300000;52000;23-55-11
run_opt_test2_O3;2300000;52000;23-55-12
run_opt_test2_O3;2300000;52000;23-55-12
run_opt_test2_O3;2300000;52000;23-55-12
run_opt_test2_O3;2300000;52000;23-55-12
run_opt_test2_O3;2300023;52000;23-55-12
run_opt_test2_O3;2300000;52000;23-55-12
run_opt_test2_O3;2300000;52000;23-55-13
run_opt_test2_O3;2299976;52000;23-55-13
run_opt_test2_O3;2300000;52000;23-55-13
run_opt_test2_O3;2300000;52000;23-55-13
run_opt_test2_O3;2300000;52000;23-55-13
run_opt_test2_O3;2300000;52000;23-55-13
run_opt_test2_O3;2300000;52000;23-55-14
run_opt_test2_O3;2300000;52000;23-55-14
run_opt_test2_O3;2300000;52000;23-55-14
run_opt_test2_O3;2300000;52000;23-55-14
run_opt_test2_O3;2300000;52000;23-55-14
run_opt_test2_O3;2299976;52000;23-55-15
run_opt_test2_O3;2300023;52000;23-55-15
run_opt_test2_O3;2300023;52000;23-55-15
run_opt_test2_O3;2300023;52000;23-55-15
run_opt_test2_O3;2300023;52000;23-55-15
run_opt_test2_O3;2300000;52000;23-55-15
run_opt_test2_O3;2300023;52000;23-55-16
run_opt_test2_O3;2300023;52000;23-55-16
run_opt_test2_O3;2300000;52000;23-55-16
run_opt_test2_O3;2300000;52000;23-55-16
run_opt_test2_O3;2300000;52000;23-55-16
run_opt_test2_O3;2300000;52000;23-55-16
run_opt_test2_O3;2300000;52000;23-55-17
run_opt_test2_O3;2300000;52000;23-55-17
run_opt_test2_O3;2300000;52000;23-55-17
run_opt_test2_O3;2300000;52000;23-55-17
run_opt_test2_O3;2299976;52000;23-55-17
run_opt_test2_O3;2300000;52000;23-55-18
run_opt_test2_O3;2300023;52000;23-55-18
run_opt_test2_O3;2300000;52000;23-55-18
run_opt_test2_O3;2300000;52000;23-55-18
run_opt_test2_O3;2300000;52000;23-55-18
run_opt_test2_O3;2300000;52000;23-55-18
run_opt_test2_O3;2300000;52000;23-55-19
run_opt_test2_O3;2300000;52000;23-55-19
run_opt_test2_O3;2300000;52000;23-55-19
run_opt_test2_O3;2300000;52000;23-55-19
run_opt_test2_O3;2300000;52000;23-55-19
run_opt_test2_O3;2300000;52000;23-55-20
run_opt_test2_O3;2299976;52000;23-55-20
run_opt_test2_O3;2300023;52000;23-55-20
run_opt_test2_O3;2300000;52000;23-55-20
run_opt_test2_O3;2300000;52000;23-55-20
run_opt_test2_O3;2300000;52000;23-55-20
run_opt_test2_O3;2300000;52000;23-55-21
run_opt_test2_O3;2300046;52000;23-55-21
run_opt_test2_O3;2300023;50000;23-55-21
run_opt_test2_O3;2300000;50000;23-55-21
run_opt_test2_O3;2300000;50000;23-55-21
run_opt_test2_O3;2300023;50000;23-55-22
run_opt_test2_O3;2300000;50000;23-55-22
run_opt_test2_O3;2300023;50000;23-55-22
run_opt_test2_O3;2300000;52000;23-55-22
run_opt_test2_O3;2300000;52000;23-55-22
run_opt_test2_O3;2300000;52000;23-55-22
run_opt_test2_O3;2300000;52000;23-55-23
run_opt_test2_O3;2300000;52000;23-55-23
run_opt_test2_O3;2299976;52000;23-55-23
run_opt_test2_O3;2300000;52000;23-55-23
run_opt_test2_O3;2299976;52000;23-55-23
run_opt_test2_O3;2300000;52000;23-55-24
run_opt_test2_O3;2299976;52000;23-55-24
run_opt_test2_O3;2300000;52000;23-55-24
run_opt_test2_O3;2300000;52000;23-55-24
run_opt_test2_O3;2300000;50000;23-55-24
run_opt_test2_O3;2300000;50000;23-55-24
run_opt_test2_O3;2300023;50000;23-55-25
run_opt_test2_O3;2300000;50000;23-55-25
run_opt_test2_O3;2300000;50000;23-55-25
run_opt_test2_O3;2300000;50000;23-55-25
run_opt_test2_O3;2300000;52000;23-55-25
run_opt_test2_O3;2300000;52000;23-55-26
run_opt_test2_O3;2300000;52000;23-55-26
run_opt_test2_O3;2299976;52000;23-55-26
run_opt_test2_O3;2299976;52000;23-55-26
run_opt_test2_O3;2300000;52000;23-55-26
run_opt_test2_O3;2300023;52000;23-55-26
run_opt_test2_O3;2300000;52000;23-55-27
run_opt_test2_O3;2300000;52000;23-55-27
run_opt_test2_O3;2300000;52000;23-55-27
run_opt_test2_O3;2299976;52000;23-55-27
run_opt_test2_O3;2299976;52000;23-55-27
run_opt_test2_O3;2300000;50000;23-55-27
run_opt_test2_O3;2299976;50000;23-55-28
run_opt_test2_O3;2299976;50000;23-55-28
run_opt_test2_O3;2300000;50000;23-55-28
run_opt_test2_O3;2299976;50000;23-55-28
run_opt_test2_O3;2300000;50000;23-55-28
run_opt_test2_O3;2300000;52000;23-55-29
run_opt_test2_O3;2300023;52000;23-55-29
run_opt_test2_O3;2300000;52000;23-55-29
run_opt_test2_O3;2300000;52000;23-55-29
run_opt_test2_O3;2300000;52000;23-55-29
run_opt_test2_O3;2300023;52000;23-55-29
run_opt_test2_O3;2300023;52000;23-55-30
run_opt_test2_O3;2300000;52000;23-55-30
run_opt_test2_O3;2300000;52000;23-55-30
run_opt_test2_O3;2300000;52000;23-55-30
run_opt_test2_O3;2300000;52000;23-55-30
run_opt_test2_O3;2300000;52000;23-55-30
run_opt_test2_O3;2300000;52000;23-55-31
run_opt_test2_O3;2300000;52000;23-55-31
run_opt_test2_O3;2300000;52000;23-55-31
run_opt_test2_O3;2299976;52000;23-55-31
run_opt_test2_O3;2300000;52000;23-55-31
run_opt_test2_O3;2300000;52000;23-55-32
run_opt_test2_O3;2300000;50000;23-55-32
run_opt_test2_O3;2300023;50000;23-55-32
run_opt_test2_O3;2300023;50000;23-55-32
run_opt_test2_O3;2300023;50000;23-55-32
run_opt_test2_O3;2300000;50000;23-55-32
run_opt_test2_O3;2300000;50000;23-55-33
run_opt_test2_O3;2300000;50000;23-55-33
run_opt_test2_O3;2300000;50000;23-55-33
run_opt_test2_O3;2300000;50000;23-55-33
run_opt_test2_O3;2300000;50000;23-55-33
run_opt_test2_O3;2300000;50000;23-55-33
run_opt_test2_O3;2300000;50000;23-55-34
run_opt_test2_O3;2300000;52000;23-55-34
run_opt_test2_O3;2299976;52000;23-55-34
run_opt_test2_O3;2300023;52000;23-55-34
run_opt_test2_O3;2300023;52000;23-55-34
run_opt_test2_O3;2300000;52000;23-55-35
run_opt_test2_O3;2300000;52000;23-55-35
run_opt_test2_O3;2300000;52000;23-55-35
run_opt_test2_O3;2300000;52000;23-55-35
run_opt_test3_O3;3800000;50000;00-00-26
run_opt_test3_O3;3500000;50000;00-00-26
run_opt_test3_O3;3600000;50000;00-00-26
run_opt_test3_O3;3562987;50000;00-00-26
run_opt_test3_O3;2900000;50000;00-00-26
run_opt_test3_O3;3700000;50000;00-00-27
run_opt_test3_O3;3200000;54000;00-00-27
run_opt_test3_O3;3299956;54000;00-00-27
run_opt_test3_O3;3300000;54000;00-00-27
run_opt_test3_O3;3400044;54000;00-00-27
run_opt_test3_O3;3000000;54000;00-00-28
run_opt_test3_O3;3400000;54000;00-00-28
run_opt_test3_O3;2300000;50000;00-00-28
run_opt_test3_O3;2300000;50000;00-00-28
run_opt_test3_O3;2300000;50000;00-00-28
run_opt_test3_O3;2300000;50000;00-00-29
run_opt_test3_O3;2300000;50000;00-00-29
run_opt_test3_O3;2300000;50000;00-00-29
run_opt_test3_O3;2300000;48000;00-00-29
run_opt_test3_O3;2300000;48000;00-00-29
run_opt_test3_O3;2300000;48000;00-00-30
run_opt_test3_O3;2299976;48000;00-00-30
run_opt_test3_O3;2300023;48000;00-00-30
run_opt_test3_O3;2300000;48000;00-00-30
run_opt_test3_O3;2300000;48000;00-00-30
run_opt_test3_O3;2300000;48000;00-00-30
run_opt_test3_O3;2300000;48000;00-00-31
run_opt_test3_O3;2300000;48000;00-00-31
run_opt_test3_O3;2300000;48000;00-00-31
run_opt_test3_O3;2300000;48000;00-00-31
run_opt_test3_O3;2300000;48000;00-00-32
run_opt_test3_O3;2300000;48000;00-00-32
run_opt_test3_O3;2300000;48000;00-00-32
run_opt_test3_O3;2300023;48000;00-00-32
run_opt_test3_O3;2300046;48000;00-00-32
run_opt_test3_O3;2300000;50000;00-00-33
run_opt_test3_O3;2300000;50000;00-00-33
run_opt_test3_O3;2299976;50000;00-00-33
run_opt_test3_O3;2300000;50000;00-00-33
run_opt_test3_O3;2300000;50000;00-00-33
run_opt_test3_O3;2300000;50000;00-00-33
run_opt_test3_O3;2300023;48000;00-00-34
run_opt_test3_O3;2300000;48000;00-00-34
run_opt_test3_O3;2300000;48000;00-00-34
run_opt_test3_O3;2300023;48000;00-00-34
run_opt_test3_O3;2300023;48000;00-00-34
run_opt_test3_O3;2300000;48000;00-00-35
run_opt_test3_O3;2300000;48000;00-00-35
run_opt_test3_O3;2300023;48000;00-00-35
run_opt_test3_O3;2300000;48000;00-00-35
run_opt_test3_O3;2300000;48000;00-00-35
run_opt_test3_O3;2300023;48000;00-00-36
run_opt_test3_O3;2299976;50000;00-00-36
run_opt_test3_O3;2300000;50000;00-00-36
run_opt_test3_O3;2300000;50000;00-00-36
run_opt_test3_O3;2300000;50000;00-00-36
run_opt_test3_O3;2300000;50000;00-00-37
run_opt_test3_O3;2300000;50000;00-00-37
run_opt_test3_O3;2300000;50000;00-00-37
run_opt_test3_O3;2300000;50000;00-00-37
run_opt_test3_O3;2299976;50000;00-00-37
run_opt_test3_O3;2300000;50000;00-00-38
run_opt_test3_O3;2300023;50000;00-00-38
run_opt_test3_O3;2300000;50000;00-00-38
run_opt_test3_O3;2299976;50000;00-00-38
run_opt_test3_O3;2300023;50000;00-00-38
run_opt_test3_O3;2300000;50000;00-00-39
run_opt_test3_O3;2299976;50000;00-00-39
run_opt_test3_O3;2300000;50000;00-00-39
run_opt_test3_O3;2300000;48000;00-00-39
run_opt_test3_O3;2300000;48000;00-00-39
run_opt_test3_O3;2300000;48000;00-00-40
run_opt_test3_O3;2300023;48000;00-00-40
run_opt_test3_O3;2300000;48000;00-00-40
run_opt_test3_O3;2300023;48000;00-00-40
run_opt_test3_O3;2300000;48000;00-00-40
run_opt_test3_O3;2299976;48000;00-00-41
run_opt_test3_O3;2300000;48000;00-00-41
run_opt_test3_O3;2300023;48000;00-00-41
run_opt_test3_O3;2300000;48000;00-00-41
run_opt_test3_O3;2300000;48000;00-00-41
run_opt_test3_O3;2299976;50000;00-00-42
run_opt_test3_O3;2300023;50000;00-00-42
run_opt_test3_O3;2300000;50000;00-00-42
run_opt_test3_O3;2300000;50000;00-00-42
run_opt_test3_O3;2300000;50000;00-00-42
run_opt_test3_O3;2300000;50000;00-00-43
run_opt_test3_O3;2300023;50000;00-00-43
run_opt_test3_O3;2300000;50000;00-00-43
run_opt_test3_O3;2299976;50000;00-00-43
run_opt_test3_O3;2300000;50000;00-00-43
run_opt_test3_O3;2299976;50000;00-00-43
run_opt_test3_O3;2300000;50000;00-00-44
run_opt_test3_O3;2300000;50000;00-00-44
run_opt_test3_O3;2300000;50000;00-00-44
run_opt_test3_O3;2300000;50000;00-00-44
run_opt_test3_O3;2299976;50000;00-00-44
run_opt_test3_O3;2300000;50000;00-00-45
run_opt_test3_O3;2300000;50000;00-00-45
run_opt_test3_O3;2300000;50000;00-00-45
run_opt_test3_O3;2300000;50000;00-00-45
run_opt_test3_O3;2300000;50000;00-00-45
run_opt_test3_O3;2300000;50000;00-00-46
run_opt_test3_O3;2300000;50000;00-00-46
run_opt_test3_O3;2300023;50000;00-00-46
run_opt_test3_O3;2299976;50000;00-00-46
run_opt_test3_O3;2300000;50000;00-00-46
run_opt_test3_O3;2300000;50000;00-00-47
run_opt_test3_O3;2300000;50000;00-00-47
run_opt_test3_O3;2300000;50000;00-00-47
run_opt_test3_O3;2300000;50000;00-00-47
run_opt_test3_O3;2300000;48000;00-00-47
run_opt_test3_O3;2300000;48000;00-00-48
run_opt_test3_O3;2300000;48000;00-00-48
run_opt_test3_O3;2300000;48000;00-00-48
run_opt_test3_O3;2299976;48000;00-00-48
run_opt_test3_O3;2300000;48000;00-00-48
run_opt_test3_O3;2300000;50000;00-00-49
run_opt_test3_O3;2300023;50000;00-00-49
run_opt_test3_O3;2300000;50000;00-00-49
run_opt_test3_O3;2300023;50000;00-00-49
run_opt_test3_O3;2299976;50000;00-00-49
run_opt_test3_O3;2300023;50000;00-00-50
run_opt_test3_O3;2300023;50000;00-00-50
run_opt_test3_O3;2300000;50000;00-00-50
run_opt_test3_O3;2300000;50000;00-00-50
run_opt_test3_O3;2300000;50000;00-00-50
run_opt_test3_O3;2300000;50000;00-00-51
run_opt_test3_O3;2300000;50000;00-00-51
run_opt_test3_O3;2300000;50000;00-00-51
run_opt_test3_O3;2300000;50000;00-00-51
run_opt_test3_O3;2300023;50000;00-00-51
run_opt_test3_O3;2300023;50000;00-00-52
run_opt_test3_O3;2300000;50000;00-00-52
run_opt_test3_O3;2299976;50000;00-00-52
run_opt_test3_O3;2299976;50000;00-00-52
run_opt_test3_O3;2300000;50000;00-00-52
run_opt_test3_O3;2300000;50000;00-00-53
run_opt_test3_O3;2300000;50000;00-00-53
run_opt_test3_O3;2300023;50000;00-00-53
run_opt_test3_O3;2300000;50000;00-00-53
run_opt_test3_O3;2300000;50000;00-00-53
run_opt_test3_O3;2300000;50000;00-00-54
run_opt_test3_O3;2300000;50000;00-00-54
run_opt_test3_O3;2300000;50000;00-00-54
run_opt_test3_O3;2300023;50000;00-00-54
run_opt_test3_O3;2300000;50000;00-00-54
run_opt_test3_O3;2300023;50000;00-00-54
run_opt_test3_O3;2300023;50000;00-00-55
run_opt_test3_O3;2300000;50000;00-00-55
run_opt_test3_O3;2300000;50000;00-00-55
run_opt_test3_O3;2299976;50000;00-00-55
run_opt_test3_O3;2300000;50000;00-00-55
run_opt_test3_O3;2300000;50000;00-00-56
run_opt_test3_O3;2300000;50000;00-00-56
run_opt_test3_O3;2300000;50000;00-00-56
run_opt_test3_O3;2300000;50000;00-00-56
run_opt_test3_O3;2300023;50000;00-00-56
run_opt_test3_O3;2300000;50000;00-00-57
run_opt_test3_O3;2300000;50000;00-00-57
run_opt_test3_O3;2299976;50000;00-00-57
run_opt_test3_O3;2300000;50000;00-00-57
run_opt_test3_O3;2299976;50000;00-00-57
run_opt_test3_O3;2300000;50000;00-00-58
run_opt_test3_O3;2300000;50000;00-00-58
run_opt_test3_O3;2300000;50000;00-00-58
run_opt_test3_O3;2300000;50000;00-00-58
run_opt_test3_O3;2299976;50000;00-00-58
run_opt_test3_O3;2300023;50000;00-00-59
run_opt_test3_O3;2300000;50000;00-00-59
run_opt_test3_O3;2300000;50000;00-00-59
run_opt_test3_O3;2299976;50000;00-00-59
run_opt_test3_O3;2300000;50000;00-00-59
run_opt_test3_O3;2300000;50000;00-01-00
run_opt_test3_O3;2300000;50000;00-01-00
run_opt_test3_O3;2300000;50000;00-01-00
run_opt_test3_O3;2300023;50000;00-01-00
run_opt_test3_O3;2300000;50000;00-01-00
run_opt_test3_O3;2300000;50000;00-01-01
run_opt_test3_O3;2300000;50000;00-01-01
run_opt_test3_O3;2300000;50000;00-01-01
run_opt_test3_O3;2300000;50000;00-01-01
run_opt_test3_O3;2300000;50000;00-01-01
run_opt_test3_O3;2300000;50000;00-01-02
run_opt_test3_O3;2300000;50000;00-01-02
run_opt_test3_O3;2300000;50000;00-01-02
run_opt_test3_O3;2299976;50000;00-01-02
run_opt_test3_O3;2300023;50000;00-01-02
run_opt_test3_O3;2299976;50000;00-01-03
run_opt_test3_O3;2300000;50000;00-01-03
run_opt_test3_O3;2300000;50000;00-01-03
run_opt_test3_O3;2300000;50000;00-01-03
run_opt_test3_O3;2300000;50000;00-01-03
run_opt_test3_O3;2299976;50000;00-01-04
run_opt_test3_O3;2300000;50000;00-01-04
run_opt_test3_O3;2300023;50000;00-01-04
run_opt_test3_O3;2300000;50000;00-01-04
run_opt_test3_O3;2299976;50000;00-01-04
run_opt_test3_O3;2300000;50000;00-01-05
run_opt_test3_O3;2300000;50000;00-01-05
run_opt_test3_O3;2300000;50000;00-01-05
run_opt_test3_O3;2299976;50000;00-01-05
run_opt_test3_O3;2300000;50000;00-01-05
run_opt_test3_O3;2300023;50000;00-01-05
run_opt_test3_O3;2300000;50000;00-01-06
run_opt_test3_O3;2300000;50000;00-01-06
run_opt_test3_O3;2299976;50000;00-01-06
run_opt_test3_O3;2300023;50000;00-01-06
run_opt_test3_O3;2300000;50000;00-01-06
run_opt_test3_O3;2300023;50000;00-01-07
run_opt_test3_O3;2299976;50000;00-01-07
run_opt_test3_O3;2300000;50000;00-01-07
run_opt_test3_O3;2300000;50000;00-01-07
run_opt_test3_O3;2300000;50000;00-01-07
run_opt_test3_O3;2299976;50000;00-01-08
run_opt_test3_O3;2300000;50000;00-01-08
run_opt_test3_O3;2300000;50000;00-01-08
run_opt_test3_O3;2300000;50000;00-01-08
run_opt_test3_O3;2300000;50000;00-01-08
run_opt_test3_O3;2300000;50000;00-01-09
run_opt_test3_O3;2300000;50000;00-01-09
run_opt_test3_O3;2299976;50000;00-01-09
run_opt_test3_O3;2300023;50000;00-01-09
run_opt_test3_O3;2300000;50000;00-01-09
run_opt_test3_O3;2299976;50000;00-01-10
run_opt_test3_O3;2300000;50000;00-01-10
run_opt_test3_O3;2300000;50000;00-01-10
run_opt_test3_O3;2299976;50000;00-01-10
run_opt_test3_O3;2300023;50000;00-01-10
run_opt_test3_O3;2300000;50000;00-01-11
run_opt_test3_O3;2300000;50000;00-01-11
run_opt_test3_O3;2299976;50000;00-01-11
run_opt_test3_O3;2300000;50000;00-01-11
run_opt_test3_O3;2300023;50000;00-01-11
run_opt_test3_O3;2300023;50000;00-01-12
run_opt_test3_O3;2300023;50000;00-01-12
run_opt_test3_O3;2300000;50000;00-01-12
run_opt_test3_O3;2300000;50000;00-01-12
run_opt_test3_O3;2299976;50000;00-01-12
run_opt_test3_O3;2299953;50000;00-01-13
run_opt_test3_O3;2300000;50000;00-01-13
run_opt_test3_O3;2300000;50000;00-01-13
run_opt_test3_O3;2300000;50000;00-01-13
run_opt_test3_O3;2300023;50000;00-01-13
run_opt_test3_O3;2300023;50000;00-01-14
run_opt_test3_O3;2300000;50000;00-01-14
run_opt_test3_O3;2300000;50000;00-01-14
run_opt_test3_O3;2300000;50000;00-01-14
run_opt_test3_O3;2300000;50000;00-01-14
run_opt_test3_O3;2300023;50000;00-01-15
run_opt_test3_O3;2300000;50000;00-01-15
run_opt_test3_O3;2300000;50000;00-01-15
run_opt_test3_O3;2300023;50000;00-01-15
run_opt_test3_O3;2300000;50000;00-01-15
run_opt_test3_O3;2299976;50000;00-01-15
run_opt_test3_O3;2300000;50000;00-01-16
run_opt_test3_O3;2300000;50000;00-01-16
run_opt_test3_O3;2300000;50000;00-01-16
run_opt_test3_O3;2300000;50000;00-01-16
run_opt_test3_O3;2300000;50000;00-01-16
run_opt_test3_O3;2300000;50000;00-01-17
run_opt_test3_O3;2300000;50000;00-01-17
run_opt_test3_O3;2299976;50000;00-01-17
run_opt_test3_O3;2300000;50000;00-01-17
run_opt_test3_O3;2300000;50000;00-01-17
run_opt_test3_O3;2300000;52000;00-01-18
run_opt_test3_O3;2300000;52000;00-01-18
run_opt_test3_O3;2300000;52000;00-01-18
run_opt_test3_O3;2300000;52000;00-01-18
run_opt_test3_O3;2300000;52000;00-01-18
run_opt_test3_O3;2300000;52000;00-01-19
run_opt_test3_O3;2300000;50000;00-01-19
run_opt_test3_O3;2300000;50000;00-01-19
run_opt_test3_O3;2300000;50000;00-01-19
run_opt_test3_O3;2300000;50000;00-01-19
run_opt_test3_O3;2299976;50000;00-01-20
run_opt_test3_O3;2300000;50000;00-01-20
run_opt_test3_O3;2300023;50000;00-01-20
run_opt_test3_O3;2300000;50000;00-01-20
run_opt_test3_O3;2300000;50000;00-01-20
run_opt_test3_O3;2300000;50000;00-01-21
run_opt_test3_O3;2299976;50000;00-01-21
run_opt_test3_O3;2300023;50000;00-01-21
run_opt_test3_O3;2300000;50000;00-01-21
run_opt_test3_O3;2300023;50000;00-01-21
run_opt_test3_O3;2300000;50000;00-01-22
run_opt_test3_O3;2300000;50000;00-01-22
run_opt_test3_O3;2300000;50000;00-01-22
run_opt_test3_O3;2299976;50000;00-01-22
run_opt_test3_O3;2299976;50000;00-01-22
run_opt_test3_O3;2300023;50000;00-01-23
run_opt_test3_O3;2300000;50000;00-01-23
run_opt_test3_O3;2300000;50000;00-01-23
run_opt_test3_O3;2300000;50000;00-01-23
run_opt_test3_O3;2300000;50000;00-01-23
run_opt_test3_O3;2300000;50000;00-01-23
run_opt_test3_O3;2300046;50000;00-01-24
run_opt_test3_O3;2299976;50000;00-01-24
run_opt_test3_O3;2300000;50000;00-01-24
run_opt_test3_O3;2300000;50000;00-01-24
run_opt_test3_O3;2299976;50000;00-01-24
run_opt_test3_O3;2300023;50000;00-01-25
run_opt_test3_O3;2300000;50000;00-01-25
run_opt_test3_O3;2300023;50000;00-01-25
run_opt_test3_O3;2300000;50000;00-01-25
run_opt_test3_O3;2300023;50000;00-01-25
run_opt_test3_O3;2300000;50000;00-01-26
run_opt_test3_O3;2300000;50000;00-01-26
run_opt_test3_O3;2300000;50000;00-01-26
run_opt_test3_O3;2300000;50000;00-01-26
run_opt_test3_O3;2300000;50000;00-01-26
run_opt_test3_O3;2300000;50000;00-01-27
run_opt_test3_O3;2300000;50000;00-01-27
run_opt_test3_O3;2300000;50000;00-01-27
run_opt_test3_O3;2300000;50000;00-01-27
run_opt_test3_O3;2300000;50000;00-01-27
run_opt_test3_O3;2300000;50000;00-01-28
run_opt_test3_O3;2300000;50000;00-01-28
run_opt_test3_O3;2300000;50000;00-01-28
run_opt_test3_O3;2300000;50000;00-01-28
run_opt_test3_O3;2300000;50000;00-01-28
run_opt_test3_O3;2300000;50000;00-01-29
run_opt_test3_O3;2300000;50000;00-01-29
run_opt_test3_O3;2300000;50000;00-01-29
run_opt_test3_O3;2300000;50000;00-01-29
run_opt_test3_O3;2300023;50000;00-01-29
run_opt_test3_O3;3600000;58000;00-01-33
run_opt_test3_O3;2520486;58000;00-01-33
run_opt_test3_O3;3400000;58000;00-01-33
run_opt_test3_O3;2300000;58000;00-01-33
run_opt_test3_O3;2300000;58000;00-01-33
run_opt_test3_O3;2299976;58000;00-01-33
run_opt_test3_O3;2299953;50000;00-01-34
run_opt_test3_O3;2299976;50000;00-01-34
run_opt_test3_O3;2300023;50000;00-01-34
run_opt_test3_O3;2300000;50000;00-01-34
run_opt_test3_O3;2300000;50000;00-01-34
run_opt_test3_O3;2300000;50000;00-01-35
run_opt_test3_O3;2300000;50000;00-01-35
run_opt_test3_O3;2299976;50000;00-01-35
run_opt_test3_O3;2300000;50000;00-01-35
run_opt_test3_O3;2300000;50000;00-01-35
run_opt_test3_O3;2300000;50000;00-01-36
run_opt_test3_O3;2299976;52000;00-01-36
run_opt_test3_O3;2300000;52000;00-01-36
run_opt_test3_O3;2299976;52000;00-01-36
run_opt_test3_O3;2300000;52000;00-01-36
run_opt_test3_O3;2300023;52000;00-01-37
run_opt_test3_O3;2300000;52000;00-01-37
run_opt_test3_O3;2300000;52000;00-01-37
run_opt_test3_O3;2299976;52000;00-01-37
run_opt_test3_O3;2300000;52000;00-01-37
run_opt_test3_O3;2299976;52000;00-01-38
run_opt_test3_O3;2300000;52000;00-01-38
run_opt_test3_O3;2300000;50000;00-01-38
run_opt_test3_O3;2300023;50000;00-01-38
run_opt_test3_O3;2300000;50000;00-01-38
run_opt_test3_O3;2299976;50000;00-01-39
run_opt_test3_O3;2300000;50000;00-01-39
run_opt_test3_O3;2299976;52000;00-01-39
run_opt_test3_O3;2300000;52000;00-01-39
run_opt_test3_O3;2299976;52000;00-01-39
run_opt_test3_O3;2299976;52000;00-01-40
run_opt_test3_O3;2300000;52000;00-01-40
run_opt_test3_O3;2300023;52000;00-01-40
run_opt_test3_O3;2300000;50000;00-01-40
run_opt_test3_O3;2300000;50000;00-01-40
run_opt_test3_O3;2300023;50000;00-01-41
run_opt_test3_O3;2300023;50000;00-01-41
run_opt_test3_O3;2300000;50000;00-01-41
run_opt_test3_O3;2300000;50000;00-01-41
run_opt_test3_O3;2300000;50000;00-01-41
run_opt_test3_O3;2300000;50000;00-01-42
run_opt_test3_O3;2300023;50000;00-01-42
run_opt_test3_O3;2300000;50000;00-01-42
run_opt_test3_O3;2300000;50000;00-01-42
run_opt_test3_O3;2300023;50000;00-01-42
run_opt_test3_O3;2300000;50000;00-01-43
run_opt_test3_O3;2300000;50000;00-01-43
run_opt_test3_O3;2300000;50000;00-01-43
run_opt_test3_O3;2300000;50000;00-01-43
run_opt_test3_O3;2300000;50000;00-01-43
run_opt_test3_O3;2300000;50000;00-01-44
run_opt_test3_O3;2300000;50000;00-01-44
run_opt_test3_O3;2299976;50000;00-01-44
run_opt_test3_O3;2299976;50000;00-01-44
run_opt_test3_O3;2300023;50000;00-01-44
run_opt_test3_O3;2300000;50000;00-01-45
run_opt_test3_O3;2300000;50000;00-01-45
run_opt_test3_O3;2300000;52000;00-01-45
run_opt_test3_O3;2300000;52000;00-01-45
run_opt_test3_O3;2300000;52000;00-01-45
run_opt_test3_O3;2300000;52000;00-01-46
run_opt_test3_O3;2300000;52000;00-01-46
run_opt_test3_O3;2300000;50000;00-01-46
run_opt_test3_O3;2300023;50000;00-01-46
run_opt_test3_O3;2300000;50000;00-01-46
run_opt_test3_O3;2300000;50000;00-01-47
run_opt_test3_O3;2300000;50000;00-01-47
run_opt_test3_O3;2300000;50000;00-01-47
run_opt_test3_O3;2300000;52000;00-01-47
run_opt_test3_O3;2300000;52000;00-01-47
run_opt_test3_O3;2300023;52000;00-01-48
run_opt_test3_O3;2300000;52000;00-01-48
run_opt_test3_O3;2300000;52000;00-01-48
run_opt_test3_O3;2300023;52000;00-01-48
run_opt_test3_O3;2300000;50000;00-01-48
run_opt_test3_O3;2300023;50000;00-01-49
run_opt_test3_O3;2299976;50000;00-01-49
run_opt_test3_O3;2300000;50000;00-01-49
run_opt_test3_O3;2300000;50000;00-01-49
run_opt_test3_O3;2300000;50000;00-01-49
run_opt_test3_O3;2300000;50000;00-01-50
run_opt_test3_O3;2300000;50000;00-01-50
run_opt_test3_O3;2300000;50000;00-01-50
run_opt_test3_O3;2300000;50000;00-01-50
run_opt_test3_O3;2300000;50000;00-01-50
run_opt_test3_O3;2300000;50000;00-01-50
run_opt_test3_O3;2299976;50000;00-01-51
run_opt_test3_O3;2300000;50000;00-01-51
run_opt_test3_O3;2300023;50000;00-01-51
run_opt_test3_O3;2300023;50000;00-01-51
run_opt_test3_O3;2299976;50000;00-01-51
run_opt_test3_O3;2300000;52000;00-01-52
run_opt_test3_O3;2299976;52000;00-01-52
run_opt_test3_O3;2300000;52000;00-01-52
run_opt_test3_O3;2300000;52000;00-01-52
run_opt_test3_O3;2300000;52000;00-01-52
run_opt_test3_O3;2299976;52000;00-01-53
run_opt_test3_O3;2300000;50000;00-01-53
run_opt_test3_O3;2300000;50000;00-01-53
run_opt_test3_O3;2300000;50000;00-01-53
run_opt_test3_O3;2300000;50000;00-01-53
run_opt_test3_O3;2300023;50000;00-01-54
run_opt_test3_O3;2300000;50000;00-01-54
run_opt_test3_O3;2300000;50000;00-01-54
run_opt_test3_O3;2300000;50000;00-01-54
run_opt_test3_O3;2300000;50000;00-01-54
run_opt_test3_O3;2300000;50000;00-01-55
run_opt_test3_O3;2300000;50000;00-01-55
run_opt_test3_O3;2300023;50000;00-01-55
run_opt_test3_O3;2300000;50000;00-01-55
run_opt_test3_O3;2300046;50000;00-01-55
run_opt_test3_O3;2300023;50000;00-01-56
run_opt_test3_O3;2300000;50000;00-01-56
run_opt_test3_O3;2300000;50000;00-01-56
run_opt_test3_O3;2300000;52000;00-01-56
run_opt_test3_O3;2299976;52000;00-01-56
run_opt_test3_O3;2300000;52000;00-01-57
run_opt_test3_O3;2300000;52000;00-01-57
run_opt_test3_O3;2300023;52000;00-01-57
run_opt_test3_O3;2300023;52000;00-01-57
run_opt_test3_O3;2300000;50000;00-01-57
run_opt_test3_O3;2300000;50000;00-01-58
run_opt_test3_O3;2300023;50000;00-01-58
run_opt_test3_O3;2300000;50000;00-01-58
run_opt_test3_O3;2300000;50000;00-01-58
run_opt_test3_O3;2300000;50000;00-01-58
run_opt_test3_O3;2300000;50000;00-01-58
run_opt_test3_O3;2299976;50000;00-01-59
run_opt_test3_O3;2300000;50000;00-01-59
run_opt_test3_O3;2300000;50000;00-01-59
run_opt_test3_O3;2300000;50000;00-01-59
run_opt_test3_O3;2300000;50000;00-01-59
run_opt_test3_O3;2300000;50000;00-02-00
run_opt_test3_O3;2300023;50000;00-02-00
run_opt_test3_O3;2300000;50000;00-02-00
run_opt_test3_O3;2300000;50000;00-02-00
run_opt_test3_O3;2300000;50000;00-02-00
run_opt_test3_O3;2299976;50000;00-02-01
run_opt_test3_O3;2300000;50000;00-02-01
run_opt_test3_O3;2300000;50000;00-02-01
run_opt_test3_O3;2300000;50000;00-02-01
run_opt_test3_O3;2300000;50000;00-02-01
run_opt_test3_O3;2300000;50000;00-02-02
run_opt_test3_O3;2300023;50000;00-02-02
run_opt_test3_O3;2300023;50000;00-02-02
run_opt_test3_O3;2300000;50000;00-02-02
run_opt_test3_O3;2300000;50000;00-02-02
run_opt_test3_O3;2300023;50000;00-02-03
run_opt_test3_O3;2300000;50000;00-02-03
run_opt_test3_O3;2300000;52000;00-02-03
run_opt_test3_O3;2299976;52000;00-02-03
run_opt_test3_O3;2300023;52000;00-02-03
run_opt_test3_O3;2300000;52000;00-02-04
run_opt_test3_O3;2300000;52000;00-02-04
run_opt_test3_O3;2300000;50000;00-02-04
run_opt_test3_O3;2300000;50000;00-02-04
run_opt_test3_O3;2300000;50000;00-02-04
run_opt_test3_O3;2299976;50000;00-02-05
run_opt_test3_O3;2300023;50000;00-02-05
run_opt_test3_O3;2299976;50000;00-02-05
run_opt_test3_O3;2300000;52000;00-02-05
run_opt_test3_O3;2300000;52000;00-02-05
run_opt_test3_O3;2300023;52000;00-02-06
run_opt_test3_O3;2300023;52000;00-02-06
run_opt_test3_O3;2300000;52000;00-02-06
run_opt_test3_O3;2299976;52000;00-02-06
run_opt_test3_O3;2300000;50000;00-02-06
run_opt_test3_O3;2300000;50000;00-02-07
run_opt_test3_O3;2299976;50000;00-02-07
run_opt_test3_O3;2300023;50000;00-02-07
run_opt_test3_O3;2299976;50000;00-02-07
run_opt_test3_O3;2300000;50000;00-02-07
run_opt_test3_O3;2300000;50000;00-02-08
run_opt_test3_O3;2300000;50000;00-02-08
run_opt_test3_O3;2300000;50000;00-02-08
run_opt_test3_O3;2299976;50000;00-02-08
run_opt_test3_O3;2300023;50000;00-02-08
run_opt_test3_O3;2299976;50000;00-02-09
run_opt_test3_O3;2300000;50000;00-02-09
run_opt_test3_O3;2300000;50000;00-02-09
run_opt_test3_O3;2300000;50000;00-02-09
run_opt_test3_O3;2299976;50000;00-02-09
run_opt_test3_O3;2300023;50000;00-02-10
run_opt_test3_O3;2299976;50000;00-02-10
run_opt_test3_O3;2300000;50000;00-02-10
run_opt_test3_O3;2300023;50000;00-02-10
run_opt_test3_O3;2300000;50000;00-02-10
run_opt_test3_O3;2300000;50000;00-02-11
run_opt_test3_O3;2300000;50000;00-02-11
run_opt_test3_O3;2300000;50000;00-02-11
run_opt_test3_O3;2300000;50000;00-02-11
run_opt_test3_O3;2299976;50000;00-02-11
run_opt_test3_O3;2300023;50000;00-02-11
run_opt_test3_O3;2300000;50000;00-02-12
run_opt_test3_O3;2300000;50000;00-02-12
run_opt_test3_O3;2300023;50000;00-02-12
run_opt_test3_O3;2300000;50000;00-02-12
run_opt_test3_O3;2300000;50000;00-02-12
run_opt_test3_O3;2300000;50000;00-02-13
run_opt_test3_O3;2300000;50000;00-02-13
run_opt_test3_O3;2299976;50000;00-02-13
run_opt_test3_O3;2300000;50000;00-02-13
run_opt_test3_O3;2300000;50000;00-02-13
run_opt_test3_O3;2300000;50000;00-02-14
run_opt_test3_O3;2300023;52000;00-02-14
run_opt_test3_O3;2300000;52000;00-02-14
run_opt_test3_O3;2300000;52000;00-02-14
run_opt_test3_O3;2300000;52000;00-02-14
run_opt_test3_O3;2300000;52000;00-02-15
run_opt_test3_O3;2299976;52000;00-02-15
run_opt_test3_O3;2300023;50000;00-02-15
run_opt_test3_O3;2300000;50000;00-02-15
run_opt_test3_O3;2300023;50000;00-02-15
run_opt_test3_O3;2300000;50000;00-02-16
run_opt_test3_O3;2300046;50000;00-02-16
run_opt_test3_O3;2300000;50000;00-02-16
run_opt_test3_O3;2300000;52000;00-02-16
run_opt_test3_O3;2300000;52000;00-02-16
run_opt_test3_O3;2300023;52000;00-02-17
run_opt_test3_O3;2300000;52000;00-02-17
run_opt_test3_O3;2299976;52000;00-02-17
run_opt_test3_O3;2300023;52000;00-02-17
run_opt_test3_O3;2300000;50000;00-02-17
run_opt_test3_O3;2300000;50000;00-02-18
run_opt_test3_O3;2300023;50000;00-02-18
run_opt_test3_O3;2300023;50000;00-02-18
run_opt_test3_O3;2300000;50000;00-02-18
run_opt_test3_O3;2300000;50000;00-02-18
run_opt_test3_O3;2300000;52000;00-02-19
run_opt_test3_O3;2300000;52000;00-02-19
run_opt_test3_O3;2300000;52000;00-02-19
run_opt_test3_O3;2299976;52000;00-02-19
run_opt_test3_O3;2300000;52000;00-02-19
run_opt_test3_O3;2300000;52000;00-02-20
run_opt_test3_O3;2300000;52000;00-02-20
run_opt_test3_O3;2300000;52000;00-02-20
run_opt_test3_O3;2299976;52000;00-02-20
run_opt_test3_O3;2300000;52000;00-02-20
run_opt_test3_O3;2299976;52000;00-02-21
run_opt_test3_O3;2300000;52000;00-02-21
run_opt_test3_O3;2300023;52000;00-02-21
run_opt_test3_O3;2300000;52000;00-02-21
run_opt_test3_O3;2300000;52000;00-02-21
run_opt_test3_O3;2300000;52000;00-02-21
run_opt_test3_O3;2300000;52000;00-02-22
run_opt_test3_O3;2300000;52000;00-02-22
run_opt_test3_O3;2299976;52000;00-02-22
run_opt_test3_O3;2300000;52000;00-02-22
run_opt_test3_O3;2300023;52000;00-02-22
run_opt_test3_O3;2300000;52000;00-02-23
run_opt_test3_O3;2300023;52000;00-02-23
run_opt_test3_O3;2300000;52000;00-02-23
run_opt_test3_O3;2300000;50000;00-02-23
run_opt_test3_O3;2300000;50000;00-02-23
run_opt_test3_O3;2300000;50000;00-02-24
run_opt_test3_O3;2300000;50000;00-02-24
run_opt_test3_O3;2300000;50000;00-02-24
run_opt_test3_O3;2300000;50000;00-02-24
run_opt_test3_O3;2300023;50000;00-02-24
run_opt_test3_O3;2300000;50000;00-02-25
run_opt_test3_O3;2300023;50000;00-02-25
run_opt_test3_O3;2300000;50000;00-02-25
run_opt_test3_O3;2300000;50000;00-02-25
run_opt_test3_O3;2300000;50000;00-02-25
run_opt_test3_O3;2300000;50000;00-02-26
run_opt_test3_O3;2300023;50000;00-02-26
run_opt_test3_O3;2300000;50000;00-02-26
run_opt_test3_O3;2300023;50000;00-02-26
run_opt_test3_O3;2300000;50000;00-02-26
run_opt_test3_O3;2300023;50000;00-02-27
run_opt_test3_O3;2300023;50000;00-02-27
run_opt_test3_O3;2300000;50000;00-02-27
run_opt_test3_O3;2299976;50000;00-02-27
run_opt_test3_O3;2300000;50000;00-02-27
run_opt_test3_O3;2299976;50000;00-02-28
run_opt_test3_O3;2300000;50000;00-02-28
run_opt_test3_O3;2300000;50000;00-02-28
run_opt_test3_O3;2300000;50000;00-02-28
run_opt_test3_O3;2300000;50000;00-02-28
run_opt_test3_O3;2299976;50000;00-02-29
run_opt_test3_O3;2300023;50000;00-02-29
run_opt_test3_O3;2300000;52000;00-02-29
run_opt_test3_O3;2300000;52000;00-02-29
run_opt_test3_O3;2300000;52000;00-02-29
run_opt_test3_O3;2300000;52000;00-02-30
run_opt_test3_O3;2300000;52000;00-02-30
run_opt_test3_O3;2300000;52000;00-02-30
run_opt_test3_O3;2300000;50000;00-02-30
run_opt_test3_O3;2300000;50000;00-02-30
run_opt_test3_O3;2300000;50000;00-02-31
run_opt_test3_O3;2300023;50000;00-02-31
run_opt_test3_O3;2299838;50000;00-02-31
run_opt_test3_O3;2300000;50000;00-02-31
run_opt_test3_O3;2300000;50000;00-02-31
run_opt_test3_O3;2300000;50000;00-02-32
run_opt_test3_O3;2300000;50000;00-02-32
run_opt_test3_O3;2300000;50000;00-02-32
run_opt_test3_O3;2300023;50000;00-02-32
run_opt_test3_O3;2299976;50000;00-02-32
run_opt_test3_O3;2300000;50000;00-02-33
run_opt_test3_O3;2300000;50000;00-02-33
run_opt_test3_O3;2300000;50000;00-02-33
run_opt_test3_O3;2300000;50000;00-02-33
run_opt_test3_O3;2300000;52000;00-02-33
run_opt_test3_O3;2300000;52000;00-02-34
run_opt_test3_O3;2300000;52000;00-02-34
run_opt_test3_O3;2300000;52000;00-02-34
run_opt_test3_O3;2300000;52000;00-02-34
run_opt_test3_O3;2300000;52000;00-02-34
run_opt_test3_O3;2300000;50000;00-02-35
run_opt_test3_O3;2299976;50000;00-02-35
run_opt_test3_O3;2300000;50000;00-02-35
run_opt_test3_O3;2300000;50000;00-02-35
run_opt_test3_O3;2299976;50000;00-02-35
run_opt_test3_O3;2300000;50000;00-02-36
run_opt_test3_O3;2300000;52000;00-02-36
run_opt_test3_O3;2300000;52000;00-02-36
run_opt_test3_O3;2300023;52000;00-02-36
run_opt_test3_O3;2300000;52000;00-02-36
run_opt_test3_O3;2300000;52000;00-02-37
run_opt_test3_O3;2300000;52000;00-02-37
run_opt_test3_O3;2300046;52000;00-02-37
run_opt_test0_O0;3800000;54000;00-04-04
run_opt_test0_O0;2900039;54000;00-04-04
run_opt_test0_O0;3000030;54000;00-04-04
run_opt_test0_O0;2300000;54000;00-04-04
run_opt_test0_O0;2300000;54000;00-04-04
run_opt_test0_O0;2204050;54000;00-04-05
run_opt_test0_O0;2300000;54000;00-04-05
run_opt_test0_O0;2300000;54000;00-04-05
run_opt_test0_O0;2300000;46000;00-04-05
run_opt_test0_O0;2198156;46000;00-04-05
run_opt_test0_O0;2300000;46000;00-04-05
run_opt_test0_O0;2300023;46000;00-04-05
run_opt_test0_O0;2098532;46000;00-04-06
run_opt_test0_O0;2123983;46000;00-04-06
run_opt_test0_O0;2120020;46000;00-04-06
run_opt_test0_O0;2300000;48000;00-04-06
run_opt_test0_O0;2184989;48000;00-04-06
run_opt_test0_O0;2300000;48000;00-04-06
run_opt_test0_O0;2300046;48000;00-04-06
run_opt_test0_O0;2202309;48000;00-04-07
run_opt_test0_O0;2300000;48000;00-04-07
run_opt_test0_O0;2299976;48000;00-04-07
run_opt_test0_O0;2300023;48000;00-04-07
run_opt_test0_O0;2300000;48000;00-04-07
run_opt_test0_O0;2300023;48000;00-04-07
run_opt_test0_O0;2104653;48000;00-04-07
run_opt_test0_O0;2300000;48000;00-04-08
run_opt_test0_O0;2300023;48000;00-04-08
run_opt_test0_O0;2300000;48000;00-04-08
run_opt_test0_O0;2192623;48000;00-04-08
run_opt_test0_O0;2300023;48000;00-04-08
run_opt_test0_O0;2300000;48000;00-04-08
run_opt_test0_O0;2300000;48000;00-04-08
run_opt_test0_O0;2215816;48000;00-04-09
run_opt_test0_O0;2193200;48000;00-04-09
run_opt_test0_O0;2300000;48000;00-04-09
run_opt_test0_O0;2300000;48000;00-04-09
run_opt_test0_O0;2300000;48000;00-04-09
run_opt_test0_O0;2300023;48000;00-04-09
run_opt_test0_O0;2299976;48000;00-04-09
run_opt_test0_O0;2300000;48000;00-04-09
run_opt_test0_O0;2146570;48000;00-04-10
run_opt_test0_O0;2292859;48000;00-04-10
run_opt_test0_O0;2300000;48000;00-04-10
run_opt_test0_O0;2300000;48000;00-04-10
run_opt_test0_O0;2201849;48000;00-04-10
run_opt_test0_O0;2203765;48000;00-04-10
run_opt_test0_O0;2300000;48000;00-04-10
run_opt_test0_O0;2136768;48000;00-04-11
run_opt_test0_O0;2299976;48000;00-04-11
run_opt_test0_O0;2299976;48000;00-04-11
run_opt_test0_O0;2300000;48000;00-04-11
run_opt_test0_O0;2292424;48000;00-04-11
run_opt_test0_O0;2064277;48000;00-04-11
run_opt_test0_O0;2300000;48000;00-04-11
run_opt_test0_O0;2125745;48000;00-04-12
run_opt_test0_O0;2079149;48000;00-04-12
run_opt_test0_O0;2180412;48000;00-04-12
run_opt_test0_O0;2242123;48000;00-04-12
run_opt_test0_O0;2300000;48000;00-04-12
run_opt_test0_O0;2300000;48000;00-04-12
run_opt_test0_O0;2147822;48000;00-04-12
run_opt_test0_O0;2300000;48000;00-04-13
run_opt_test0_O0;2300000;48000;00-04-13
run_opt_test0_O0;2259016;48000;00-04-13
run_opt_test0_O0;2299976;48000;00-04-13
run_opt_test0_O0;2300000;48000;00-04-13
run_opt_test0_O0;2300000;48000;00-04-13
run_opt_test0_O0;2300000;48000;00-04-13
run_opt_test0_O0;2207409;48000;00-04-14
run_opt_test0_O0;2299976;48000;00-04-14
run_opt_test0_O0;2299976;46000;00-04-14
run_opt_test0_O0;2300000;46000;00-04-14
run_opt_test0_O0;2300000;46000;00-04-14
run_opt_test0_O0;2300000;46000;00-04-14
run_opt_test0_O0;2300000;46000;00-04-14
run_opt_test0_O0;2299976;46000;00-04-15
run_opt_test0_O0;2123661;46000;00-04-15
run_opt_test0_O0;2300000;46000;00-04-15
run_opt_test0_O0;2115053;48000;00-04-15
run_opt_test0_O0;2300000;48000;00-04-15
run_opt_test0_O0;2300000;48000;00-04-15
run_opt_test0_O0;2300000;48000;00-04-15
run_opt_test0_O0;2300046;48000;00-04-16
run_opt_test0_O0;2300000;48000;00-04-16
run_opt_test0_O0;2135231;48000;00-04-16
run_opt_test0_O0;2300000;48000;00-04-16
run_opt_test0_O0;2300000;48000;00-04-16
run_opt_test0_O0;2172788;48000;00-04-16
run_opt_test0_O0;2076093;48000;00-04-16
run_opt_test0_O0;2299976;48000;00-04-17
run_opt_test0_O0;2299976;48000;00-04-17
run_opt_test0_O0;2300000;48000;00-04-17
run_opt_test0_O0;2219809;48000;00-04-17
run_opt_test0_O0;2300023;48000;00-04-17
run_opt_test0_O0;2111356;46000;00-04-17
run_opt_test0_O0;2182475;46000;00-04-17
run_opt_test0_O0;2218063;46000;00-04-17
run_opt_test0_O0;2300000;46000;00-04-18
run_opt_test0_O0;2300000;46000;00-04-18
run_opt_test0_O0;2300000;46000;00-04-18
run_opt_test0_O0;2214277;46000;00-04-18
run_opt_test0_O0;2212213;46000;00-04-18
run_opt_test0_O0;2300000;48000;00-04-18
run_opt_test0_O0;2258081;48000;00-04-18
run_opt_test0_O0;2300000;48000;00-04-19
run_opt_test0_O0;2300000;48000;00-04-19
run_opt_test0_O0;2300023;48000;00-04-19
run_opt_test0_O0;2300000;48000;00-04-19
run_opt_test0_O0;2300000;48000;00-04-19
run_opt_test0_O0;2300000;48000;00-04-19
run_opt_test0_O0;2296377;48000;00-04-19
run_opt_test0_O0;2149629;48000;00-04-20
run_opt_test0_O0;2299976;48000;00-04-20
run_opt_test0_O0;2206790;48000;00-04-20
run_opt_test0_O0;2157956;48000;00-04-20
run_opt_test0_O0;2300000;48000;00-04-20
run_opt_test0_O0;2300000;48000;00-04-20
run_opt_test0_O0;2300000;48000;00-04-20
run_opt_test0_O0;2299953;48000;00-04-21
run_opt_test0_O0;2287228;48000;00-04-21
run_opt_test0_O0;2299976;48000;00-04-21
run_opt_test0_O0;2134598;48000;00-04-21
run_opt_test0_O0;2300023;48000;00-04-21
run_opt_test0_O0;2300000;48000;00-04-21
run_opt_test0_O0;2220636;48000;00-04-21
run_opt_test0_O0;2300000;48000;00-04-22
run_opt_test0_O0;2300000;48000;00-04-22
run_opt_test0_O0;2300000;48000;00-04-22
run_opt_test0_O0;2300000;48000;00-04-22
run_opt_test0_O0;2122850;48000;00-04-22
run_opt_test0_O0;2300000;48000;00-04-22
run_opt_test0_O0;2300000;48000;00-04-22
run_opt_test0_O0;2300000;48000;00-04-23
run_opt_test0_O0;2300000;48000;00-04-23
run_opt_test0_O0;2300000;48000;00-04-23
run_opt_test0_O0;2256034;48000;00-04-23
run_opt_test0_O0;2300023;48000;00-04-23
run_opt_test0_O0;2262443;48000;00-04-23
run_opt_test0_O0;2300000;48000;00-04-23
run_opt_test0_O0;2223854;48000;00-04-23
run_opt_test0_O0;2300000;48000;00-04-24
run_opt_test0_O0;2300000;46000;00-04-24
run_opt_test0_O0;2300000;46000;00-04-24
run_opt_test0_O0;2300000;46000;00-04-24
run_opt_test0_O0;2299976;46000;00-04-24
run_opt_test0_O0;2300000;46000;00-04-24
run_opt_test0_O0;2300000;46000;00-04-24
run_opt_test0_O0;2220307;46000;00-04-25
run_opt_test0_O0;2215061;46000;00-04-25
run_opt_test0_O0;2300000;48000;00-04-25
run_opt_test0_O0;2184390;48000;00-04-25
run_opt_test0_O0;2231729;48000;00-04-25
run_opt_test0_O0;2131558;48000;00-04-25
run_opt_test0_O0;2224536;48000;00-04-25
run_opt_test0_O0;2300023;48000;00-04-26
run_opt_test0_O0;2300000;48000;00-04-26
run_opt_test0_O0;2300000;48000;00-04-26
run_opt_test0_O0;2300023;46000;00-04-26
run_opt_test0_O0;2224968;46000;00-04-26
run_opt_test0_O0;2300000;46000;00-04-26
run_opt_test0_O0;2300000;46000;00-04-26
run_opt_test0_O0;2207725;46000;00-04-27
run_opt_test0_O0;2300000;46000;00-04-27
run_opt_test0_O0;2300000;46000;00-04-27
run_opt_test0_O0;2300000;46000;00-04-27
run_opt_test0_O0;2216780;48000;00-04-27
run_opt_test0_O0;2300000;48000;00-04-27
run_opt_test0_O0;2300000;48000;00-04-27
run_opt_test0_O0;2300023;48000;00-04-28
run_opt_test0_O0;2300000;48000;00-04-28
run_opt_test0_O0;2300000;48000;00-04-28
run_opt_test0_O0;2300000;48000;00-04-28
run_opt_test0_O0;2300000;48000;00-04-28
run_opt_test0_O0;2300000;48000;00-04-28
run_opt_test0_O0;2300000;48000;00-04-28
run_opt_test0_O0;2180059;48000;00-04-29
run_opt_test0_O0;2299976;48000;00-04-29
run_opt_test0_O0;2299976;48000;00-04-29
run_opt_test0_O0;2191935;48000;00-04-29
run_opt_test0_O0;2300000;48000;00-04-29
run_opt_test0_O0;2299976;48000;00-04-29
run_opt_test0_O0;2300000;48000;00-04-29
run_opt_test0_O0;2236466;48000;00-04-30
run_opt_test0_O0;2300000;48000;00-04-30
run_opt_test0_O0;2300000;48000;00-04-30
run_opt_test0_O0;2300000;48000;00-04-30
run_opt_test0_O0;2300000;48000;00-04-30
run_opt_test0_O0;2300000;48000;00-04-30
run_opt_test0_O0;2300000;48000;00-04-30
run_opt_test0_O0;2300000;48000;00-04-30
run_opt_test0_O0;2300023;48000;00-04-31
run_opt_test0_O0;2300000;48000;00-04-31
run_opt_test0_O0;2300000;48000;00-04-31
run_opt_test0_O0;2299976;48000;00-04-31
run_opt_test0_O0;2300023;48000;00-04-31
run_opt_test0_O0;2300023;48000;00-04-31
run_opt_test0_O0;2300000;48000;00-04-31
run_opt_test0_O0;2300000;48000;00-04-32
run_opt_test0_O0;2300000;48000;00-04-32
run_opt_test0_O0;2300000;48000;00-04-32
run_opt_test0_O0;2134696;48000;00-04-32
run_opt_test0_O0;2165960;48000;00-04-32
run_opt_test0_O0;2214832;48000;00-04-32
run_opt_test0_O0;2300000;48000;00-04-32
run_opt_test0_O0;2300000;48000;00-04-33
run_opt_test0_O0;2299976;48000;00-04-33
run_opt_test0_O0;2300023;48000;00-04-33
run_opt_test0_O0;2300000;48000;00-04-33
run_opt_test0_O0;2243609;48000;00-04-33
run_opt_test0_O0;2213495;48000;00-04-33
run_opt_test0_O0;2210771;48000;00-04-33
run_opt_test0_O0;2300000;48000;00-04-34
run_opt_test0_O0;2300000;48000;00-04-34
run_opt_test0_O0;2193656;48000;00-04-34
run_opt_test0_O0;2300023;48000;00-04-34
run_opt_test0_O0;2300000;48000;00-04-34
run_opt_test0_O0;2299953;48000;00-04-34
run_opt_test0_O0;2299976;48000;00-04-34
run_opt_test0_O0;2300000;48000;00-04-35
run_opt_test0_O0;2118951;48000;00-04-35
run_opt_test0_O0;2218524;48000;00-04-35
run_opt_test0_O0;2300000;48000;00-04-35
run_opt_test0_O0;2300000;48000;00-04-35
run_opt_test0_O0;2229521;48000;00-04-35
run_opt_test0_O0;2299976;48000;00-04-35
run_opt_test0_O0;2300000;48000;00-04-36
run_opt_test0_O0;2300000;48000;00-04-36
run_opt_test0_O0;2300023;48000;00-04-36
run_opt_test0_O0;2154885;48000;00-04-36
run_opt_test0_O0;2300000;48000;00-04-36
run_opt_test0_O0;2300000;48000;00-04-36
run_opt_test0_O0;2300000;48000;00-04-36
run_opt_test0_O0;2300000;48000;00-04-37
run_opt_test0_O0;2300000;48000;00-04-37
run_opt_test0_O0;2300000;48000;00-04-37
run_opt_test0_O0;2262259;48000;00-04-37
run_opt_test0_O0;2300000;48000;00-04-37
run_opt_test0_O0;2263200;48000;00-04-37
run_opt_test0_O0;2300000;48000;00-04-37
run_opt_test0_O0;2300023;48000;00-04-37
run_opt_test0_O0;2300000;48000;00-04-38
run_opt_test0_O0;2300000;48000;00-04-38
run_opt_test0_O0;2300000;48000;00-04-38
run_opt_test0_O0;2300000;48000;00-04-38
run_opt_test0_O0;2299976;48000;00-04-38
run_opt_test0_O0;2193580;48000;00-04-38
run_opt_test0_O0;2300000;48000;00-04-38
run_opt_test0_O0;2214438;48000;00-04-39
run_opt_test0_O0;2300023;48000;00-04-39
run_opt_test0_O0;2299976;48000;00-04-39
run_opt_test0_O0;2097460;48000;00-04-39
run_opt_test0_O0;2280830;48000;00-04-39
run_opt_test0_O0;2198988;48000;00-04-39
run_opt_test0_O0;2242709;48000;00-04-39
run_opt_test0_O0;2184517;48000;00-04-40
run_opt_test0_O0;2299976;48000;00-04-40
run_opt_test0_O0;2203261;48000;00-04-40
run_opt_test0_O0;2209991;48000;00-04-40
run_opt_test0_O0;2299976;48000;00-04-40
run_opt_test0_O0;2223992;48000;00-04-40
run_opt_test0_O0;2114707;48000;00-04-40
run_opt_test0_O0;2300000;48000;00-04-41
run_opt_test0_O0;2195124;48000;00-04-41
run_opt_test0_O0;2300000;48000;00-04-41
run_opt_test0_O0;2300000;48000;00-04-41
run_opt_test0_O0;2251031;48000;00-04-41
run_opt_test0_O0;2300000;48000;00-04-41
run_opt_test0_O0;2300023;48000;00-04-41
run_opt_test0_O0;2195992;48000;00-04-42
run_opt_test0_O0;2300000;48000;00-04-42
run_opt_test0_O0;2300000;48000;00-04-42
run_opt_test0_O0;2300000;48000;00-04-42
run_opt_test0_O0;2300000;48000;00-04-42
run_opt_test0_O0;2300000;48000;00-04-42
run_opt_test0_O0;2300000;48000;00-04-42
run_opt_test0_O0;2197239;46000;00-04-43
run_opt_test0_O0;2300000;46000;00-04-43
run_opt_test0_O0;2300000;46000;00-04-43
run_opt_test0_O0;2201265;46000;00-04-43
run_opt_test0_O0;2300000;46000;00-04-43
run_opt_test0_O0;2203780;46000;00-04-43
run_opt_test0_O0;2300023;46000;00-04-43
run_opt_test0_O0;2299976;46000;00-04-44
run_opt_test0_O0;2128709;48000;00-04-44
run_opt_test0_O0;2300000;48000;00-04-44
run_opt_test0_O0;2300000;48000;00-04-44
run_opt_test0_O0;2300000;48000;00-04-44
run_opt_test0_O0;2300000;48000;00-04-44
run_opt_test0_O0;2300000;48000;00-04-44
run_opt_test0_O0;2226861;48000;00-04-44
run_opt_test0_O0;2300000;48000;00-04-45
run_opt_test0_O0;2119160;48000;00-04-45
run_opt_test0_O0;2300000;48000;00-04-45
run_opt_test0_O0;2300000;48000;00-04-45
run_opt_test0_O0;2300000;48000;00-04-45
run_opt_test0_O0;2300000;48000;00-04-45
run_opt_test0_O0;2299976;48000;00-04-45
run_opt_test0_O0;2300000;48000;00-04-46
run_opt_test0_O0;2141137;48000;00-04-46
run_opt_test0_O0;2125994;48000;00-04-46
run_opt_test0_O0;2150177;48000;00-04-46
run_opt_test0_O0;2208745;48000;00-04-46
run_opt_test0_O0;2300000;48000;00-04-46
run_opt_test0_O0;2300000;48000;00-04-46
run_opt_test0_O0;2299976;48000;00-04-47
run_opt_test0_O0;2299976;48000;00-04-47
run_opt_test0_O0;2300023;48000;00-04-47
run_opt_test0_O0;2300000;48000;00-04-47
run_opt_test0_O0;2300023;48000;00-04-47
run_opt_test0_O0;2299976;48000;00-04-47
run_opt_test0_O0;2300000;48000;00-04-47
run_opt_test0_O0;2215404;48000;00-04-48
run_opt_test0_O0;2300000;48000;00-04-48
run_opt_test0_O0;2225002;48000;00-04-48
run_opt_test0_O0;2300000;48000;00-04-48
run_opt_test0_O0;2300000;46000;00-04-48
run_opt_test0_O0;2210045;46000;00-04-48
run_opt_test0_O0;2299976;46000;00-04-48
run_opt_test0_O0;2300000;46000;00-04-49
run_opt_test0_O0;2183472;46000;00-04-49
run_opt_test0_O0;2300000;46000;00-04-49
run_opt_test0_O0;2300023;46000;00-04-49
run_opt_test0_O0;2198331;46000;00-04-49
run_opt_test0_O0;2222095;46000;00-04-49
run_opt_test0_O0;2300000;46000;00-04-49
run_opt_test0_O0;2300000;46000;00-04-50
run_opt_test0_O0;2300000;46000;00-04-50
run_opt_test0_O0;2300000;46000;00-04-50
run_opt_test0_O0;2127580;46000;00-04-50
run_opt_test0_O0;2249868;46000;00-04-50
run_opt_test0_O0;2300023;46000;00-04-50
run_opt_test0_O0;2300000;48000;00-04-50
run_opt_test0_O0;2300000;48000;00-04-51
run_opt_test0_O0;2300000;48000;00-04-51
run_opt_test0_O0;2228345;48000;00-04-51
run_opt_test0_O0;2266883;48000;00-04-51
run_opt_test0_O0;2300000;48000;00-04-51
run_opt_test0_O0;2299976;48000;00-04-51
run_opt_test0_O0;2300000;48000;00-04-51
run_opt_test0_O0;2093900;46000;00-04-52
run_opt_test0_O0;2300000;46000;00-04-52
run_opt_test0_O0;2300000;46000;00-04-52
run_opt_test0_O0;2300023;46000;00-04-52
run_opt_test0_O0;2300000;46000;00-04-52
run_opt_test0_O0;2300000;46000;00-04-52
run_opt_test0_O0;2300000;46000;00-04-52
run_opt_test0_O0;2299976;46000;00-04-52
run_opt_test0_O0;2300000;48000;00-04-53
run_opt_test0_O0;2300000;48000;00-04-53
run_opt_test0_O0;2259445;48000;00-04-53
run_opt_test0_O0;2120677;48000;00-04-53
run_opt_test0_O0;2300023;48000;00-04-53
run_opt_test0_O0;2299976;48000;00-04-53
run_opt_test0_O0;2300000;48000;00-04-53
run_opt_test0_O0;2251929;48000;00-04-54
run_opt_test0_O0;2299976;48000;00-04-54
run_opt_test0_O0;2300000;48000;00-04-54
run_opt_test0_O0;2202043;48000;00-04-54
run_opt_test0_O0;2300000;48000;00-04-54
run_opt_test0_O0;2136636;48000;00-04-54
run_opt_test0_O0;2271719;48000;00-04-54
run_opt_test0_O0;2299976;48000;00-04-55
run_opt_test0_O0;2300023;48000;00-04-55
run_opt_test0_O0;2300000;48000;00-04-55
run_opt_test0_O0;2257804;48000;00-04-55
run_opt_test0_O0;2300000;48000;00-04-55
run_opt_test0_O0;2227226;48000;00-04-55
run_opt_test0_O0;2300000;48000;00-04-55
run_opt_test0_O0;2300023;48000;00-04-56
run_opt_test0_O0;2300023;48000;00-04-56
run_opt_test0_O0;2300000;48000;00-04-56
run_opt_test0_O0;2300023;48000;00-04-56
run_opt_test0_O0;2300000;48000;00-04-56
run_opt_test0_O0;2300000;48000;00-04-56
run_opt_test0_O0;2299976;48000;00-04-56
run_opt_test0_O0;2299976;48000;00-04-57
run_opt_test0_O0;2106115;48000;00-04-57
run_opt_test0_O0;2276891;48000;00-04-57
run_opt_test0_O0;2300000;48000;00-04-57
run_opt_test0_O0;2300000;48000;00-04-57
run_opt_test0_O0;2300000;48000;00-04-57
run_opt_test0_O0;2300000;48000;00-04-57
run_opt_test0_O0;2176637;48000;00-04-57
run_opt_test0_O0;2300000;48000;00-04-58
run_opt_test0_O0;2300000;48000;00-04-58
run_opt_test0_O0;2300023;48000;00-04-58
run_opt_test0_O0;2300000;48000;00-04-58
run_opt_test0_O0;2258405;48000;00-04-58
run_opt_test0_O0;2300000;48000;00-04-58
run_opt_test0_O0;2300023;48000;00-04-58
run_opt_test0_O0;2300000;48000;00-04-59
run_opt_test0_O0;2300023;48000;00-04-59
run_opt_test0_O0;2276125;48000;00-04-59
run_opt_test0_O0;2300000;48000;00-04-59
run_opt_test0_O0;2300000;48000;00-04-59
run_opt_test0_O0;2300000;48000;00-04-59
run_opt_test0_O0;2300023;48000;00-04-59
run_opt_test0_O0;2300000;48000;00-05-00
run_opt_test0_O0;2134338;48000;00-05-00
run_opt_test0_O0;2300000;48000;00-05-00
run_opt_test0_O0;2300000;48000;00-05-00
run_opt_test0_O0;2300000;48000;00-05-00
run_opt_test0_O0;2300000;48000;00-05-00
run_opt_test0_O0;2300000;48000;00-05-00
run_opt_test0_O0;2299976;48000;00-05-01
run_opt_test0_O0;2300023;48000;00-05-01
run_opt_test0_O0;2154383;48000;00-05-01
run_opt_test0_O0;2148030;48000;00-05-01
run_opt_test0_O0;2107372;48000;00-05-01
run_opt_test0_O0;2299976;48000;00-05-01
run_opt_test0_O0;2300000;48000;00-05-01
run_opt_test0_O0;2300000;48000;00-05-02
run_opt_test0_O0;2300023;48000;00-05-02
run_opt_test0_O0;2300000;48000;00-05-02
run_opt_test0_O0;2300023;48000;00-05-02
run_opt_test0_O0;2300000;48000;00-05-02
run_opt_test0_O0;2299976;48000;00-05-02
run_opt_test0_O0;2299976;48000;00-05-02
run_opt_test0_O0;2300023;48000;00-05-03
run_opt_test0_O0;2300000;48000;00-05-03
run_opt_test0_O0;2299976;48000;00-05-03
run_opt_test0_O0;2300000;48000;00-05-03
run_opt_test0_O0;2203370;48000;00-05-03
run_opt_test0_O0;2099406;48000;00-05-03
run_opt_test0_O0;2300000;48000;00-05-03
run_opt_test0_O0;2187825;48000;00-05-04
run_opt_test0_O0;2300000;48000;00-05-04
run_opt_test0_O0;2212453;48000;00-05-04
run_opt_test0_O0;2300000;48000;00-05-04
run_opt_test0_O0;2230647;48000;00-05-04
run_opt_test0_O0;2205760;48000;00-05-04
run_opt_test0_O0;2299976;48000;00-05-04
run_opt_test0_O0;2300000;48000;00-05-04
run_opt_test0_O0;2140666;48000;00-05-05
run_opt_test0_O0;2276641;48000;00-05-05
run_opt_test0_O0;2199759;48000;00-05-05
run_opt_test0_O0;2226178;48000;00-05-05
run_opt_test0_O0;2299976;48000;00-05-05
run_opt_test0_O0;2300000;48000;00-05-05
run_opt_test0_O0;2300000;48000;00-05-05
run_opt_test0_O0;2299976;48000;00-05-06
run_opt_test0_O0;2300000;48000;00-05-06
run_opt_test0_O0;2299976;48000;00-05-06
run_opt_test0_O0;2300000;48000;00-05-06
run_opt_test0_O0;2300000;48000;00-05-06
run_opt_test0_O0;2300000;48000;00-05-06
run_opt_test0_O0;2170694;48000;00-05-06
run_opt_test0_O0;2158282;48000;00-05-07
run_opt_test0_O0;2300023;48000;00-05-07
run_opt_test0_O0;2299976;48000;00-05-07
run_opt_test0_O0;2300000;48000;00-05-07
run_opt_test0_O0;2300023;48000;00-05-07
run_opt_test0_O0;2300000;48000;00-05-07
run_opt_test0_O0;2300000;48000;00-05-07
run_opt_test0_O0;2300000;48000;00-05-08
run_opt_test0_O0;2299976;48000;00-05-08
run_opt_test0_O0;2300023;48000;00-05-08
run_opt_test0_O0;2300000;48000;00-05-08
run_opt_test0_O0;2300000;48000;00-05-08
run_opt_test0_O0;2300000;48000;00-05-08
run_opt_test0_O0;2300023;48000;00-05-08
run_opt_test0_O0;2300000;48000;00-05-09
run_opt_test0_O0;2300000;48000;00-05-09
run_opt_test0_O0;2299976;48000;00-05-09
run_opt_test0_O0;2107907;48000;00-05-09
run_opt_test0_O0;2181233;48000;00-05-09
run_opt_test0_O0;2299976;48000;00-05-09
run_opt_test0_O0;2270061;48000;00-05-09
run_opt_test0_O0;2300023;48000;00-05-09
run_opt_test0_O0;2151572;48000;00-05-10
run_opt_test0_O0;2300000;48000;00-05-10
run_opt_test0_O0;2299976;48000;00-05-10
run_opt_test0_O0;2190282;48000;00-05-10
run_opt_test0_O0;2300000;48000;00-05-10
run_opt_test0_O0;2151285;48000;00-05-10
run_opt_test0_O0;2300000;48000;00-05-10
run_opt_test0_O0;2231504;48000;00-05-11
run_opt_test0_O0;2300000;48000;00-05-11
run_opt_test0_O0;2194340;48000;00-05-11
run_opt_test0_O0;2300000;48000;00-05-11
run_opt_test0_O0;2300023;48000;00-05-11
run_opt_test0_O0;2249143;48000;00-05-11
run_opt_test0_O0;2300023;48000;00-05-11
run_opt_test0_O0;2300000;48000;00-05-12
run_opt_test0_O0;2300000;48000;00-05-12
run_opt_test0_O0;2300023;48000;00-05-12
run_opt_test0_O0;2300000;48000;00-05-12
run_opt_test0_O0;2076287;48000;00-05-12
run_opt_test0_O0;2300023;48000;00-05-12
run_opt_test0_O0;2300000;48000;00-05-12
run_opt_test0_O0;2252942;48000;00-05-13
run_opt_test0_O0;2300000;48000;00-05-13
run_opt_test0_O0;2197727;48000;00-05-13
run_opt_test0_O0;2300023;48000;00-05-13
run_opt_test0_O0;2300000;48000;00-05-13
run_opt_test0_O0;2300000;48000;00-05-13
run_opt_test0_O0;2197592;48000;00-05-13
run_opt_test0_O0;2299976;48000;00-05-14
run_opt_test0_O0;2300000;48000;00-05-14
run_opt_test0_O0;2300000;48000;00-05-14
run_opt_test0_O0;2293807;48000;00-05-14
run_opt_test0_O0;2299976;48000;00-05-14
run_opt_test0_O0;2300000;48000;00-05-14
run_opt_test0_O0;2300000;48000;00-05-14
run_opt_test0_O0;2300023;48000;00-05-14
run_opt_test0_O0;2300000;48000;00-05-15
run_opt_test0_O0;2121825;48000;00-05-15
run_opt_test0_O0;2300000;48000;00-05-15
run_opt_test0_O0;2300000;48000;00-05-15
run_opt_test0_O0;2300023;48000;00-05-15
run_opt_test0_O0;2300000;48000;00-05-15
run_opt_test0_O0;2208725;48000;00-05-15
run_opt_test0_O0;2299976;48000;00-05-16
run_opt_test0_O0;2300023;48000;00-05-16
run_opt_test0_O0;2163331;48000;00-05-16
run_opt_test0_O0;2300000;48000;00-05-16
run_opt_test0_O0;2154326;48000;00-05-16
run_opt_test0_O0;2300000;48000;00-05-16
run_opt_test0_O0;2300000;48000;00-05-16
run_opt_test0_O0;2299976;48000;00-05-17
run_opt_test0_O0;2300000;48000;00-05-17
run_opt_test0_O0;2159516;48000;00-05-17
run_opt_test0_O0;2300000;48000;00-05-17
run_opt_test0_O0;2300000;48000;00-05-17
run_opt_test0_O0;2299976;48000;00-05-17
run_opt_test0_O0;2300000;48000;00-05-17
run_opt_test0_O0;2299976;48000;00-05-18
run_opt_test0_O0;2300000;48000;00-05-18
run_opt_test0_O0;2211367;48000;00-05-18
run_opt_test0_O0;2300000;48000;00-05-18
run_opt_test0_O0;2205775;48000;00-05-18
run_opt_test0_O0;2300000;48000;00-05-18
run_opt_test0_O0;2202945;48000;00-05-18
run_opt_test0_O0;2129450;48000;00-05-19
run_opt_test0_O0;2299976;48000;00-05-19
run_opt_test0_O0;2300000;48000;00-05-19
run_opt_test0_O0;2110848;48000;00-05-19
run_opt_test0_O0;2165087;48000;00-05-19
run_opt_test0_O0;2299976;48000;00-05-19
run_opt_test0_O0;2124729;48000;00-05-19
run_opt_test0_O0;2300000;48000;00-05-19
run_opt_test0_O0;2300000;48000;00-05-20
run_opt_test0_O0;2118154;48000;00-05-20
run_opt_test0_O0;2231673;48000;00-05-20
run_opt_test0_O0;2300000;48000;00-05-20
run_opt_test0_O0;2300000;48000;00-05-20
run_opt_test0_O0;2290856;48000;00-05-20
run_opt_test0_O0;2135565;48000;00-05-20
run_opt_test0_O0;2300000;48000;00-05-21
run_opt_test0_O0;2300000;48000;00-05-21
run_opt_test0_O0;2300000;48000;00-05-21
run_opt_test0_O0;2117764;48000;00-05-21
run_opt_test0_O0;2300023;48000;00-05-21
run_opt_test0_O0;2299976;48000;00-05-21
run_opt_test0_O0;2300000;48000;00-05-21
run_opt_test0_O0;2113817;48000;00-05-22
run_opt_test0_O0;2140579;48000;00-05-22
run_opt_test0_O0;2300046;48000;00-05-22
run_opt_test0_O0;2300000;48000;00-05-22
run_opt_test0_O0;2300023;48000;00-05-22
run_opt_test0_O0;2300000;48000;00-05-22
run_opt_test0_O0;2300000;48000;00-05-22
run_opt_test0_O0;2231994;48000;00-05-23
run_opt_test0_O0;2300000;48000;00-05-23
run_opt_test0_O0;2300000;48000;00-05-23
run_opt_test0_O0;2300000;48000;00-05-23
run_opt_test0_O0;2300000;48000;00-05-23
run_opt_test0_O0;2300000;48000;00-05-23
run_opt_test0_O0;2300000;48000;00-05-23
run_opt_test0_O0;2300023;48000;00-05-24
run_opt_test0_O0;2300023;48000;00-05-24
run_opt_test0_O0;2299976;48000;00-05-24
run_opt_test0_O0;2300023;48000;00-05-24
run_opt_test0_O0;2198115;48000;00-05-24
run_opt_test0_O0;2299976;48000;00-05-24
run_opt_test0_O0;2300000;48000;00-05-24
run_opt_test0_O0;2300000;48000;00-05-25
run_opt_test0_O0;2300000;48000;00-05-25
run_opt_test0_O0;2236136;48000;00-05-25
run_opt_test0_O0;2300000;48000;00-05-25
run_opt_test0_O0;2300000;48000;00-05-25
run_opt_test0_O0;2300000;48000;00-05-25
run_opt_test0_O0;2300000;48000;00-05-25
run_opt_test0_O0;2299976;48000;00-05-26
run_opt_test0_O0;2300000;48000;00-05-26
run_opt_test0_O0;2105476;48000;00-05-26
run_opt_test0_O0;2300000;48000;00-05-26
run_opt_test0_O0;2300023;48000;00-05-26
run_opt_test0_O0;2299976;48000;00-05-26
run_opt_test0_O0;2168218;48000;00-05-26
run_opt_test0_O0;2133590;48000;00-05-26
run_opt_test0_O0;2300023;48000;00-05-27
run_opt_test0_O0;2300000;48000;00-05-27
run_opt_test0_O0;2197438;48000;00-05-27
run_opt_test0_O0;2300023;48000;00-05-27
run_opt_test0_O0;2300000;48000;00-05-27
run_opt_test0_O0;2300023;48000;00-05-27
run_opt_test0_O0;2299976;48000;00-05-27
run_opt_test0_O0;2162710;48000;00-05-28
run_opt_test0_O0;2300000;48000;00-05-28
run_opt_test0_O0;2299976;48000;00-05-28
run_opt_test0_O0;2300023;48000;00-05-28
run_opt_test0_O0;2207037;48000;00-05-28
run_opt_test0_O0;2300023;48000;00-05-28
run_opt_test0_O0;2300000;48000;00-05-28
run_opt_test0_O0;2300000;48000;00-05-29
run_opt_test0_O0;2274841;48000;00-05-29
run_opt_test0_O0;2300023;48000;00-05-29
run_opt_test0_O0;2300000;48000;00-05-29
run_opt_test0_O0;2300000;48000;00-05-29
run_opt_test0_O0;2149287;48000;00-05-29
run_opt_test0_O0;2232148;48000;00-05-29
run_opt_test0_O0;2300000;48000;00-05-30
run_opt_test0_O0;2300000;48000;00-05-30
run_opt_test0_O0;2165571;48000;00-05-30
run_opt_test0_O0;2299976;48000;00-05-30
run_opt_test0_O0;2300000;48000;00-05-30
run_opt_test0_O0;2300000;48000;00-05-30
run_opt_test0_O0;2137690;48000;00-05-30
run_opt_test0_O0;2299976;48000;00-05-31
run_opt_test0_O0;2121223;48000;00-05-31
run_opt_test0_O0;2100243;48000;00-05-31
run_opt_test0_O0;2259710;48000;00-05-31
run_opt_test0_O0;2098174;48000;00-05-31
run_opt_test0_O0;2071697;48000;00-05-31
run_opt_test0_O0;2300000;48000;00-05-31
run_opt_test0_O0;2300000;48000;00-05-32
run_opt_test0_O0;2300000;48000;00-05-32
run_opt_test0_O0;2254995;48000;00-05-32
run_opt_test0_O0;2300000;48000;00-05-32
run_opt_test0_O0;2252986;48000;00-05-32
run_opt_test0_O0;2120151;48000;00-05-32
run_opt_test0_O0;2299976;48000;00-05-32
run_opt_test0_O0;2249309;48000;00-05-32
run_opt_test0_O0;2203168;48000;00-05-33
run_opt_test0_O0;2300000;48000;00-05-33
run_opt_test0_O0;2300000;48000;00-05-33
run_opt_test0_O0;2223871;48000;00-05-33
run_opt_test0_O0;2157775;48000;00-05-33
run_opt_test0_O0;2173106;48000;00-05-33
run_opt_test0_O0;2300023;48000;00-05-33
run_opt_test0_O0;2207315;48000;00-05-34
run_opt_test0_O0;2300000;48000;00-05-34
run_opt_test0_O0;2300000;48000;00-05-34
run_opt_test0_O0;2300000;48000;00-05-34
run_opt_test0_O0;2299976;48000;00-05-34
run_opt_test0_O0;2300023;48000;00-05-34
run_opt_test0_O0;2300023;48000;00-05-34
run_opt_test0_O0;2221555;48000;00-05-35
run_opt_test0_O0;2300000;48000;00-05-35
run_opt_test0_O0;2095937;48000;00-05-35
run_opt_test0_O0;2199180;48000;00-05-35
run_opt_test0_O0;2300000;48000;00-05-35
run_opt_test0_O0;2299976;48000;00-05-35
run_opt_test0_O0;2299976;48000;00-05-35
run_opt_test0_O0;2252799;48000;00-05-36
run_opt_test0_O0;2200951;48000;00-05-36
run_opt_test0_O0;2300000;48000;00-05-36
run_opt_test0_O0;2212830;48000;00-05-36
run_opt_test0_O0;2300000;48000;00-05-36
run_opt_test0_O0;2300000;48000;00-05-36
run_opt_test0_O0;2216113;48000;00-05-36
run_opt_test0_O0;2300000;48000;00-05-37
run_opt_test0_O0;2300000;48000;00-05-37
run_opt_test0_O0;2300023;48000;00-05-37
run_opt_test0_O0;2142396;48000;00-05-37
run_opt_test0_O0;2300000;48000;00-05-37
run_opt_test0_O0;2300023;48000;00-05-37
run_opt_test0_O0;2245690;48000;00-05-37
run_opt_test0_O0;2300000;48000;00-05-37
run_opt_test0_O0;2300000;48000;00-05-38
run_opt_test0_O0;2300000;48000;00-05-38
run_opt_test0_O0;2242674;48000;00-05-38
run_opt_test0_O0;2300000;48000;00-05-38
run_opt_test0_O0;2218957;48000;00-05-38
run_opt_test0_O0;2300023;48000;00-05-38
run_opt_test0_O0;2300023;48000;00-05-38
run_opt_test0_O0;2300000;48000;00-05-39
run_opt_test0_O0;2299976;48000;00-05-39
run_opt_test0_O0;2136358;48000;00-05-39
run_opt_test0_O0;2300000;48000;00-05-39
run_opt_test0_O0;2203887;48000;00-05-39
run_opt_test0_O0;2300000;48000;00-05-39
run_opt_test0_O0;2300000;48000;00-05-39
run_opt_test0_O0;2300000;48000;00-05-40
run_opt_test0_O0;2300023;48000;00-05-40
run_opt_test0_O0;2231628;48000;00-05-40
run_opt_test0_O0;2300000;48000;00-05-40
run_opt_test0_O0;2300000;48000;00-05-40
run_opt_test0_O0;2300023;48000;00-05-40
run_opt_test0_O0;2300023;48000;00-05-40
run_opt_test0_O0;2300000;48000;00-05-41
run_opt_test0_O0;2299976;48000;00-05-41
run_opt_test0_O0;2300000;48000;00-05-41
run_opt_test0_O0;2210726;48000;00-05-41
run_opt_test0_O0;2300023;48000;00-05-41
run_opt_test0_O0;2128581;48000;00-05-41
run_opt_test0_O0;2213368;48000;00-05-41
run_opt_test0_O0;2299976;48000;00-05-42
run_opt_test0_O0;2300000;48000;00-05-42
run_opt_test0_O0;2300000;48000;00-05-42
run_opt_test0_O0;2300000;48000;00-05-42
run_opt_test0_O0;2300000;48000;00-05-42
run_opt_test0_O0;2300000;48000;00-05-42
run_opt_test0_O0;2299976;48000;00-05-42
run_opt_test0_O0;2300000;48000;00-05-43
run_opt_test0_O0;2300000;48000;00-05-43
run_opt_test0_O0;2299976;48000;00-05-43
run_opt_test0_O0;2211085;48000;00-05-43
run_opt_test0_O0;2275308;48000;00-05-43
run_opt_test0_O0;2300000;48000;00-05-43
run_opt_test0_O0;2300000;48000;00-05-43
run_opt_test0_O0;2300023;48000;00-05-44
run_opt_test0_O0;2300000;48000;00-05-44
run_opt_test0_O0;2205688;48000;00-05-44
run_opt_test0_O0;2299976;48000;00-05-44
run_opt_test0_O0;2174218;48000;00-05-44
run_opt_test0_O0;2300000;48000;00-05-44
run_opt_test0_O0;2300000;48000;00-05-44
run_opt_test0_O0;2153998;48000;00-05-44
run_opt_test0_O0;2299976;48000;00-05-45
run_opt_test0_O0;2300023;48000;00-05-45
run_opt_test0_O0;2299976;48000;00-05-45
run_opt_test0_O0;2273656;48000;00-05-45
run_opt_test0_O0;2300000;48000;00-05-45
run_opt_test0_O0;2299976;48000;00-05-45
run_opt_test0_O0;2300000;48000;00-05-45
run_opt_test0_O0;2300000;48000;00-05-46
run_opt_test0_O0;2216448;48000;00-05-46
run_opt_test0_O0;2300000;48000;00-05-46
run_opt_test0_O0;2122562;48000;00-05-46
run_opt_test0_O0;2299976;48000;00-05-46
run_opt_test0_O0;2299976;48000;00-05-46
run_opt_test0_O0;2300000;48000;00-05-46
run_opt_test0_O0;2233185;48000;00-05-47
run_opt_test0_O0;2300023;48000;00-05-47
run_opt_test0_O0;2300023;48000;00-05-47
run_opt_test0_O0;2299953;48000;00-05-47
run_opt_test0_O0;2300000;48000;00-05-47
run_opt_test0_O0;2160632;48000;00-05-47
run_opt_test0_O0;2121040;48000;00-05-47
run_opt_test0_O0;2300000;48000;00-05-48
run_opt_test0_O0;2300000;48000;00-05-48
run_opt_test0_O0;2286636;48000;00-05-48
run_opt_test0_O0;2299976;48000;00-05-48
run_opt_test0_O0;2299976;48000;00-05-48
run_opt_test0_O0;2230873;48000;00-05-48
run_opt_test0_O0;2106638;48000;00-05-48
run_opt_test0_O0;2300000;48000;00-05-49
run_opt_test0_O0;2233642;48000;00-05-49
run_opt_test0_O0;2300000;48000;00-05-49
run_opt_test0_O0;2300000;48000;00-05-49
run_opt_test0_O0;2300000;48000;00-05-49
run_opt_test0_O0;2300000;48000;00-05-49
run_opt_test0_O0;2300000;48000;00-05-49
run_opt_test0_O0;2300000;48000;00-05-49
run_opt_test0_O0;2210286;48000;00-05-50
run_opt_test0_O0;2300000;48000;00-05-50
run_opt_test0_O0;2234482;48000;00-05-50
run_opt_test0_O0;2144309;48000;00-05-50
run_opt_test0_O0;2300000;48000;00-05-50
run_opt_test0_O0;2300000;48000;00-05-50
run_opt_test0_O0;2299976;48000;00-05-50
run_opt_test0_O0;2300000;48000;00-05-51
run_opt_test0_O0;2219202;48000;00-05-51
run_opt_test0_O0;2300000;48000;00-05-51
run_opt_test0_O0;2300000;48000;00-05-51
run_opt_test0_O0;2300000;48000;00-05-51
run_opt_test0_O0;2300000;48000;00-05-51
run_opt_test0_O0;2300023;48000;00-05-51
run_opt_test0_O0;2213188;48000;00-05-52
run_opt_test0_O0;2239179;48000;00-05-52
run_opt_test0_O0;2244149;48000;00-05-52
run_opt_test0_O0;2300000;48000;00-05-52
run_opt_test0_O0;2093926;48000;00-05-52
run_opt_test0_O0;2216316;48000;00-05-52
run_opt_test0_O0;2263112;48000;00-05-52
run_opt_test0_O0;2300023;48000;00-05-53
run_opt_test0_O0;2299976;48000;00-05-53
run_opt_test0_O0;2300023;48000;00-05-53
run_opt_test0_O0;2300000;48000;00-05-53
run_opt_test0_O0;2299976;48000;00-05-53
run_opt_test0_O0;2217754;48000;00-05-53
run_opt_test0_O0;2108351;48000;00-05-53
run_opt_test0_O0;2300023;48000;00-05-54
run_opt_test0_O0;2123643;48000;00-05-54
run_opt_test0_O0;2300023;48000;00-05-54
run_opt_test0_O0;2136141;48000;00-05-54
run_opt_test0_O0;2182444;48000;00-05-54
run_opt_test0_O0;2300000;48000;00-05-54
run_opt_test0_O0;2269077;48000;00-05-54
run_opt_test0_O0;2300000;48000;00-05-54
run_opt_test0_O0;2300000;48000;00-05-55
run_opt_test0_O0;2255134;48000;00-05-55
run_opt_test0_O0;2141144;48000;00-05-55
run_opt_test0_O0;2300000;48000;00-05-55
run_opt_test0_O0;2300000;48000;00-05-55
run_opt_test0_O0;2300000;48000;00-05-55
run_opt_test0_O0;2300000;48000;00-05-55
run_opt_test0_O0;2300000;48000;00-05-56
run_opt_test0_O0;2300000;48000;00-05-56
run_opt_test0_O0;2299976;48000;00-05-56
run_opt_test0_O0;2300000;48000;00-05-56
run_opt_test0_O0;2300000;48000;00-05-56
run_opt_test0_O0;2300000;48000;00-05-56
run_opt_test0_O0;2299976;48000;00-05-56
run_opt_test0_O0;2300000;48000;00-05-57
run_opt_test0_O0;2166827;48000;00-05-57
run_opt_test0_O0;2208181;48000;00-05-57
run_opt_test0_O0;2199993;48000;00-05-57
run_opt_test0_O0;2150343;48000;00-05-57
run_opt_test0_O0;2299815;48000;00-05-57
run_opt_test0_O0;2300000;48000;00-05-57
run_opt_test0_O0;2300023;48000;00-05-58
run_opt_test0_O0;2300000;48000;00-05-58
run_opt_test0_O0;2196313;48000;00-05-58
run_opt_test0_O0;2300000;48000;00-05-58
run_opt_test0_O0;2300023;48000;00-05-58
run_opt_test0_O0;2299976;48000;00-05-58
run_opt_test0_O0;2218697;48000;00-05-58
run_opt_test0_O0;2202074;48000;00-05-59
run_opt_test0_O0;2299976;48000;00-05-59
run_opt_test0_O0;2300000;48000;00-05-59
run_opt_test0_O0;2212122;48000;00-05-59
run_opt_test0_O0;2157406;48000;00-05-59
run_opt_test0_O0;2300000;48000;00-05-59
run_opt_test0_O0;2300000;48000;00-05-59
run_opt_test0_O0;2300000;48000;00-06-00
run_opt_test0_O0;2300000;48000;00-06-00
run_opt_test0_O0;2168521;48000;00-06-00
run_opt_test0_O0;2238091;48000;00-06-00
run_opt_test0_O0;2299976;48000;00-06-00
run_opt_test0_O0;2300000;48000;00-06-00
run_opt_test0_O0;2300023;48000;00-06-00
run_opt_test0_O0;2300000;48000;00-06-01
run_opt_test0_O0;2300000;48000;00-06-01
run_opt_test0_O0;2130948;48000;00-06-01
run_opt_test0_O0;2299976;48000;00-06-01
run_opt_test0_O0;2300000;48000;00-06-01
run_opt_test0_O0;2300000;48000;00-06-01
run_opt_test0_O0;2300000;48000;00-06-01
run_opt_test0_O0;2300000;48000;00-06-01
run_opt_test0_O0;2300000;48000;00-06-02
run_opt_test0_O0;2300000;48000;00-06-02
run_opt_test0_O0;2299976;48000;00-06-02
run_opt_test0_O0;2276697;48000;00-06-02
run_opt_test0_O0;2153530;48000;00-06-02
run_opt_test0_O0;2300023;48000;00-06-02
run_opt_test0_O0;2300000;48000;00-06-02
run_opt_test0_O0;2214736;48000;00-06-03
run_opt_test0_O0;2300000;48000;00-06-03
run_opt_test0_O0;2300000;48000;00-06-03
run_opt_test0_O0;2300000;48000;00-06-03
run_opt_test0_O0;2300000;48000;00-06-03
run_opt_test0_O0;2251820;48000;00-06-03
run_opt_test0_O0;2300000;48000;00-06-03
run_opt_test0_O0;2300000;48000;00-06-04
run_opt_test0_O0;2150147;48000;00-06-04
run_opt_test0_O0;2300000;50000;00-06-04
run_opt_test0_O0;2300000;50000;00-06-04
run_opt_test0_O0;2210806;50000;00-06-04
run_opt_test0_O0;2211426;50000;00-06-04
run_opt_test0_O0;2166915;50000;00-06-04
run_opt_test0_O0;2300000;50000;00-06-05
run_opt_test0_O0;2299976;50000;00-06-05
run_opt_test0_O0;2195800;50000;00-06-05
run_opt_test0_O0;2300046;48000;00-06-05
run_opt_test0_O0;2097326;48000;00-06-05
run_opt_test0_O0;2300000;48000;00-06-05
run_opt_test0_O0;2217290;48000;00-06-05
run_opt_test0_O0;2299976;48000;00-06-06
run_opt_test0_O0;2300000;48000;00-06-06
run_opt_test0_O0;2205114;48000;00-06-06
run_opt_test0_O0;2300000;48000;00-06-06
run_opt_test0_O0;2225739;48000;00-06-06
run_opt_test0_O0;2300000;48000;00-06-06
run_opt_test0_O0;2278738;48000;00-06-06
run_opt_test0_O0;2300023;48000;00-06-06
run_opt_test0_O0;2300000;48000;00-06-07
run_opt_test0_O0;2300000;48000;00-06-07
run_opt_test0_O0;2210910;48000;00-06-07
run_opt_test0_O0;2177890;48000;00-06-07
run_opt_test0_O0;2300000;48000;00-06-07
run_opt_test0_O0;2300023;48000;00-06-07
run_opt_test0_O0;2300000;48000;00-06-07
run_opt_test0_O0;2299976;48000;00-06-08
run_opt_test0_O0;2300000;48000;00-06-08
run_opt_test0_O0;2300000;48000;00-06-08
run_opt_test0_O0;2300000;48000;00-06-08
run_opt_test0_O0;2300000;48000;00-06-08
run_opt_test0_O0;2213540;48000;00-06-08
run_opt_test0_O0;2300000;48000;00-06-08
run_opt_test0_O0;2300000;48000;00-06-09
run_opt_test0_O0;2299976;48000;00-06-09
run_opt_test0_O0;2300023;48000;00-06-09
run_opt_test0_O0;2299976;48000;00-06-09
run_opt_test0_O0;2300000;48000;00-06-09
run_opt_test0_O0;2299976;48000;00-06-09
run_opt_test0_O0;2299976;48000;00-06-09
run_opt_test0_O0;2206475;48000;00-06-10
run_opt_test0_O0;2300000;48000;00-06-10
run_opt_test0_O0;2299976;48000;00-06-10
run_opt_test0_O0;2215976;48000;00-06-10
run_opt_test0_O0;2300023;48000;00-06-10
run_opt_test0_O0;2300000;48000;00-06-10
run_opt_test0_O0;2300023;48000;00-06-10
run_opt_test0_O0;2300000;48000;00-06-11
run_opt_test0_O0;2300000;48000;00-06-11
run_opt_test0_O0;2300000;48000;00-06-11
run_opt_test0_O0;2300000;48000;00-06-11
run_opt_test0_O0;2300023;48000;00-06-11
run_opt_test0_O0;2161411;48000;00-06-11
run_opt_test0_O0;2300000;48000;00-06-11
run_opt_test0_O0;2205738;48000;00-06-12
run_opt_test0_O0;2300000;48000;00-06-12
run_opt_test0_O0;2189950;48000;00-06-12
run_opt_test0_O0;2300023;48000;00-06-12
run_opt_test0_O0;2299976;48000;00-06-12
run_opt_test0_O0;2300023;48000;00-06-12
run_opt_test0_O0;2210372;48000;00-06-12
run_opt_test0_O0;2300000;48000;00-06-12
run_opt_test0_O0;2300000;48000;00-06-13
run_opt_test0_O0;2300000;46000;00-06-13
run_opt_test0_O0;2300023;46000;00-06-13
run_opt_test0_O0;2229393;46000;00-06-13
run_opt_test0_O0;2300023;46000;00-06-13
run_opt_test0_O0;2300000;46000;00-06-13
run_opt_test0_O0;2300023;46000;00-06-13
run_opt_test0_O0;2300000;46000;00-06-14
run_opt_test0_O0;2300000;46000;00-06-14
run_opt_test0_O0;2216998;48000;00-06-14
run_opt_test0_O0;2300000;48000;00-06-14
run_opt_test0_O0;2299976;48000;00-06-14
run_opt_test0_O0;2300023;48000;00-06-14
run_opt_test0_O0;2300023;48000;00-06-14
run_opt_test0_O0;2233298;48000;00-06-15
run_opt_test0_O0;2205307;48000;00-06-15
run_opt_test0_O0;2300000;48000;00-06-15
run_opt_test0_O0;2175307;48000;00-06-15
run_opt_test0_O0;2203055;48000;00-06-15
run_opt_test0_O0;2300000;48000;00-06-15
run_opt_test0_O0;2300000;48000;00-06-15
run_opt_test0_O0;2245760;48000;00-06-16
run_opt_test0_O0;2300023;48000;00-06-16
run_opt_test0_O0;2300023;48000;00-06-16
run_opt_test0_O0;2205649;48000;00-06-16
run_opt_test0_O0;2300000;48000;00-06-16
run_opt_test0_O0;2299976;48000;00-06-16
run_opt_test0_O0;2300023;48000;00-06-16
run_opt_test0_O0;2269163;48000;00-06-17
run_opt_test0_O0;2300000;48000;00-06-17
run_opt_test0_O0;2143583;48000;00-06-17
run_opt_test0_O0;2300023;48000;00-06-17
run_opt_test0_O0;2187715;48000;00-06-17
run_opt_test0_O0;2300000;48000;00-06-17
run_opt_test0_O0;2134043;48000;00-06-17
run_opt_test0_O0;2300000;48000;00-06-18
run_opt_test0_O0;2213105;48000;00-06-18
run_opt_test0_O0;2300000;48000;00-06-18
run_opt_test0_O0;2300000;48000;00-06-18
run_opt_test0_O0;2300000;48000;00-06-18
run_opt_test0_O0;2300000;48000;00-06-18
run_opt_test0_O0;2300000;48000;00-06-18
run_opt_test0_O0;2300023;48000;00-06-19
run_opt_test0_O0;2234483;48000;00-06-19
run_opt_test0_O0;2300000;48000;00-06-19
run_opt_test0_O0;2300000;48000;00-06-19
run_opt_test0_O0;2048887;48000;00-06-19
run_opt_test0_O0;2300023;48000;00-06-19
run_opt_test0_O0;2300000;48000;00-06-19
run_opt_test0_O0;2300000;48000;00-06-20
run_opt_test0_O0;2279367;48000;00-06-20
run_opt_test0_O0;2300000;48000;00-06-20
run_opt_test0_O0;2282535;48000;00-06-20
run_opt_test0_O0;2300000;48000;00-06-20
run_opt_test0_O0;2300023;48000;00-06-20
run_opt_test0_O0;2300000;48000;00-06-20
run_opt_test0_O0;2243500;48000;00-06-21
run_opt_test0_O0;2241393;48000;00-06-21
run_opt_test0_O0;2299976;48000;00-06-21
run_opt_test0_O0;2143198;48000;00-06-21
run_opt_test0_O0;2300000;48000;00-06-21
run_opt_test0_O0;2300000;48000;00-06-21
run_opt_test0_O0;2203105;48000;00-06-21
run_opt_test0_O0;2300000;48000;00-06-21
run_opt_test0_O0;2206935;48000;00-06-22
run_opt_test0_O0;2300000;48000;00-06-22
run_opt_test0_O0;2230804;48000;00-06-22
run_opt_test0_O0;2300000;48000;00-06-22
run_opt_test0_O0;2212169;48000;00-06-22
run_opt_test0_O0;2300000;48000;00-06-22
run_opt_test0_O0;2300023;48000;00-06-22
run_opt_test0_O0;2300000;48000;00-06-23
run_opt_test0_O0;2206591;48000;00-06-23
run_opt_test0_O0;2299976;48000;00-06-23
run_opt_test0_O0;2132746;48000;00-06-23
run_opt_test0_O0;2300000;48000;00-06-23
run_opt_test0_O0;2300000;48000;00-06-23
run_opt_test0_O0;2300000;48000;00-06-23
run_opt_test0_O0;2181745;48000;00-06-24
run_opt_test0_O0;2300023;48000;00-06-24
run_opt_test0_O0;2223316;48000;00-06-24
run_opt_test0_O0;2235907;48000;00-06-24
run_opt_test0_O0;2223839;48000;00-06-24
run_opt_test0_O0;2300000;48000;00-06-24
run_opt_test0_O0;2118509;48000;00-06-24
run_opt_test0_O0;2300000;48000;00-06-25
run_opt_test0_O0;2209508;48000;00-06-25
run_opt_test0_O0;2300000;48000;00-06-25
run_opt_test0_O0;2167361;48000;00-06-25
run_opt_test0_O0;2299976;48000;00-06-25
run_opt_test0_O0;2299976;48000;00-06-25
run_opt_test0_O0;2300023;48000;00-06-25
run_opt_test0_O0;2300000;48000;00-06-26
run_opt_test0_O0;2209202;48000;00-06-26
run_opt_test0_O0;2245866;48000;00-06-26
run_opt_test0_O0;2300000;48000;00-06-26
run_opt_test0_O0;2299976;48000;00-06-26
run_opt_test0_O0;2300023;48000;00-06-26
run_opt_test0_O0;2300000;48000;00-06-26
run_opt_test0_O0;2300023;48000;00-06-27
run_opt_test0_O0;2300000;48000;00-06-27
run_opt_test0_O0;2299976;48000;00-06-27
run_opt_test0_O0;2300023;48000;00-06-27
run_opt_test0_O0;2171508;48000;00-06-27
run_opt_test0_O0;2300000;48000;00-06-27
run_opt_test0_O0;2300000;48000;00-06-27
run_opt_test0_O0;2300000;48000;00-06-27
run_opt_test0_O0;2299976;48000;00-06-28
run_opt_test0_O0;2300023;48000;00-06-28
run_opt_test0_O0;2300023;48000;00-06-28
run_opt_test0_O0;2300000;48000;00-06-28
run_opt_test0_O0;2299976;48000;00-06-28
run_opt_test0_O0;2210205;48000;00-06-28
run_opt_test0_O0;2300000;48000;00-06-28
run_opt_test0_O0;2300000;48000;00-06-29
run_opt_test0_O0;2300023;48000;00-06-29
run_opt_test0_O0;2300000;48000;00-06-29
run_opt_test0_O0;2300000;48000;00-06-29
run_opt_test0_O0;2072883;48000;00-06-29
run_opt_test0_O0;2118634;48000;00-06-29
run_opt_test0_O0;2299976;48000;00-06-29
run_opt_test0_O0;2300000;48000;00-06-30
run_opt_test0_O0;2177722;48000;00-06-30
run_opt_test0_O0;2299976;48000;00-06-30
run_opt_test0_O0;2300000;48000;00-06-30
run_opt_test0_O0;2300046;48000;00-06-30
run_opt_test0_O0;2300000;48000;00-06-30
run_opt_test0_O0;2300000;48000;00-06-30
run_opt_test0_O0;2191167;48000;00-06-31
run_opt_test0_O0;2300000;48000;00-06-31
run_opt_test0_O0;2299976;48000;00-06-31
run_opt_test0_O0;2300000;48000;00-06-31
run_opt_test0_O0;2300000;48000;00-06-31
run_opt_test0_O0;2192734;48000;00-06-31
run_opt_test0_O0;2300000;48000;00-06-31
run_opt_test0_O0;2299976;48000;00-06-32
run_opt_test0_O0;2100916;48000;00-06-32
run_opt_test0_O0;2300023;48000;00-06-32
run_opt_test0_O0;2300000;48000;00-06-32
run_opt_test0_O0;2120726;48000;00-06-32
run_opt_test0_O0;2300023;48000;00-06-32
run_opt_test0_O0;2300000;48000;00-06-32
run_opt_test0_O0;2300000;48000;00-06-33
run_opt_test0_O0;2300000;48000;00-06-33
run_opt_test0_O0;2300000;48000;00-06-33
run_opt_test0_O0;2196748;48000;00-06-33
run_opt_test0_O0;2223618;48000;00-06-33
run_opt_test0_O0;2177417;48000;00-06-33
run_opt_test0_O0;2202649;48000;00-06-33
run_opt_test0_O0;2134864;48000;00-06-33
run_opt_test0_O0;2300000;48000;00-06-34
run_opt_test0_O0;2177041;48000;00-06-34
run_opt_test0_O0;2300000;48000;00-06-34
run_opt_test0_O0;2300000;48000;00-06-34
run_opt_test0_O0;2149866;48000;00-06-34
run_opt_test0_O0;2300000;48000;00-06-34
run_opt_test0_O0;2300000;48000;00-06-34
run_opt_test0_O0;2300000;48000;00-06-35
run_opt_test0_O0;2216227;48000;00-06-35
run_opt_test0_O0;2170065;48000;00-06-35
run_opt_test0_O0;2300000;48000;00-06-35
run_opt_test0_O0;2300000;48000;00-06-35
run_opt_test0_O0;2300000;48000;00-06-35
run_opt_test0_O0;2300023;48000;00-06-35
run_opt_test0_O0;2120373;48000;00-06-36
run_opt_test0_O0;2300023;48000;00-06-36
run_opt_test0_O0;2300023;48000;00-06-36
run_opt_test0_O0;2246286;48000;00-06-36
run_opt_test0_O0;2263041;48000;00-06-36
run_opt_test0_O0;2226469;48000;00-06-36
run_opt_test0_O0;2300000;48000;00-06-36
run_opt_test0_O0;2300023;48000;00-06-37
run_opt_test0_O0;2300000;48000;00-06-37
run_opt_test0_O0;2300000;48000;00-06-37
run_opt_test0_O0;2184277;48000;00-06-37
run_opt_test0_O0;2300000;48000;00-06-37
run_opt_test0_O0;2300000;48000;00-06-37
run_opt_test0_O0;2210840;48000;00-06-37
run_opt_test0_O0;2251866;48000;00-06-37
run_opt_test0_O0;2300000;48000;00-06-38
run_opt_test0_O0;2300000;48000;00-06-38
run_opt_test0_O0;2299746;48000;00-06-38
run_opt_test0_O0;2226057;48000;00-06-38
run_opt_test0_O0;2300000;48000;00-06-38
run_opt_test0_O0;2300023;48000;00-06-38
run_opt_test0_O0;2300023;48000;00-06-38
run_opt_test0_O0;2215924;48000;00-06-39
run_opt_test0_O0;2138042;48000;00-06-39
run_opt_test0_O0;2300000;48000;00-06-39
run_opt_test0_O0;2300000;48000;00-06-39
run_opt_test0_O0;2300023;48000;00-06-39
run_opt_test0_O0;2300023;48000;00-06-39
run_opt_test0_O0;2117281;48000;00-06-39
run_opt_test0_O0;2198736;48000;00-06-40
run_opt_test0_O0;2226875;48000;00-06-40
run_opt_test0_O0;2300023;48000;00-06-40
run_opt_test0_O0;2299976;48000;00-06-40
run_opt_test0_O0;2188874;48000;00-06-40
run_opt_test0_O0;2168950;48000;00-06-40
run_opt_test0_O0;2300000;48000;00-06-40
run_opt_test0_O0;2300000;48000;00-06-41
run_opt_test0_O0;2300000;48000;00-06-41
run_opt_test0_O0;2300000;48000;00-06-41
run_opt_test0_O0;2300000;48000;00-06-41
run_opt_test0_O0;2299976;48000;00-06-41
run_opt_test0_O0;2297848;48000;00-06-41
run_opt_test0_O0;2299976;48000;00-06-41
run_opt_test0_O0;2157229;48000;00-06-41
run_opt_test0_O0;2246074;48000;00-06-42
run_opt_test0_O0;2118029;48000;00-06-42
run_opt_test0_O0;2124410;48000;00-06-42
run_opt_test0_O0;2122014;48000;00-06-42
run_opt_test0_O0;2300000;48000;00-06-42
run_opt_test0_O0;2300000;48000;00-06-42
run_opt_test0_O0;2220936;48000;00-06-42
run_opt_test0_O0;2300000;48000;00-06-43
run_opt_test0_O0;2198577;48000;00-06-43
run_opt_test0_O0;2300000;48000;00-06-43
run_opt_test0_O0;2299976;48000;00-06-43
run_opt_test0_O0;2221527;48000;00-06-43
run_opt_test0_O0;2300000;48000;00-06-43
run_opt_test0_O0;2300000;48000;00-06-43
run_opt_test0_O0;2299976;48000;00-06-44
run_opt_test0_O0;2300000;48000;00-06-44
run_opt_test0_O0;2279402;48000;00-06-44
run_opt_test0_O0;2185298;48000;00-06-44
run_opt_test0_O0;2299976;48000;00-06-44
run_opt_test0_O0;2300000;48000;00-06-44
run_opt_test0_O0;2300000;48000;00-06-44
run_opt_test0_O0;2299976;48000;00-06-45
run_opt_test0_O0;2251634;48000;00-06-45
run_opt_test0_O0;2300000;48000;00-06-45
run_opt_test0_O0;2300000;48000;00-06-45
run_opt_test0_O0;2299976;48000;00-06-45
run_opt_test0_O0;2300000;48000;00-06-45
run_opt_test0_O0;2300023;48000;00-06-45
run_opt_test0_O0;2208076;48000;00-06-46
run_opt_test0_O0;2300000;48000;00-06-46
run_opt_test0_O0;2300000;48000;00-06-46
run_opt_test0_O0;2197687;48000;00-06-46
run_opt_test0_O0;2178499;48000;00-06-46
run_opt_test0_O0;2235967;48000;00-06-46
run_opt_test0_O0;2300000;48000;00-06-46
run_opt_test0_O0;2300000;48000;00-06-46
run_opt_test0_O0;2300000;48000;00-06-47
run_opt_test0_O0;2300000;48000;00-06-47
run_opt_test0_O0;2300000;48000;00-06-47
run_opt_test0_O0;2300023;48000;00-06-47
run_opt_test0_O0;2300000;48000;00-06-47
run_opt_test0_O0;2300023;48000;00-06-47
run_opt_test0_O0;2243438;48000;00-06-47
run_opt_test0_O0;2300023;48000;00-06-48
run_opt_test0_O0;2242630;48000;00-06-48
run_opt_test0_O0;2300000;48000;00-06-48
run_opt_test0_O0;2300023;48000;00-06-48
run_opt_test0_O0;2238931;48000;00-06-48
run_opt_test0_O0;2300000;48000;00-06-48
run_opt_test0_O0;2134879;48000;00-06-48
run_opt_test0_O0;2176400;48000;00-06-49
run_opt_test0_O0;2300000;48000;00-06-49
run_opt_test0_O0;2132243;48000;00-06-49
run_opt_test0_O0;2300000;48000;00-06-49
run_opt_test0_O0;2299976;48000;00-06-49
run_opt_test0_O0;2300000;48000;00-06-49
run_opt_test0_O0;2300000;48000;00-06-49
run_opt_test0_O0;2299976;48000;00-06-50
run_opt_test0_O0;2229501;48000;00-06-50
run_opt_test0_O0;2300000;48000;00-06-50
run_opt_test0_O0;2300023;48000;00-06-50
run_opt_test0_O0;2300000;48000;00-06-50
run_opt_test0_O0;2299976;48000;00-06-50
run_opt_test0_O0;2300023;48000;00-06-50
run_opt_test0_O0;2300000;48000;00-06-51
run_opt_test0_O0;2299976;48000;00-06-51
run_opt_test0_O0;2300023;48000;00-06-51
run_opt_test0_O0;2300000;48000;00-06-51
run_opt_test0_O0;2198648;48000;00-06-51
run_opt_test0_O0;2299976;48000;00-06-51
run_opt_test0_O0;2300000;48000;00-06-51
run_opt_test0_O0;2300023;48000;00-06-52
run_opt_test0_O0;2172013;48000;00-06-52
run_opt_test0_O0;2300000;48000;00-06-52
run_opt_test0_O0;2300000;48000;00-06-52
run_opt_test0_O0;2300000;48000;00-06-52
run_opt_test0_O0;2300000;48000;00-06-52
run_opt_test0_O0;2300000;48000;00-06-52
run_opt_test0_O0;2299976;48000;00-06-52
run_opt_test0_O0;2300000;48000;00-06-53
run_opt_test0_O0;2300000;48000;00-06-53
run_opt_test0_O0;2193028;48000;00-06-53
run_opt_test0_O0;2300000;48000;00-06-53
run_opt_test0_O0;2300000;48000;00-06-53
run_opt_test0_O0;2299976;48000;00-06-53
run_opt_test0_O0;2300000;48000;00-06-53
run_opt_test0_O0;2116388;48000;00-06-54
run_opt_test0_O0;2300000;48000;00-06-54
run_opt_test0_O0;2118904;48000;00-06-54
run_opt_test0_O0;2297074;48000;00-06-54
run_opt_test0_O0;2137038;48000;00-06-54
run_opt_test0_O0;2300000;48000;00-06-54
run_opt_test0_O0;2299976;48000;00-06-54
run_opt_test0_O0;2128599;48000;00-06-55
run_opt_test0_O0;2300023;48000;00-06-55
run_opt_test0_O0;2300000;48000;00-06-55
run_opt_test0_O0;2300023;48000;00-06-55
run_opt_test0_O0;2300000;48000;00-06-55
run_opt_test0_O0;2174579;48000;00-06-55
run_opt_test0_O0;2121330;48000;00-06-55
run_opt_test0_O0;2222278;48000;00-06-56
run_opt_test0_O0;2300000;48000;00-06-56
run_opt_test0_O0;2300000;48000;00-06-56
run_opt_test0_O0;2300000;48000;00-06-56
run_opt_test0_O0;2255878;48000;00-06-56
run_opt_test0_O0;2300000;48000;00-06-56
run_opt_test0_O0;2299976;48000;00-06-56
run_opt_test0_O0;2251862;48000;00-06-57
run_opt_test0_O0;2300023;48000;00-06-57
run_opt_test0_O0;2300000;48000;00-06-57
run_opt_test0_O0;2300023;48000;00-06-57
run_opt_test0_O0;2300000;48000;00-06-57
run_opt_test0_O0;2196193;48000;00-06-57
run_opt_test0_O0;2201305;48000;00-06-57
run_opt_test0_O0;2300023;48000;00-06-58
run_opt_test0_O0;2300000;48000;00-06-58
run_opt_test0_O0;2300000;48000;00-06-58
run_opt_test0_O0;2299976;48000;00-06-58
run_opt_test0_O0;2299976;48000;00-06-58
run_opt_test0_O0;2300000;48000;00-06-58
run_opt_test0_O0;2300000;48000;00-06-58
run_opt_test0_O0;2300000;48000;00-06-58
run_opt_test0_O0;2204267;48000;00-06-59
run_opt_test0_O0;2300000;48000;00-06-59
run_opt_test0_O0;2300000;48000;00-06-59
run_opt_test0_O0;2292726;48000;00-06-59
run_opt_test0_O0;2241738;48000;00-06-59
run_opt_test0_O0;2202328;48000;00-06-59
run_opt_test0_O0;2300000;48000;00-06-59
run_opt_test0_O0;2300000;48000;00-07-00
run_opt_test0_O0;2300000;48000;00-07-00
run_opt_test0_O0;2300000;48000;00-07-00
run_opt_test0_O0;2299976;48000;00-07-00
run_opt_test0_O0;2300000;48000;00-07-00
run_opt_test0_O0;2300000;48000;00-07-00
run_opt_test0_O0;2300000;48000;00-07-00
run_opt_test0_O0;2178366;48000;00-07-01
run_opt_test0_O0;2124373;48000;00-07-01
run_opt_test0_O0;2300000;48000;00-07-01
run_opt_test0_O0;2299976;48000;00-07-01
run_opt_test0_O0;2134598;48000;00-07-01
run_opt_test0_O0;2105310;48000;00-07-01
run_opt_test0_O0;2299976;48000;00-07-01
run_opt_test0_O0;2300023;48000;00-07-02
run_opt_test0_O0;2300000;48000;00-07-02
run_opt_test0_O0;2288371;48000;00-07-02
run_opt_test0_O0;2300000;48000;00-07-02
run_opt_test0_O0;2299976;48000;00-07-02
run_opt_test0_O0;2299976;48000;00-07-02
run_opt_test0_O0;2199670;48000;00-07-02
run_opt_test0_O0;2300000;48000;00-07-03
run_opt_test0_O0;2238934;48000;00-07-03
run_opt_test0_O0;2256342;48000;00-07-03
run_opt_test0_O0;2226003;48000;00-07-03
run_opt_test0_O0;2300000;48000;00-07-03
run_opt_test0_O0;2300023;48000;00-07-03
run_opt_test0_O0;2300000;48000;00-07-03
run_opt_test0_O0;2299976;48000;00-07-03
run_opt_test0_O0;2299976;48000;00-07-04
run_opt_test0_O0;2300000;48000;00-07-04
run_opt_test0_O0;2179204;48000;00-07-04
run_opt_test0_O0;2236615;48000;00-07-04
run_opt_test0_O0;2300000;48000;00-07-04
run_opt_test0_O0;2273431;48000;00-07-04
run_opt_test0_O0;2300000;48000;00-07-04
run_opt_test0_O0;2299976;48000;00-07-05
run_opt_test0_O0;2300000;48000;00-07-05
run_opt_test0_O0;2093341;48000;00-07-05
run_opt_test0_O0;2300000;48000;00-07-05
run_opt_test0_O0;2299976;48000;00-07-05
run_opt_test0_O0;2261546;48000;00-07-05
run_opt_test0_O0;2299976;48000;00-07-05
run_opt_test0_O0;2300000;48000;00-07-06
run_opt_test0_O0;2300000;48000;00-07-06
run_opt_test0_O0;2257561;48000;00-07-06
run_opt_test0_O0;2300023;48000;00-07-06
run_opt_test0_O0;2300023;48000;00-07-06
run_opt_test0_O0;2300000;48000;00-07-06
run_opt_test0_O0;2300000;48000;00-07-06
run_opt_test0_O0;2300000;48000;00-07-07
run_opt_test0_O0;2300000;48000;00-07-07
run_opt_test0_O0;2300000;48000;00-07-07
run_opt_test0_O0;2300000;48000;00-07-07
run_opt_test0_O0;2265462;48000;00-07-07
run_opt_test0_O0;2175699;48000;00-07-07
run_opt_test0_O0;2300000;48000;00-07-07
run_opt_test0_O0;2174298;48000;00-07-08
run_opt_test0_O0;2201706;48000;00-07-08
run_opt_test0_O0;2300000;48000;00-07-08
run_opt_test0_O0;2300023;48000;00-07-08
run_opt_test0_O0;2300023;48000;00-07-08
run_opt_test0_O0;2300000;48000;00-07-08
run_opt_test0_O0;2300000;48000;00-07-08
run_opt_test0_O0;2300023;48000;00-07-09
run_opt_test0_O0;2295285;48000;00-07-09
run_opt_test0_O0;2266526;48000;00-07-09
run_opt_test0_O0;2231404;48000;00-07-09
run_opt_test0_O0;2300000;48000;00-07-09
run_opt_test0_O0;2300000;48000;00-07-09
run_opt_test0_O0;2278358;48000;00-07-09
run_opt_test0_O0;2141892;48000;00-07-09
run_opt_test0_O0;2300000;48000;00-07-10
run_opt_test0_O0;2300000;48000;00-07-10
run_opt_test0_O0;2300000;48000;00-07-10
run_opt_test0_O0;2089077;48000;00-07-10
run_opt_test0_O0;2300000;48000;00-07-10
run_opt_test0_O0;2299976;48000;00-07-10
run_opt_test0_O0;2300023;48000;00-07-10
run_opt_test0_O0;2299976;48000;00-07-11
run_opt_test0_O0;2299976;48000;00-07-11
run_opt_test0_O0;2195534;48000;00-07-11
run_opt_test0_O0;2300000;48000;00-07-11
run_opt_test0_O0;2300000;48000;00-07-11
run_opt_test0_O0;2300000;48000;00-07-11
run_opt_test0_O0;2299976;48000;00-07-11
run_opt_test0_O0;2300000;48000;00-07-12
run_opt_test0_O0;2300023;48000;00-07-12
run_opt_test0_O0;2300000;48000;00-07-12
run_opt_test0_O0;2300000;48000;00-07-12
run_opt_test0_O0;2300000;48000;00-07-12
run_opt_test0_O0;2300000;48000;00-07-12
run_opt_test0_O0;2300023;48000;00-07-12
run_opt_test0_O0;2099255;48000;00-07-13
run_opt_test0_O0;2300023;48000;00-07-13
run_opt_test0_O0;2209956;48000;00-07-13
run_opt_test0_O0;2299976;48000;00-07-13
run_opt_test0_O0;2300000;48000;00-07-13
run_opt_test0_O0;2300023;48000;00-07-13
run_opt_test0_O0;2262879;48000;00-07-13
run_opt_test0_O0;2226958;48000;00-07-13
run_opt_test0_O0;2199595;48000;00-07-14
run_opt_test0_O0;2300000;48000;00-07-14
run_opt_test0_O0;2299976;48000;00-07-14
run_opt_test0_O0;2299976;48000;00-07-14
run_opt_test0_O0;2125439;48000;00-07-14
run_opt_test0_O0;2300023;48000;00-07-14
run_opt_test0_O0;2231642;48000;00-07-14
run_opt_test0_O0;2300023;48000;00-07-15
run_opt_test0_O0;2300000;48000;00-07-15
run_opt_test0_O0;2115610;48000;00-07-15
run_opt_test0_O0;2300000;48000;00-07-15
run_opt_test0_O0;2206341;48000;00-07-15
run_opt_test0_O0;2300000;48000;00-07-15
run_opt_test0_O0;2124537;48000;00-07-15
run_opt_test0_O0;2129957;48000;00-07-16
run_opt_test0_O0;2299976;48000;00-07-16
run_opt_test0_O0;2299976;48000;00-07-16
run_opt_test0_O0;2300023;48000;00-07-16
run_opt_test0_O0;2300023;48000;00-07-16
run_opt_test0_O0;2119885;48000;00-07-16
run_opt_test0_O0;2102485;48000;00-07-16
run_opt_test0_O0;2168665;48000;00-07-17
run_opt_test0_O0;2157434;48000;00-07-17
run_opt_test0_O0;2300000;48000;00-07-17
run_opt_test0_O0;2299976;48000;00-07-17
run_opt_test0_O0;2185743;48000;00-07-17
run_opt_test0_O0;2299976;48000;00-07-17
run_opt_test0_O0;2300000;48000;00-07-17
run_opt_test0_O0;2207783;48000;00-07-18
run_opt_test0_O0;2299976;48000;00-07-18
run_opt_test0_O0;2300000;48000;00-07-18
run_opt_test0_O0;2300000;48000;00-07-18
run_opt_test0_O0;2226922;48000;00-07-18
run_opt_test0_O0;2300000;48000;00-07-18
run_opt_test0_O0;2203397;48000;00-07-18
run_opt_test0_O0;2300000;48000;00-07-19
run_opt_test0_O0;2194423;48000;00-07-19
run_opt_test0_O0;2300000;48000;00-07-19
run_opt_test0_O0;2120114;48000;00-07-19
run_opt_test0_O0;2299976;48000;00-07-19
run_opt_test0_O0;2299976;48000;00-07-19
run_opt_test0_O0;2300000;48000;00-07-19
run_opt_test0_O0;2299976;48000;00-07-19
run_opt_test0_O0;2300023;48000;00-07-20
run_opt_test0_O0;2300000;48000;00-07-20
run_opt_test0_O0;2300000;48000;00-07-20
run_opt_test0_O0;2300000;48000;00-07-20
run_opt_test0_O0;2300000;48000;00-07-20
run_opt_test0_O0;2300000;48000;00-07-20
run_opt_test0_O0;2275394;48000;00-07-20
run_opt_test0_O0;2300000;48000;00-07-21
run_opt_test0_O0;2300000;48000;00-07-21
run_opt_test0_O0;2300000;48000;00-07-21
run_opt_test0_O0;2266854;48000;00-07-21
run_opt_test0_O0;2300023;48000;00-07-21
run_opt_test0_O0;2300000;48000;00-07-21
run_opt_test0_O0;2300000;48000;00-07-21
run_opt_test0_O0;2299976;48000;00-07-22
run_opt_test0_O0;2197432;48000;00-07-22
run_opt_test0_O0;2175867;48000;00-07-22
run_opt_test0_O0;2300000;48000;00-07-22
run_opt_test0_O0;2300000;48000;00-07-22
run_opt_test0_O0;2300000;48000;00-07-22
run_opt_test0_O0;2300000;48000;00-07-22
run_opt_test0_O0;2300000;48000;00-07-23
run_opt_test0_O0;2300000;48000;00-07-23
run_opt_test0_O0;2216584;48000;00-07-23
run_opt_test0_O0;2300000;48000;00-07-23
run_opt_test0_O0;2300000;48000;00-07-23
run_opt_test0_O0;2300000;48000;00-07-23
run_opt_test0_O0;2299976;48000;00-07-23
run_opt_test0_O0;2300023;48000;00-07-24
run_opt_test0_O0;2300000;48000;00-07-24
run_opt_test0_O0;2274990;48000;00-07-24
run_opt_test0_O0;2267379;48000;00-07-24
run_opt_test0_O0;2300000;48000;00-07-24
run_opt_test0_O0;2265836;48000;00-07-24
run_opt_test0_O0;2300023;48000;00-07-24
run_opt_test0_O0;2300000;48000;00-07-24
run_opt_test0_O0;2192620;48000;00-07-25
run_opt_test0_O0;2300000;48000;00-07-25
run_opt_test0_O0;2300000;48000;00-07-25
run_opt_test0_O0;2133553;48000;00-07-25
run_opt_test0_O0;2299976;48000;00-07-25
run_opt_test0_O0;2300000;48000;00-07-25
run_opt_test0_O0;2299976;48000;00-07-25
run_opt_test0_O0;2208317;48000;00-07-26
run_opt_test0_O0;2300023;48000;00-07-26
run_opt_test0_O0;2300000;48000;00-07-26
run_opt_test0_O0;2300000;48000;00-07-26
run_opt_test0_O0;2269947;48000;00-07-26
run_opt_test0_O0;2300023;48000;00-07-26
run_opt_test0_O0;2299953;48000;00-07-26
run_opt_test0_O0;2300000;48000;00-07-27
run_opt_test0_O0;2299976;48000;00-07-27
run_opt_test0_O0;2300000;48000;00-07-27
run_opt_test0_O0;2300023;48000;00-07-27
run_opt_test0_O0;2194342;48000;00-07-27
run_opt_test0_O0;2300023;48000;00-07-27
run_opt_test0_O0;2300000;48000;00-07-27
run_opt_test0_O0;2299976;48000;00-07-28
run_opt_test0_O0;2224746;48000;00-07-28
run_opt_test0_O0;2300000;48000;00-07-28
run_opt_test0_O0;2299976;48000;00-07-28
run_opt_test0_O0;2300000;48000;00-07-28
run_opt_test0_O0;2300000;48000;00-07-28
run_opt_test0_O0;2077524;48000;00-07-28
run_opt_test0_O0;2147409;48000;00-07-29
run_opt_test0_O0;2300000;48000;00-07-29
run_opt_test0_O0;2300000;48000;00-07-29
run_opt_test0_O0;2300000;48000;00-07-29
run_opt_test0_O0;2300000;48000;00-07-29
run_opt_test0_O0;2300000;48000;00-07-29
run_opt_test0_O0;2235058;48000;00-07-29
run_opt_test0_O0;2299976;48000;00-07-29
run_opt_test0_O0;2300000;48000;00-07-30
run_opt_test0_O0;2300000;48000;00-07-30
run_opt_test0_O0;2299976;48000;00-07-30
run_opt_test0_O0;2300000;48000;00-07-30
run_opt_test0_O0;2299976;48000;00-07-30
run_opt_test0_O0;2300000;48000;00-07-30
run_opt_test0_O0;2300000;48000;00-07-30
run_opt_test0_O0;2300000;48000;00-07-31
run_opt_test0_O0;2167011;48000;00-07-31
run_opt_test0_O0;2299976;48000;00-07-31
run_opt_test0_O0;2300000;48000;00-07-31
run_opt_test0_O0;2300000;48000;00-07-31
run_opt_test0_O0;2300000;48000;00-07-31
run_opt_test0_O0;2300000;48000;00-07-31
run_opt_test0_O0;2299976;48000;00-07-32
run_opt_test0_O0;2300000;48000;00-07-32
run_opt_test0_O0;2300000;48000;00-07-32
run_opt_test0_O0;2199861;48000;00-07-32
run_opt_test0_O0;2300000;48000;00-07-32
run_opt_test0_O0;2230342;48000;00-07-32
run_opt_test0_O0;2300000;48000;00-07-32
run_opt_test0_O0;2185626;48000;00-07-33
run_opt_test0_O0;2300000;48000;00-07-33
run_opt_test0_O0;2300000;48000;00-07-33
run_opt_test0_O0;2300000;48000;00-07-33
run_opt_test0_O0;2300023;48000;00-07-33
run_opt_test0_O0;2299976;48000;00-07-33
run_opt_test0_O0;2300000;48000;00-07-33
run_opt_test0_O0;2294263;48000;00-07-34
run_opt_test0_O0;2222563;48000;00-07-34
run_opt_test0_O0;2300000;48000;00-07-34
run_opt_test0_O0;2300000;48000;00-07-34
run_opt_test0_O0;2300000;48000;00-07-34
run_opt_test0_O0;2299976;48000;00-07-34
run_opt_test0_O0;2300000;48000;00-07-34
run_opt_test0_O0;2300000;48000;00-07-34
run_opt_test0_O0;2300000;48000;00-07-35
run_opt_test0_O0;2300000;48000;00-07-35
run_opt_test0_O0;2300000;48000;00-07-35
run_opt_test0_O0;2213254;48000;00-07-35
run_opt_test0_O0;2238780;48000;00-07-35
run_opt_test0_O0;2300023;48000;00-07-35
run_opt_test0_O0;2300000;48000;00-07-35
run_opt_test0_O0;2300000;48000;00-07-36
run_opt_test0_O0;2300000;48000;00-07-36
run_opt_test0_O0;2300000;48000;00-07-36
run_opt_test0_O0;2201682;48000;00-07-36
run_opt_test0_O0;2299976;48000;00-07-36
run_opt_test0_O0;2300023;48000;00-07-36
run_opt_test0_O0;2300000;48000;00-07-36
run_opt_test0_O0;2150258;48000;00-07-37
run_opt_test0_O0;2116058;48000;00-07-37
run_opt_test0_O0;2300000;48000;00-07-37
run_opt_test0_O0;2300023;48000;00-07-37
run_opt_test0_O0;2104638;48000;00-07-37
run_opt_test0_O0;2300000;48000;00-07-37
run_opt_test0_O0;2300000;48000;00-07-37
run_opt_test0_O0;2299976;48000;00-07-38
run_opt_test0_O0;2206750;48000;00-07-38
run_opt_test0_O0;2300000;48000;00-07-38
run_opt_test0_O0;2300000;48000;00-07-38
run_opt_test0_O0;2300000;48000;00-07-38
run_opt_test0_O0;2300000;48000;00-07-38
run_opt_test0_O0;2300023;48000;00-07-38
run_opt_test0_O0;2300000;48000;00-07-39
run_opt_test0_O0;2300000;48000;00-07-39
run_opt_test0_O0;2146057;48000;00-07-39
run_opt_test0_O0;2300000;48000;00-07-39
run_opt_test0_O0;2300023;48000;00-07-39
run_opt_test0_O0;2300023;48000;00-07-39
run_opt_test0_O0;2300000;48000;00-07-39
run_opt_test0_O0;2300000;48000;00-07-40
run_opt_test0_O0;2300000;48000;00-07-40
run_opt_test0_O0;2300000;48000;00-07-40
run_opt_test0_O0;2180503;48000;00-07-40
run_opt_test0_O0;2300000;48000;00-07-40
run_opt_test0_O0;2300000;48000;00-07-40
run_opt_test0_O0;2300000;48000;00-07-40
run_opt_test0_O0;2300023;48000;00-07-41
run_opt_test0_O0;2270702;48000;00-07-41
run_opt_test0_O0;2300000;48000;00-07-41
run_opt_test0_O0;2204742;48000;00-07-41
run_opt_test0_O0;2300000;48000;00-07-41
run_opt_test0_O0;2266679;48000;00-07-41
run_opt_test0_O0;2299976;48000;00-07-41
run_opt_test0_O0;2116040;48000;00-07-41
run_opt_test0_O0;2170088;48000;00-07-42
run_opt_test0_O0;2193766;48000;00-07-42
run_opt_test0_O0;2300000;48000;00-07-42
run_opt_test0_O0;2300000;48000;00-07-42
run_opt_test0_O0;2299976;48000;00-07-42
run_opt_test0_O0;2300023;48000;00-07-42
run_opt_test0_O0;2300000;48000;00-07-42
run_opt_test0_O0;2201120;48000;00-07-43
run_opt_test0_O0;2300000;48000;00-07-43
run_opt_test0_O0;2149840;48000;00-07-43
run_opt_test0_O0;2213911;48000;00-07-43
run_opt_test0_O0;2104814;48000;00-07-43
run_opt_test0_O0;2167075;48000;00-07-43
run_opt_test0_O0;2300000;48000;00-07-43
run_opt_test0_O0;2289988;48000;00-07-44
run_opt_test0_O0;2300023;48000;00-07-44
run_opt_test0_O0;2040848;48000;00-07-44
run_opt_test0_O0;2201414;48000;00-07-44
run_opt_test0_O0;2300000;48000;00-07-44
run_opt_test0_O0;2052536;48000;00-07-44
run_opt_test0_O0;2253536;48000;00-07-44
run_opt_test0_O0;2300023;48000;00-07-45
run_opt_test0_O0;2129985;48000;00-07-45
run_opt_test0_O0;2300000;48000;00-07-45
run_opt_test0_O0;2122331;48000;00-07-45
run_opt_test0_O0;2280554;48000;00-07-45
run_opt_test0_O0;2167554;48000;00-07-45
run_opt_test0_O0;2300000;48000;00-07-45
run_opt_test0_O0;2119266;48000;00-07-46
run_opt_test0_O0;2299976;48000;00-07-46
run_opt_test0_O0;2300000;48000;00-07-46
run_opt_test0_O0;2300000;48000;00-07-46
run_opt_test0_O0;2300023;48000;00-07-46
run_opt_test0_O0;2300023;48000;00-07-46
run_opt_test0_O0;2103445;48000;00-07-46
run_opt_test0_O0;2213623;48000;00-07-46
run_opt_test0_O0;2300023;48000;00-07-47
run_opt_test0_O0;2300000;48000;00-07-47
run_opt_test0_O0;2200693;48000;00-07-47
run_opt_test0_O0;2300023;48000;00-07-47
run_opt_test0_O0;2126941;48000;00-07-47
run_opt_test0_O0;2124585;48000;00-07-47
run_opt_test0_O0;2198292;48000;00-07-47
run_opt_test0_O0;2300000;48000;00-07-48
run_opt_test0_O0;2300000;48000;00-07-48
run_opt_test0_O0;2299976;48000;00-07-48
run_opt_test0_O0;2300000;48000;00-07-48
run_opt_test0_O0;2136684;48000;00-07-48
run_opt_test0_O0;2212769;48000;00-07-48
run_opt_test0_O0;2300000;48000;00-07-48
run_opt_test0_O0;2265172;48000;00-07-49
run_opt_test0_O0;2300000;48000;00-07-49
run_opt_test0_O0;2299976;48000;00-07-49
run_opt_test0_O0;2300000;48000;00-07-49
run_opt_test0_O0;2300000;48000;00-07-49
run_opt_test0_O0;2300000;48000;00-07-49
run_opt_test0_O0;2299976;48000;00-07-49
run_opt_test0_O0;2299976;48000;00-07-50
run_opt_test0_O0;2299976;48000;00-07-50
run_opt_test0_O0;2300023;48000;00-07-50
run_opt_test0_O0;2123477;48000;00-07-50
run_opt_test0_O0;2300023;48000;00-07-50
run_opt_test0_O0;2299976;48000;00-07-50
run_opt_test0_O0;2300000;48000;00-07-50
run_opt_test0_O0;2120053;48000;00-07-51
run_opt_test0_O0;2210928;48000;00-07-51
run_opt_test0_O0;2300023;48000;00-07-51
run_opt_test0_O0;2221125;48000;00-07-51
run_opt_test0_O0;2300000;48000;00-07-51
run_opt_test0_O0;2300000;48000;00-07-51
run_opt_test0_O0;2300000;48000;00-07-51
run_opt_test0_O0;2144987;48000;00-07-52
run_opt_test0_O0;2300000;48000;00-07-52
run_opt_test0_O0;2300000;48000;00-07-52
run_opt_test0_O0;2300000;48000;00-07-52
run_opt_test0_O0;2299976;48000;00-07-52
run_opt_test0_O0;2300000;48000;00-07-52
run_opt_test0_O0;2298323;48000;00-07-52
run_opt_test0_O0;2192474;48000;00-07-53
run_opt_test0_O0;2300000;48000;00-07-53
run_opt_test0_O0;2299976;48000;00-07-53
run_opt_test0_O0;2300000;48000;00-07-53
run_opt_test0_O0;2108306;48000;00-07-53
run_opt_test0_O0;2300023;48000;00-07-53
run_opt_test0_O0;2190487;48000;00-07-53
run_opt_test0_O0;2201927;48000;00-07-54
run_opt_test0_O0;2199899;48000;00-07-54
run_opt_test0_O0;2300000;48000;00-07-54
run_opt_test0_O0;2300000;48000;00-07-54
run_opt_test0_O0;2300000;48000;00-07-54
run_opt_test0_O0;2197954;48000;00-07-54
run_opt_test0_O0;2300000;48000;00-07-54
run_opt_test0_O0;2300000;48000;00-07-55
run_opt_test0_O0;2299976;48000;00-07-55
run_opt_test0_O0;2300000;48000;00-07-55
run_opt_test0_O0;2300000;48000;00-07-55
run_opt_test0_O0;2300023;48000;00-07-55
run_opt_test0_O0;2213177;48000;00-07-55
run_opt_test0_O0;2300000;48000;00-07-55
run_opt_test0_O0;2110895;48000;00-07-56
run_opt_test0_O0;2287077;48000;00-07-56
run_opt_test0_O0;2253014;48000;00-07-56
run_opt_test0_O0;2300000;48000;00-07-56
run_opt_test0_O0;2300000;48000;00-07-56
run_opt_test0_O0;2299976;48000;00-07-56
run_opt_test0_O0;2300000;48000;00-07-56
run_opt_test0_O0;2299976;48000;00-07-57
run_opt_test0_O0;2299976;48000;00-07-57
run_opt_test0_O0;2300000;48000;00-07-57
run_opt_test0_O0;2300000;48000;00-07-57
run_opt_test0_O0;2300000;48000;00-07-57
run_opt_test0_O0;2107498;48000;00-07-57
run_opt_test0_O0;2249765;48000;00-07-57
run_opt_test0_O0;2300000;48000;00-07-58
run_opt_test0_O0;2300023;48000;00-07-58
run_opt_test0_O0;2300000;48000;00-07-58
run_opt_test0_O0;2300000;48000;00-07-58
run_opt_test0_O0;2201041;48000;00-07-58
run_opt_test0_O0;2300000;48000;00-07-58
run_opt_test0_O0;2300000;48000;00-07-58
run_opt_test0_O0;2299976;48000;00-07-59
run_opt_test0_O0;2221639;48000;00-07-59
run_opt_test0_O0;2300000;48000;00-07-59
run_opt_test0_O0;2300000;48000;00-07-59
run_opt_test0_O0;2300000;48000;00-07-59
run_opt_test0_O0;2300023;48000;00-07-59
run_opt_test0_O0;2214601;48000;00-07-59
run_opt_test0_O0;2299976;48000;00-08-00
run_opt_test0_O0;2300023;48000;00-08-00
run_opt_test0_O0;2300000;48000;00-08-00
run_opt_test0_O0;2300023;48000;00-08-00
run_opt_test0_O0;2300000;48000;00-08-00
run_opt_test0_O0;2103536;48000;00-08-00
run_opt_test0_O0;2300000;48000;00-08-00
run_opt_test0_O0;2151716;48000;00-08-01
run_opt_test0_O0;2300023;48000;00-08-01
run_opt_test0_O0;2300000;48000;00-08-01
run_opt_test0_O0;2200953;48000;00-08-01
run_opt_test0_O0;2300023;48000;00-08-01
run_opt_test0_O0;2299976;48000;00-08-01
run_opt_test0_O0;2300000;48000;00-08-01
run_opt_test0_O0;2300000;48000;00-08-01
run_opt_test0_O0;2154842;48000;00-08-02
run_opt_test0_O0;2300023;48000;00-08-02
run_opt_test0_O0;2148434;48000;00-08-02
run_opt_test0_O0;2300000;48000;00-08-02
run_opt_test0_O0;2300000;48000;00-08-02
run_opt_test0_O0;2300023;48000;00-08-02
run_opt_test0_O0;2198307;48000;00-08-02
run_opt_test0_O0;2300023;48000;00-08-03
run_opt_test0_O0;2299976;48000;00-08-03
run_opt_test0_O0;2299976;48000;00-08-03
run_opt_test0_O0;2299976;48000;00-08-03
run_opt_test0_O0;2300000;48000;00-08-03
run_opt_test0_O0;2155934;48000;00-08-03
run_opt_test0_O0;2300023;48000;00-08-03
run_opt_test0_O0;2300023;48000;00-08-04
run_opt_test0_O0;2300000;48000;00-08-04
run_opt_test0_O0;2300023;48000;00-08-04
run_opt_test0_O0;2201786;48000;00-08-04
run_opt_test0_O0;2300000;48000;00-08-04
run_opt_test0_O0;2103591;48000;00-08-04
run_opt_test0_O0;2300000;48000;00-08-04
run_opt_test0_O0;2168823;48000;00-08-05
run_opt_test0_O0;2214781;48000;00-08-05
run_opt_test0_O0;2300000;48000;00-08-05
run_opt_test0_O0;2300000;48000;00-08-05
run_opt_test0_O0;2272280;48000;00-08-05
run_opt_test0_O0;2300000;48000;00-08-05
run_opt_test0_O0;2300000;48000;00-08-05
run_opt_test0_O0;2299976;48000;00-08-06
run_opt_test0_O0;2153458;48000;00-08-06
run_opt_test0_O0;2300000;48000;00-08-06
run_opt_test0_O0;2273067;48000;00-08-06
run_opt_test0_O0;2300000;48000;00-08-06
run_opt_test0_O0;2212453;48000;00-08-06
run_opt_test0_O0;2299976;48000;00-08-06
run_opt_test0_O0;2300000;48000;00-08-07
run_opt_test0_O0;2300000;48000;00-08-07
run_opt_test0_O0;2300000;48000;00-08-07
run_opt_test0_O0;2300000;48000;00-08-07
run_opt_test0_O0;2300023;48000;00-08-07
run_opt_test0_O0;2300000;48000;00-08-07
run_opt_test0_O0;2300000;48000;00-08-07
run_opt_test0_O0;2300000;48000;00-08-08
run_opt_test0_O0;2214209;48000;00-08-08
run_opt_test0_O0;2299976;48000;00-08-08
run_opt_test0_O0;2300000;48000;00-08-08
run_opt_test0_O0;2247760;48000;00-08-08
run_opt_test0_O0;2300000;48000;00-08-08
run_opt_test0_O0;2300000;48000;00-08-08
run_opt_test0_O0;2221665;48000;00-08-08
run_opt_test0_O0;2300000;48000;00-08-09
run_opt_test0_O0;2226670;48000;00-08-09
run_opt_test0_O0;2300000;48000;00-08-09
run_opt_test0_O0;2208308;48000;00-08-09
run_opt_test0_O0;2300000;48000;00-08-09
run_opt_test0_O0;2188021;48000;00-08-09
run_opt_test0_O0;2300023;48000;00-08-09
run_opt_test0_O0;2300000;48000;00-08-10
run_opt_test0_O0;2300000;48000;00-08-10
run_opt_test0_O0;2230970;48000;00-08-10
run_opt_test0_O0;2209058;48000;00-08-10
run_opt_test0_O0;2300000;48000;00-08-10
run_opt_test0_O0;2260472;48000;00-08-10
run_opt_test0_O0;2199266;48000;00-08-10
run_opt_test0_O0;2300000;48000;00-08-11
run_opt_test0_O0;2189284;48000;00-08-11
run_opt_test0_O0;2299976;48000;00-08-11
run_opt_test0_O0;2300023;48000;00-08-11
run_opt_test0_O0;2300023;48000;00-08-11
run_opt_test0_O0;2192552;48000;00-08-11
run_opt_test0_O0;2300000;48000;00-08-11
run_opt_test0_O0;2300000;48000;00-08-12
run_opt_test0_O0;2300023;48000;00-08-12
run_opt_test0_O0;2300000;50000;00-08-12
run_opt_test0_O0;2300023;50000;00-08-12
run_opt_test0_O0;2300046;50000;00-08-12
run_opt_test0_O0;2299976;50000;00-08-12
run_opt_test0_O0;2300000;50000;00-08-12
run_opt_test0_O0;2300000;50000;00-08-12
run_opt_test0_O0;2299976;50000;00-08-13
run_opt_test0_O0;2300000;50000;00-08-13
run_opt_test0_O0;2114424;48000;00-08-13
run_opt_test0_O0;2300000;48000;00-08-13
run_opt_test0_O0;2300000;48000;00-08-13
run_opt_test0_O0;2128245;48000;00-08-13
run_opt_test0_O0;2300023;48000;00-08-13
run_opt_test0_O0;2127232;48000;00-08-14
run_opt_test0_O0;2300000;48000;00-08-14
run_opt_test0_O0;2299976;48000;00-08-14
run_opt_test0_O0;2300000;48000;00-08-14
run_opt_test0_O0;2300023;48000;00-08-14
run_opt_test0_O0;2300000;48000;00-08-14
run_opt_test0_O0;2300000;48000;00-08-14
run_opt_test0_O0;2261930;48000;00-08-15
run_opt_test0_O0;2128077;48000;00-08-15
run_opt_test0_O0;2300000;48000;00-08-15
run_opt_test0_O0;2299976;48000;00-08-15
run_opt_test0_O0;2300023;48000;00-08-15
run_opt_test0_O0;2140650;48000;00-08-15
run_opt_test0_O0;2300000;48000;00-08-15
run_opt_test0_O0;2300000;48000;00-08-16
run_opt_test0_O0;2300000;48000;00-08-16
run_opt_test0_O0;2261013;48000;00-08-16
run_opt_test0_O0;2300023;48000;00-08-16
run_opt_test0_O0;2112419;48000;00-08-16
run_opt_test0_O0;2102503;48000;00-08-16
run_opt_test0_O0;2111781;48000;00-08-16
run_opt_test0_O0;2224472;48000;00-08-17
run_opt_test0_O0;2300000;48000;00-08-17
run_opt_test0_O0;2299976;48000;00-08-17
run_opt_test0_O0;2300000;48000;00-08-17
run_opt_test0_O0;2299976;48000;00-08-17
run_opt_test0_O0;2147697;48000;00-08-17
run_opt_test0_O0;2255873;48000;00-08-17
run_opt_test0_O0;2299976;48000;00-08-18
run_opt_test0_O0;2194781;48000;00-08-18
run_opt_test0_O0;2300000;48000;00-08-18
run_opt_test0_O0;2072850;48000;00-08-18
run_opt_test0_O0;2300000;48000;00-08-18
run_opt_test0_O0;2300000;48000;00-08-18
run_opt_test0_O0;2300023;48000;00-08-18
run_opt_test0_O0;2216101;48000;00-08-18
run_opt_test0_O0;2210330;48000;00-08-19
run_opt_test0_O0;2300023;48000;00-08-19
run_opt_test0_O0;2299976;48000;00-08-19
run_opt_test0_O0;2216749;48000;00-08-19
run_opt_test0_O0;2300000;48000;00-08-19
run_opt_test0_O0;2300000;48000;00-08-19
run_opt_test0_O0;2300000;48000;00-08-19
run_opt_test0_O0;2300000;48000;00-08-20
run_opt_test0_O0;2154070;48000;00-08-20
run_opt_test0_O0;2218699;48000;00-08-20
run_opt_test0_O0;2300023;48000;00-08-20
run_opt_test0_O0;2299976;48000;00-08-20
run_opt_test0_O0;2216806;48000;00-08-20
run_opt_test0_O0;2300000;48000;00-08-20
run_opt_test0_O0;2250448;48000;00-08-21
run_opt_test0_O0;2300000;48000;00-08-21
run_opt_test0_O0;2300000;48000;00-08-21
run_opt_test0_O0;2300023;48000;00-08-21
run_opt_test0_O0;2205339;48000;00-08-21
run_opt_test0_O0;2222331;48000;00-08-21
run_opt_test0_O0;2220596;48000;00-08-21
run_opt_test0_O0;2097201;48000;00-08-22
run_opt_test0_O0;2138799;48000;00-08-22
run_opt_test0_O0;2137828;48000;00-08-22
run_opt_test0_O0;2162629;48000;00-08-22
run_opt_test0_O0;2299976;48000;00-08-22
run_opt_test0_O0;2286012;48000;00-08-22
run_opt_test0_O0;2221491;48000;00-08-22
run_opt_test0_O0;2300000;48000;00-08-23
run_opt_test0_O0;2300023;48000;00-08-23
run_opt_test0_O0;2300023;48000;00-08-23
run_opt_test0_O0;2300023;48000;00-08-23
run_opt_test0_O0;2276896;48000;00-08-23
run_opt_test0_O0;2300000;48000;00-08-23
run_opt_test0_O0;2300023;48000;00-08-23
run_opt_test0_O0;2226853;48000;00-08-24
run_opt_test0_O0;2300023;48000;00-08-24
run_opt_test0_O0;2300023;48000;00-08-24
run_opt_test0_O0;2156334;48000;00-08-24
run_opt_test0_O0;2300000;48000;00-08-24
run_opt_test0_O0;2300000;48000;00-08-24
run_opt_test0_O0;2299976;48000;00-08-24
run_opt_test0_O0;2300023;48000;00-08-24
run_opt_test0_O0;2300000;48000;00-08-25
run_opt_test0_O0;2241004;48000;00-08-25
run_opt_test0_O0;2145161;48000;00-08-25
run_opt_test0_O0;2212401;48000;00-08-25
run_opt_test0_O0;2300000;48000;00-08-25
run_opt_test0_O0;2299976;48000;00-08-25
run_opt_test0_O0;2300000;48000;00-08-25
run_opt_test0_O0;2219378;48000;00-08-26
run_opt_test0_O0;2300023;48000;00-08-26
run_opt_test0_O0;2300023;48000;00-08-26
run_opt_test0_O0;2300000;48000;00-08-26
run_opt_test0_O0;2299976;48000;00-08-26
run_opt_test0_O0;2226207;50000;00-08-26
run_opt_test0_O0;2231242;50000;00-08-26
run_opt_test0_O0;2300000;50000;00-08-27
run_opt_test0_O0;2211783;50000;00-08-27
run_opt_test0_O0;2300000;50000;00-08-27
run_opt_test0_O0;2300000;50000;00-08-27
run_opt_test0_O0;2243613;50000;00-08-27
run_opt_test0_O0;2205323;50000;00-08-27
run_opt_test0_O0;2197347;50000;00-08-27
run_opt_test0_O0;2209769;50000;00-08-28
run_opt_test0_O0;2178976;50000;00-08-28
run_opt_test0_O0;2192598;50000;00-08-28
run_opt_test0_O0;2235096;50000;00-08-28
run_opt_test0_O0;2300000;50000;00-08-28
run_opt_test0_O0;2226355;50000;00-08-28
run_opt_test0_O0;2300023;50000;00-08-28
run_opt_test0_O0;2300000;48000;00-08-28
run_opt_test0_O0;2233955;48000;00-08-29
run_opt_test0_O0;2299976;48000;00-08-29
run_opt_test0_O0;2188225;48000;00-08-29
run_opt_test0_O0;2200053;48000;00-08-29
run_opt_test0_O0;2300000;48000;00-08-29
run_opt_test0_O0;2169422;48000;00-08-29
run_opt_test0_O0;2185841;48000;00-08-29
run_opt_test0_O0;2221134;50000;00-08-30
run_opt_test0_O0;2167483;50000;00-08-30
run_opt_test0_O0;2300000;50000;00-08-30
run_opt_test0_O0;2263585;50000;00-08-30
run_opt_test0_O0;2299976;50000;00-08-30
run_opt_test0_O0;2300000;50000;00-08-30
run_opt_test0_O0;2217183;50000;00-08-30
run_opt_test0_O0;2300000;50000;00-08-31
run_opt_test0_O0;2300000;48000;00-08-31
run_opt_test0_O0;2300000;48000;00-08-31
run_opt_test0_O0;2200278;48000;00-08-31
run_opt_test0_O0;2295173;48000;00-08-31
run_opt_test0_O0;2300023;48000;00-08-31
run_opt_test0_O0;2245367;48000;00-08-31
run_opt_test0_O0;2299976;48000;00-08-32
run_opt_test0_O0;2299976;48000;00-08-32
run_opt_test0_O0;2224723;50000;00-08-32
run_opt_test0_O0;2127655;50000;00-08-32
run_opt_test0_O0;2300000;50000;00-08-32
run_opt_test0_O0;2300000;50000;00-08-32
run_opt_test0_O0;2299976;50000;00-08-32
run_opt_test0_O0;2094942;50000;00-08-33
run_opt_test0_O0;2300000;50000;00-08-33
run_opt_test0_O0;2300000;50000;00-08-33
run_opt_test0_O0;2300000;50000;00-08-33
run_opt_test0_O0;2300000;50000;00-08-33
run_opt_test0_O0;2154339;50000;00-08-33
run_opt_test0_O0;2127606;50000;00-08-33
run_opt_test0_O0;2207903;50000;00-08-34
run_opt_test0_O0;2300000;50000;00-08-34
run_opt_test0_O0;2300023;50000;00-08-34
run_opt_test0_O0;2299976;50000;00-08-34
run_opt_test0_O0;2293728;50000;00-08-34
run_opt_test0_O0;2233600;50000;00-08-34
run_opt_test0_O0;2300000;50000;00-08-34
run_opt_test0_O0;2300000;50000;00-08-34
run_opt_test0_O0;2300000;50000;00-08-35
run_opt_test0_O0;2300023;50000;00-08-35
run_opt_test0_O0;2300000;50000;00-08-35
run_opt_test0_O0;2118033;50000;00-08-35
run_opt_test0_O0;2235048;50000;00-08-35
run_opt_test0_O0;2300000;50000;00-08-35
run_opt_test0_O0;2300000;50000;00-08-35
run_opt_test0_O0;2300000;50000;00-08-36
run_opt_test0_O0;2300000;50000;00-08-36
run_opt_test0_O0;2300023;50000;00-08-36
run_opt_test0_O0;2125789;50000;00-08-36
run_opt_test0_O0;2300023;50000;00-08-36
run_opt_test0_O0;2299976;50000;00-08-36
run_opt_test0_O0;2300000;50000;00-08-36
run_opt_test0_O0;2300000;50000;00-08-37
run_opt_test0_O0;2174670;50000;00-08-37
run_opt_test0_O0;2300000;50000;00-08-37
run_opt_test0_O0;2107008;50000;00-08-37
run_opt_test0_O0;2300000;50000;00-08-37
run_opt_test0_O0;2300000;50000;00-08-37
run_opt_test0_O0;2143403;48000;00-08-37
run_opt_test0_O0;2300000;48000;00-08-38
run_opt_test0_O0;2274125;48000;00-08-38
run_opt_test0_O0;2300000;48000;00-08-38
run_opt_test0_O0;2213419;48000;00-08-38
run_opt_test0_O0;2300000;48000;00-08-38
run_opt_test0_O0;2300000;48000;00-08-38
run_opt_test0_O0;2227299;48000;00-08-38
run_opt_test0_O0;2139003;50000;00-08-38
run_opt_test0_O0;2300023;50000;00-08-39
run_opt_test0_O0;2300000;50000;00-08-39
run_opt_test0_O0;2299976;50000;00-08-39
run_opt_test0_O0;2300000;50000;00-08-39
run_opt_test0_O0;2300023;50000;00-08-39
run_opt_test0_O0;2300000;50000;00-08-39
run_opt_test0_O0;2300000;50000;00-08-39
run_opt_test0_O0;2205999;50000;00-08-40
run_opt_test0_O0;2300000;50000;00-08-40
run_opt_test0_O0;2300000;50000;00-08-40
run_opt_test0_O0;2299976;50000;00-08-40
run_opt_test0_O0;2299976;50000;00-08-40
run_opt_test0_O0;2287596;50000;00-08-40
run_opt_test0_O0;2135234;50000;00-08-40
run_opt_test0_O0;2136593;50000;00-08-41
run_opt_test0_O0;2300000;48000;00-08-41
run_opt_test0_O0;2300023;48000;00-08-41
run_opt_test0_O0;2300000;48000;00-08-41
run_opt_test0_O0;2300000;48000;00-08-41
run_opt_test0_O0;2299976;48000;00-08-41
run_opt_test0_O0;2300000;48000;00-08-41
run_opt_test0_O0;2299976;48000;00-08-42
run_opt_test0_O0;2300000;48000;00-08-42
run_opt_test0_O0;2300000;50000;00-08-42
run_opt_test0_O0;2189688;50000;00-08-42
run_opt_test0_O0;2205609;50000;00-08-42
run_opt_test0_O0;2300000;50000;00-08-42
run_opt_test0_O0;2197628;50000;00-08-42
run_opt_test0_O0;2300000;50000;00-08-42
run_opt_test0_O0;2300000;50000;00-08-43
run_opt_test0_O0;2129379;50000;00-08-43
run_opt_test0_O0;2300000;48000;00-08-43
run_opt_test0_O0;2300000;48000;00-08-43
run_opt_test0_O0;2300000;48000;00-08-43
run_opt_test0_O0;2300000;48000;00-08-43
run_opt_test0_O0;2300000;48000;00-08-43
run_opt_test0_O0;2299976;48000;00-08-44
run_opt_test0_O0;2299976;48000;00-08-44
run_opt_test0_O0;2290473;48000;00-08-44
run_opt_test0_O0;2300000;50000;00-08-44
run_opt_test0_O0;2299976;50000;00-08-44
run_opt_test0_O0;2206683;50000;00-08-44
run_opt_test0_O0;2299976;50000;00-08-44
run_opt_test0_O0;2213476;50000;00-08-45
run_opt_test0_O0;2214390;50000;00-08-45
run_opt_test0_O0;2300000;50000;00-08-45
run_opt_test0_O0;2300023;50000;00-08-45
run_opt_test0_O0;2299976;48000;00-08-45
run_opt_test0_O0;2300023;48000;00-08-45
run_opt_test0_O0;2300000;48000;00-08-45
run_opt_test0_O0;2300023;48000;00-08-46
run_opt_test0_O0;2299976;48000;00-08-46
run_opt_test0_O0;2276212;48000;00-08-46
run_opt_test0_O0;2299976;48000;00-08-46
run_opt_test0_O0;2300000;48000;00-08-46
run_opt_test0_O0;2285412;50000;00-08-46
run_opt_test0_O0;2300023;50000;00-08-46
run_opt_test0_O0;2299976;50000;00-08-47
run_opt_test0_O0;2186985;50000;00-08-47
run_opt_test0_O0;2287430;50000;00-08-47
run_opt_test0_O0;2300000;50000;00-08-47
run_opt_test0_O0;2300000;50000;00-08-47
run_opt_test0_O0;2300023;50000;00-08-47
run_opt_test0_O0;2157293;50000;00-08-47
run_opt_test0_O0;2157153;50000;00-08-47
run_opt_test0_O0;2300023;50000;00-08-48
run_opt_test0_O0;2218155;50000;00-08-48
run_opt_test0_O0;2300000;50000;00-08-48
run_opt_test0_O0;2216743;50000;00-08-48
run_opt_test0_O0;2299976;50000;00-08-48
run_opt_test0_O0;2299976;50000;00-08-48
run_opt_test0_O0;2300023;50000;00-08-48
run_opt_test0_O0;2217372;50000;00-08-49
run_opt_test0_O0;2300000;50000;00-08-49
run_opt_test0_O0;2300000;50000;00-08-49
run_opt_test0_O0;2300000;50000;00-08-49
run_opt_test0_O0;2300023;50000;00-08-49
run_opt_test0_O0;2227506;50000;00-08-49
run_opt_test0_O0;2300000;50000;00-08-49
run_opt_test0_O0;2299976;50000;00-08-50
run_opt_test0_O0;2300023;50000;00-08-50
run_opt_test0_O0;2300000;50000;00-08-50
run_opt_test0_O0;2186631;50000;00-08-50
run_opt_test0_O0;2115120;50000;00-08-50
run_opt_test0_O0;2215472;50000;00-08-50
run_opt_test0_O0;2183506;50000;00-08-50
run_opt_test0_O0;2300000;50000;00-08-51
run_opt_test0_O0;2300000;48000;00-08-51
run_opt_test0_O0;2212576;48000;00-08-51
run_opt_test0_O0;2300023;48000;00-08-51
run_opt_test0_O0;2299976;48000;00-08-51
run_opt_test0_O0;2255896;48000;00-08-51
run_opt_test0_O0;2300000;48000;00-08-51
run_opt_test0_O0;2300023;48000;00-08-52
run_opt_test0_O0;2299976;48000;00-08-52
run_opt_test0_O0;2300000;50000;00-08-52
run_opt_test0_O0;2300000;50000;00-08-52
run_opt_test0_O0;2300023;50000;00-08-52
run_opt_test0_O0;2300046;50000;00-08-52
run_opt_test0_O0;2299976;50000;00-08-52
run_opt_test0_O0;2300000;50000;00-08-53
run_opt_test0_O0;2300000;50000;00-08-53
run_opt_test0_O0;2300000;50000;00-08-53
run_opt_test0_O0;2154956;50000;00-08-53
run_opt_test0_O0;2198540;50000;00-08-53
run_opt_test0_O0;2300000;50000;00-08-53
run_opt_test0_O0;2300000;50000;00-08-53
run_opt_test0_O0;2300023;50000;00-08-53
run_opt_test0_O0;2300023;50000;00-08-54
run_opt_test0_O0;2209604;50000;00-08-54
run_opt_test0_O0;2213417;50000;00-08-54
run_opt_test0_O0;2168440;48000;00-08-54
run_opt_test0_O0;2101912;48000;00-08-54
run_opt_test0_O0;2300000;48000;00-08-54
run_opt_test0_O0;2300000;48000;00-08-54
run_opt_test0_O0;2144142;48000;00-08-55
run_opt_test0_O0;2300000;48000;00-08-55
run_opt_test0_O0;2136230;48000;00-08-55
run_opt_test0_O0;2240939;48000;00-08-55
run_opt_test0_O0;2300000;50000;00-08-55
run_opt_test0_O0;2193443;50000;00-08-55
run_opt_test0_O0;2241615;50000;00-08-55
run_opt_test0_O0;2300000;50000;00-08-56
run_opt_test0_O0;2300000;50000;00-08-56
run_opt_test0_O0;2299976;50000;00-08-56
run_opt_test0_O0;2218262;50000;00-08-56
run_opt_test0_O0;2210939;50000;00-08-56
run_opt_test0_O0;2300000;50000;00-08-56
run_opt_test0_O0;2299976;50000;00-08-56
run_opt_test0_O0;2300000;50000;00-08-57
run_opt_test0_O0;2300023;50000;00-08-57
run_opt_test0_O0;2300000;50000;00-08-57
run_opt_test0_O0;2300000;50000;00-08-57
run_opt_test0_O0;2123152;50000;00-08-57
run_opt_test0_O0;2300023;50000;00-08-57
run_opt_test0_O0;2300000;50000;00-08-57
run_opt_test0_O0;2300000;50000;00-08-57
run_opt_test0_O0;2300023;50000;00-08-58
run_opt_test0_O0;2298416;50000;00-08-58
run_opt_test0_O0;2300023;50000;00-08-58
run_opt_test0_O0;2228638;50000;00-08-58
run_opt_test0_O0;2140257;50000;00-08-58
run_opt_test0_O0;2152074;50000;00-08-58
run_opt_test0_O0;2300000;48000;00-08-58
run_opt_test0_O0;2287393;48000;00-08-59
run_opt_test0_O0;2299976;48000;00-08-59
run_opt_test0_O0;2300000;48000;00-08-59
run_opt_test0_O0;2299976;48000;00-08-59
run_opt_test0_O0;2299976;48000;00-08-59
run_opt_test0_O0;2300023;48000;00-08-59
run_opt_test0_O0;2227260;48000;00-08-59
run_opt_test0_O0;2300000;48000;00-09-00
run_opt_test0_O0;2299976;48000;00-09-00
run_opt_test0_O0;2299976;48000;00-09-00
run_opt_test0_O0;2194473;48000;00-09-00
run_opt_test0_O0;2299976;48000;00-09-00
run_opt_test0_O0;2300023;48000;00-09-00
run_opt_test0_O0;2299976;48000;00-09-00
run_opt_test0_O0;2299976;48000;00-09-01
run_opt_test0_O0;2300000;48000;00-09-01
run_opt_test0_O0;2300023;48000;00-09-01
run_opt_test0_O0;2300023;48000;00-09-01
run_opt_test0_O0;2300000;48000;00-09-01
run_opt_test0_O0;2249373;48000;00-09-01
run_opt_test0_O0;2170994;48000;00-09-01
run_opt_test0_O0;2143405;48000;00-09-02
run_opt_test0_O0;2300000;48000;00-09-02
run_opt_test0_O0;2300023;48000;00-09-02
run_opt_test0_O0;2112800;48000;00-09-02
run_opt_test0_O0;2300023;48000;00-09-02
run_opt_test0_O0;2300000;48000;00-09-02
run_opt_test0_O0;2300023;48000;00-09-02
run_opt_test0_O0;2299976;48000;00-09-02
run_opt_test0_O0;2230740;48000;00-09-03
run_opt_test0_O0;2300000;48000;00-09-03
run_opt_test0_O0;2179183;48000;00-09-03
run_opt_test0_O0;2229638;48000;00-09-03
run_opt_test0_O0;2300000;48000;00-09-03
run_opt_test0_O0;2291031;48000;00-09-03
run_opt_test0_O0;2300000;48000;00-09-03
run_opt_test0_O0;2299976;48000;00-09-04
run_opt_test0_O0;2299976;48000;00-09-04
run_opt_test0_O0;2181418;48000;00-09-04
run_opt_test0_O0;2300000;48000;00-09-04
run_opt_test0_O0;2299976;48000;00-09-04
run_opt_test0_O0;2300000;48000;00-09-04
run_opt_test0_O0;2300000;48000;00-09-04
run_opt_test0_O0;2300000;48000;00-09-05
run_opt_test0_O0;2300000;48000;00-09-05
run_opt_test0_O0;2200358;48000;00-09-05
run_opt_test0_O0;2300023;48000;00-09-05
run_opt_test0_O0;2121636;48000;00-09-05
run_opt_test0_O0;2300000;48000;00-09-05
run_opt_test0_O0;2158084;48000;00-09-05
run_opt_test0_O0;2300000;48000;00-09-06
run_opt_test0_O0;2240410;48000;00-09-06
run_opt_test0_O0;2300023;48000;00-09-06
run_opt_test0_O0;2300000;48000;00-09-06
run_opt_test0_O0;2300000;48000;00-09-06
run_opt_test0_O0;2300000;50000;00-09-06
run_opt_test0_O0;2300000;50000;00-09-06
run_opt_test0_O0;2300000;50000;00-09-06
run_opt_test0_O0;2299976;50000;00-09-07
run_opt_test0_O0;2300000;50000;00-09-07
run_opt_test0_O0;2300000;50000;00-09-07
run_opt_test0_O0;2299976;50000;00-09-07
run_opt_test0_O0;2122063;50000;00-09-07
run_opt_test0_O0;2242661;48000;00-09-07
run_opt_test0_O0;2097190;48000;00-09-07
run_opt_test0_O0;2300000;48000;00-09-08
run_opt_test0_O0;2140265;48000;00-09-08
run_opt_test0_O0;2237288;48000;00-09-08
run_opt_test0_O0;2300000;48000;00-09-08
run_opt_test0_O0;2164116;48000;00-09-08
run_opt_test0_O0;2300000;48000;00-09-08
run_opt_test0_O0;2243709;48000;00-09-08
run_opt_test0_O0;2299976;48000;00-09-09
run_opt_test0_O0;2300000;48000;00-09-09
run_opt_test0_O0;2162251;48000;00-09-09
run_opt_test0_O0;2300000;48000;00-09-09
run_opt_test0_O0;2224592;48000;00-09-09
run_opt_test0_O0;2300000;48000;00-09-09
run_opt_test0_O0;2300000;48000;00-09-09
run_opt_test0_O0;2300000;48000;00-09-10
run_opt_test0_O0;2300000;48000;00-09-10
run_opt_test0_O0;2181223;48000;00-09-10
run_opt_test0_O0;2300000;48000;00-09-10
run_opt_test0_O0;2299976;48000;00-09-10
run_opt_test0_O0;2300000;48000;00-09-10
run_opt_test0_O0;2299976;48000;00-09-10
run_opt_test0_O0;2300000;48000;00-09-11
run_opt_test0_O0;2256674;48000;00-09-11
run_opt_test0_O0;2235919;48000;00-09-11
run_opt_test0_O0;2092134;48000;00-09-11
run_opt_test0_O0;2106471;48000;00-09-11
run_opt_test0_O0;2300000;48000;00-09-11
run_opt_test0_O0;2300000;48000;00-09-11
run_opt_test0_O0;2125772;48000;00-09-12
run_opt_test0_O0;2299976;48000;00-09-12
run_opt_test0_O0;2300000;48000;00-09-12
run_opt_test0_O0;2300000;48000;00-09-12
run_opt_test0_O0;2300000;48000;00-09-12
run_opt_test0_O0;2182983;48000;00-09-12
run_opt_test0_O0;2300000;48000;00-09-12
run_opt_test0_O0;2300000;48000;00-09-13
run_opt_test0_O0;2300000;48000;00-09-13
run_opt_test0_O0;2238160;48000;00-09-13
run_opt_test0_O0;2204890;48000;00-09-13
run_opt_test0_O0;2300000;48000;00-09-13
run_opt_test0_O0;2300000;48000;00-09-13
run_opt_test0_O0;2300000;48000;00-09-13
run_opt_test0_O0;2271862;48000;00-09-14
run_opt_test0_O0;2108659;48000;00-09-14
run_opt_test0_O0;2299976;48000;00-09-14
run_opt_test0_O0;2300023;48000;00-09-14
run_opt_test0_O0;2300000;48000;00-09-14
run_opt_test0_O0;2300000;48000;00-09-14
run_opt_test0_O0;2130733;48000;00-09-14
run_opt_test0_O0;2300000;48000;00-09-14
run_opt_test0_O0;2300023;48000;00-09-15
run_opt_test0_O0;2300000;48000;00-09-15
run_opt_test0_O0;2300000;48000;00-09-15
run_opt_test0_O0;2214518;48000;00-09-15
run_opt_test0_O0;2299976;48000;00-09-15
run_opt_test0_O0;2300000;48000;00-09-15
run_opt_test0_O0;2300023;48000;00-09-15
run_opt_test0_O0;2156755;48000;00-09-16
run_opt_test0_O0;2300000;48000;00-09-16
run_opt_test0_O0;2209686;48000;00-09-16
run_opt_test0_O0;2299976;48000;00-09-16
run_opt_test0_O0;2300000;48000;00-09-16
run_opt_test0_O0;2300000;48000;00-09-16
run_opt_test0_O0;2154774;48000;00-09-16
run_opt_test0_O0;2300000;48000;00-09-17
run_opt_test0_O0;2300023;48000;00-09-17
run_opt_test0_O0;2300000;48000;00-09-17
run_opt_test0_O0;2115745;48000;00-09-17
run_opt_test0_O0;2300046;48000;00-09-17
run_opt_test0_O0;2232301;48000;00-09-17
run_opt_test0_O0;2229627;48000;00-09-17
run_opt_test0_O0;2299976;48000;00-09-18
run_opt_test0_O0;2300000;48000;00-09-18
run_opt_test0_O0;2299976;48000;00-09-18
run_opt_test0_O0;2210089;48000;00-09-18
run_opt_test0_O0;2300000;48000;00-09-18
run_opt_test0_O0;2300000;48000;00-09-18
run_opt_test0_O0;2187398;48000;00-09-18
run_opt_test0_O0;2299976;48000;00-09-18
run_opt_test0_O0;2300000;48000;00-09-19
run_opt_test0_O0;2300000;48000;00-09-19
run_opt_test0_O0;2244866;48000;00-09-19
run_opt_test0_O0;2299976;48000;00-09-19
run_opt_test0_O0;2299976;48000;00-09-19
run_opt_test0_O0;2198483;48000;00-09-19
run_opt_test0_O0;2204789;48000;00-09-19
run_opt_test0_O0;2299976;48000;00-09-20
run_opt_test0_O0;2300000;48000;00-09-20
run_opt_test0_O0;2300000;48000;00-09-20
run_opt_test0_O0;2191464;48000;00-09-20
run_opt_test0_O0;2272522;48000;00-09-20
run_opt_test0_O0;2300000;48000;00-09-20
run_opt_test0_O0;2300000;48000;00-09-20
run_opt_test0_O0;2300000;48000;00-09-21
run_opt_test0_O0;2250548;48000;00-09-21
run_opt_test0_O0;2299976;48000;00-09-21
run_opt_test0_O0;2181163;48000;00-09-21
run_opt_test0_O0;2300000;48000;00-09-21
run_opt_test0_O0;2186289;48000;00-09-21
run_opt_test0_O0;2299976;48000;00-09-21
run_opt_test0_O0;2300000;48000;00-09-22
run_opt_test0_O0;2300000;48000;00-09-22
run_opt_test0_O0;2287192;48000;00-09-22
run_opt_test0_O0;2300000;48000;00-09-22
run_opt_test0_O0;2300023;48000;00-09-22
run_opt_test0_O0;2225428;48000;00-09-22
run_opt_test0_O0;2200184;48000;00-09-22
run_opt_test0_O0;2300000;48000;00-09-23
run_opt_test0_O0;2299976;48000;00-09-23
run_opt_test0_O0;2300000;48000;00-09-23
run_opt_test0_O0;2300000;48000;00-09-23
run_opt_test0_O0;2266513;48000;00-09-23
run_opt_test0_O0;2300000;48000;00-09-23
run_opt_test0_O0;2191001;48000;00-09-23
run_opt_test0_O0;2300000;48000;00-09-23
run_opt_test0_O0;2300000;48000;00-09-24
run_opt_test0_O0;2271682;48000;00-09-24
run_opt_test0_O0;2103487;48000;00-09-24
run_opt_test0_O0;2120230;48000;00-09-24
run_opt_test0_O0;2224772;48000;00-09-24
run_opt_test0_O0;2300000;48000;00-09-24
run_opt_test0_O0;2200998;48000;00-09-24
run_opt_test0_O0;2300000;48000;00-09-25
run_opt_test0_O0;2300023;48000;00-09-25
run_opt_test0_O0;2192195;48000;00-09-25
run_opt_test0_O0;2227850;48000;00-09-25
run_opt_test0_O0;2299976;48000;00-09-25
run_opt_test0_O0;2299976;48000;00-09-25
run_opt_test0_O0;2299976;48000;00-09-25
run_opt_test0_O0;2117113;48000;00-09-26
run_opt_test0_O0;2160175;48000;00-09-26
run_opt_test0_O0;2299976;48000;00-09-26
run_opt_test0_O0;2225444;48000;00-09-26
run_opt_test0_O0;2300000;48000;00-09-26
run_opt_test0_O0;2193570;48000;00-09-26
run_opt_test0_O0;2300000;48000;00-09-26
run_opt_test0_O0;2300000;48000;00-09-27
run_opt_test0_O0;2299976;48000;00-09-27
run_opt_test0_O0;2219798;48000;00-09-27
run_opt_test0_O0;2300000;48000;00-09-27
run_opt_test0_O0;2300023;48000;00-09-27
run_opt_test0_O0;2210881;48000;00-09-27
run_opt_test0_O0;2155948;48000;00-09-27
run_opt_test0_O0;2300000;48000;00-09-28
run_opt_test0_O0;2300000;48000;00-09-28
run_opt_test0_O0;2299976;48000;00-09-28
run_opt_test0_O0;2300023;48000;00-09-28
run_opt_test0_O0;2300000;48000;00-09-28
run_opt_test0_O0;2300023;48000;00-09-28
run_opt_test0_O0;2300000;46000;00-09-28
run_opt_test0_O0;2300000;46000;00-09-29
run_opt_test0_O0;2300000;46000;00-09-29
run_opt_test0_O0;2300000;46000;00-09-29
run_opt_test0_O0;2300023;46000;00-09-29
run_opt_test0_O0;2299976;46000;00-09-29
run_opt_test0_O0;2300023;46000;00-09-29
run_opt_test0_O0;2300000;46000;00-09-29
run_opt_test0_O0;2300000;48000;00-09-30
run_opt_test0_O0;2300023;48000;00-09-30
run_opt_test0_O0;2151271;48000;00-09-30
run_opt_test0_O0;2300046;48000;00-09-30
run_opt_test0_O0;2299976;48000;00-09-30
run_opt_test0_O0;2300000;48000;00-09-30
run_opt_test0_O0;2299976;48000;00-09-30
run_opt_test0_O0;2300000;48000;00-09-30
run_opt_test0_O0;2216069;48000;00-09-31
run_opt_test0_O0;2262611;48000;00-09-31
run_opt_test0_O0;2114171;48000;00-09-31
run_opt_test0_O0;2151409;48000;00-09-31
run_opt_test0_O0;2300000;48000;00-09-31
run_opt_test0_O0;2300000;48000;00-09-31
run_opt_test0_O0;2300023;48000;00-09-31
run_opt_test0_O0;2299976;48000;00-09-32
run_opt_test0_O0;2300023;48000;00-09-32
run_opt_test0_O0;2300023;48000;00-09-32
run_opt_test0_O0;2299976;48000;00-09-32
run_opt_test0_O0;2300000;48000;00-09-32
run_opt_test0_O0;2300000;48000;00-09-32
run_opt_test0_O0;2107486;48000;00-09-32
run_opt_test0_O0;2252247;48000;00-09-33
run_opt_test0_O0;2300000;48000;00-09-33
run_opt_test0_O0;2211534;48000;00-09-33
run_opt_test0_O0;2283646;48000;00-09-33
run_opt_test0_O0;2300000;48000;00-09-33
run_opt_test0_O0;2254019;48000;00-09-33
run_opt_test0_O0;2300000;48000;00-09-33
run_opt_test0_O0;2141117;48000;00-09-34
run_opt_test0_O0;2121735;48000;00-09-34
run_opt_test0_O0;2300023;48000;00-09-34
run_opt_test0_O0;2300000;48000;00-09-34
run_opt_test0_O0;2300000;48000;00-09-34
run_opt_test0_O0;2300000;48000;00-09-34
run_opt_test0_O0;2300000;48000;00-09-34
run_opt_test0_O0;2300023;48000;00-09-34
run_opt_test0_O0;2300000;48000;00-09-35
run_opt_test0_O0;2300023;48000;00-09-35
run_opt_test0_O0;2158188;48000;00-09-35
run_opt_test0_O0;2300000;48000;00-09-35
run_opt_test0_O0;2299976;48000;00-09-35
run_opt_test0_O0;2300000;48000;00-09-35
run_opt_test0_O0;2300023;48000;00-09-35
run_opt_test0_O0;2300000;48000;00-09-36
run_opt_test0_O0;2253572;48000;00-09-36
run_opt_test0_O0;2300000;48000;00-09-36
run_opt_test0_O0;2300000;48000;00-09-36
run_opt_test0_O0;2241202;48000;00-09-36
run_opt_test0_O0;2210873;48000;00-09-36
run_opt_test0_O0;2299976;48000;00-09-36
run_opt_test0_O0;2207679;48000;00-09-37
run_opt_test0_O0;2300000;48000;00-09-37
run_opt_test0_O0;2300023;48000;00-09-37
run_opt_test0_O0;2300046;48000;00-09-37
run_opt_test0_O0;2300023;48000;00-09-37
run_opt_test0_O0;2300000;46000;00-09-37
run_opt_test0_O0;2300000;46000;00-09-37
run_opt_test0_O0;2103459;46000;00-09-38
run_opt_test0_O0;2300000;46000;00-09-38
run_opt_test0_O0;2239672;46000;00-09-38
run_opt_test0_O0;2194454;46000;00-09-38
run_opt_test0_O0;2300000;46000;00-09-38
run_opt_test0_O0;2300000;46000;00-09-38
run_opt_test0_O0;2299976;48000;00-09-38
run_opt_test0_O0;2300000;48000;00-09-38
run_opt_test0_O0;2300023;48000;00-09-39
run_opt_test0_O0;2222259;48000;00-09-39
run_opt_test0_O0;2300023;48000;00-09-39
run_opt_test0_O0;2250380;48000;00-09-39
run_opt_test0_O0;2300023;48000;00-09-39
run_opt_test0_O0;2217696;48000;00-09-39
run_opt_test0_O0;2300000;48000;00-09-39
run_opt_test0_O0;2300000;48000;00-09-40
run_opt_test0_O0;2300000;48000;00-09-40
run_opt_test0_O0;2248785;48000;00-09-40
run_opt_test0_O0;2225305;48000;00-09-40
run_opt_test0_O0;2300000;48000;00-09-40
run_opt_test0_O0;2299976;48000;00-09-40
run_opt_test0_O0;2299976;48000;00-09-40
run_opt_test0_O0;2199436;48000;00-09-41
run_opt_test0_O0;2299976;48000;00-09-41
run_opt_test0_O0;2300000;48000;00-09-41
run_opt_test0_O0;2299953;48000;00-09-41
run_opt_test0_O0;2299976;48000;00-09-41
run_opt_test0_O0;2300000;48000;00-09-41
run_opt_test0_O0;2207810;48000;00-09-41
run_opt_test0_O0;2299976;48000;00-09-42
run_opt_test0_O0;2175818;48000;00-09-42
run_opt_test0_O0;2300000;48000;00-09-42
run_opt_test0_O0;2300000;48000;00-09-42
run_opt_test0_O0;2300000;48000;00-09-42
run_opt_test0_O0;2300000;48000;00-09-42
run_opt_test0_O0;2300000;48000;00-09-42
run_opt_test0_O0;2300000;48000;00-09-42
run_opt_test0_O0;2299976;48000;00-09-43
run_opt_test0_O0;2300023;48000;00-09-43
run_opt_test0_O0;2300000;48000;00-09-43
run_opt_test0_O0;2197066;48000;00-09-43
run_opt_test0_O0;2134089;48000;00-09-43
run_opt_test0_O0;2240345;48000;00-09-43
run_opt_test0_O0;2299976;48000;00-09-43
run_opt_test0_O0;2300023;48000;00-09-44
run_opt_test0_O0;2107800;48000;00-09-44
run_opt_test0_O0;2299953;48000;00-09-44
run_opt_test0_O0;2300000;48000;00-09-44
run_opt_test0_O0;2269289;48000;00-09-44
run_opt_test0_O0;2300000;48000;00-09-44
run_opt_test0_O0;2300000;48000;00-09-44
run_opt_test0_O0;2129332;48000;00-09-45
run_opt_test0_O0;2300000;48000;00-09-45
run_opt_test0_O0;2270788;48000;00-09-45
run_opt_test0_O0;2300000;48000;00-09-45
run_opt_test0_O0;2228078;48000;00-09-45
run_opt_test0_O0;2300000;48000;00-09-45
run_opt_test0_O0;2131271;48000;00-09-45
run_opt_test0_O0;2300000;48000;00-09-46
run_opt_test0_O0;2300000;48000;00-09-46
run_opt_test0_O0;2228797;48000;00-09-46
run_opt_test0_O0;2300023;48000;00-09-46
run_opt_test0_O0;2299976;48000;00-09-46
run_opt_test0_O0;2300000;48000;00-09-46
run_opt_test0_O0;2292670;48000;00-09-46
run_opt_test0_O0;2191498;48000;00-09-47
run_opt_test0_O0;2300023;48000;00-09-47
run_opt_test0_O0;2300023;48000;00-09-47
run_opt_test0_O0;2300000;48000;00-09-47
run_opt_test0_O0;2300000;48000;00-09-47
run_opt_test0_O0;2300000;48000;00-09-47
run_opt_test0_O0;2152588;48000;00-09-47
run_opt_test0_O0;2300000;48000;00-09-48
run_opt_test0_O0;2300000;48000;00-09-48
run_opt_test0_O0;2202198;48000;00-09-48
run_opt_test0_O0;2300000;48000;00-09-48
run_opt_test0_O0;2299976;48000;00-09-48
run_opt_test0_O0;2300000;48000;00-09-48
run_opt_test0_O0;2300000;48000;00-09-48
run_opt_test0_O0;2300000;48000;00-09-48
run_opt_test0_O0;2214272;48000;00-09-49
run_opt_test0_O0;2209651;48000;00-09-49
run_opt_test0_O0;2299976;48000;00-09-49
run_opt_test0_O0;2299976;48000;00-09-49
run_opt_test0_O0;2225565;48000;00-09-49
run_opt_test0_O0;2299976;48000;00-09-49
run_opt_test0_O0;2210818;48000;00-09-49
run_opt_test0_O0;2300000;48000;00-09-50
run_opt_test0_O0;2299976;48000;00-09-50
run_opt_test0_O0;2191618;48000;00-09-50
run_opt_test0_O0;2300023;48000;00-09-50
run_opt_test0_O0;2299976;48000;00-09-50
run_opt_test0_O0;2299976;48000;00-09-50
run_opt_test0_O0;2300023;48000;00-09-50
run_opt_test0_O0;2300000;48000;00-09-51
run_opt_test0_O0;2142512;48000;00-09-51
run_opt_test0_O0;2300023;48000;00-09-51
run_opt_test0_O0;2300023;48000;00-09-51
run_opt_test0_O0;2299976;48000;00-09-51
run_opt_test0_O0;2299976;48000;00-09-51
run_opt_test0_O0;2300000;48000;00-09-51
run_opt_test0_O0;2236508;48000;00-09-52
run_opt_test0_O0;2300023;46000;00-09-52
run_opt_test0_O0;2300000;46000;00-09-52
run_opt_test0_O0;2222021;46000;00-09-52
run_opt_test0_O0;2221288;46000;00-09-52
run_opt_test0_O0;2299976;46000;00-09-52
run_opt_test0_O0;2300023;46000;00-09-52
run_opt_test0_O0;2133873;46000;00-09-53
run_opt_test0_O0;2300000;46000;00-09-53
run_opt_test0_O0;2299976;48000;00-09-53
run_opt_test0_O0;2299976;48000;00-09-53
run_opt_test0_O0;2299976;48000;00-09-53
run_opt_test0_O0;2112138;48000;00-09-53
run_opt_test0_O0;2300000;48000;00-09-53
run_opt_test0_O0;2300000;48000;00-09-54
run_opt_test0_O0;2300000;48000;00-09-54
run_opt_test0_O0;2300023;48000;00-09-54
run_opt_test0_O0;2300000;46000;00-09-54
run_opt_test0_O0;2287833;46000;00-09-54
run_opt_test0_O0;2300000;46000;00-09-54
run_opt_test0_O0;2300023;46000;00-09-54
run_opt_test0_O0;2299976;46000;00-09-54
run_opt_test0_O0;2300000;46000;00-09-55
run_opt_test0_O0;2300000;46000;00-09-55
run_opt_test0_O0;2247029;46000;00-09-55
run_opt_test0_O0;2300000;48000;00-09-55
run_opt_test0_O0;2300023;48000;00-09-55
run_opt_test0_O0;2300000;48000;00-09-55
run_opt_test0_O0;2210587;48000;00-09-55
run_opt_test0_O0;2170140;48000;00-09-56
run_opt_test0_O0;2299976;48000;00-09-56
run_opt_test0_O0;2300000;48000;00-09-56
run_opt_test0_O0;2300000;48000;00-09-56
run_opt_test0_O0;2300000;48000;00-09-56
run_opt_test0_O0;2300023;48000;00-09-56
run_opt_test0_O0;2159624;48000;00-09-56
run_opt_test0_O0;2300000;48000;00-09-57
run_opt_test0_O0;2226749;48000;00-09-57
run_opt_test0_O0;2240250;48000;00-09-57
run_opt_test0_O0;2299976;48000;00-09-57
run_opt_test0_O0;2300000;48000;00-09-57
run_opt_test0_O0;2300000;48000;00-09-57
run_opt_test0_O0;2110641;48000;00-09-57
run_opt_test0_O0;2090919;48000;00-09-58
run_opt_test0_O0;2119945;48000;00-09-58
run_opt_test0_O0;2216729;48000;00-09-58
run_opt_test0_O0;2300000;48000;00-09-58
run_opt_test0_O0;2300000;48000;00-09-58
run_opt_test0_O0;2270329;48000;00-09-58
run_opt_test0_O0;2300000;48000;00-09-58
run_opt_test0_O0;2300000;48000;00-09-59
run_opt_test0_O0;2300000;48000;00-09-59
run_opt_test0_O0;2299976;48000;00-09-59
run_opt_test0_O0;2299976;48000;00-09-59
run_opt_test0_O0;2253736;48000;00-09-59
run_opt_test0_O0;2299976;48000;00-09-59
run_opt_test0_O0;2300000;48000;00-09-59
run_opt_test0_O0;2300000;48000;00-10-00
run_opt_test0_O0;2300000;48000;00-10-00
run_opt_test0_O0;2300000;48000;00-10-00
run_opt_test0_O0;2300023;48000;00-10-00
run_opt_test0_O0;2300000;48000;00-10-00
run_opt_test0_O0;2214813;48000;00-10-00
run_opt_test0_O0;2300000;48000;00-10-00
run_opt_test0_O0;2300023;48000;00-10-00
run_opt_test0_O0;2300000;48000;00-10-01
run_opt_test0_O0;2299976;48000;00-10-01
run_opt_test0_O0;2224129;48000;00-10-01
run_opt_test0_O0;2299976;48000;00-10-01
run_opt_test0_O0;2300000;48000;00-10-01
run_opt_test0_O0;2300000;48000;00-10-01
run_opt_test0_O0;2300000;48000;00-10-01
run_opt_test0_O0;2300000;48000;00-10-02
run_opt_test0_O0;2194717;48000;00-10-02
run_opt_test0_O0;2299953;48000;00-10-02
run_opt_test0_O0;2300000;48000;00-10-02
run_opt_test0_O0;2300000;48000;00-10-02
run_opt_test0_O0;2300000;48000;00-10-02
run_opt_test0_O0;2210281;48000;00-10-02
run_opt_test0_O0;2137099;48000;00-10-03
run_opt_test0_O0;2300000;48000;00-10-03
run_opt_test0_O0;2300000;48000;00-10-03
run_opt_test0_O0;2151494;48000;00-10-03
run_opt_test0_O0;2197761;48000;00-10-03
run_opt_test0_O0;2300000;48000;00-10-03
run_opt_test0_O0;2300000;48000;00-10-03
run_opt_test0_O0;2300000;48000;00-10-04
run_opt_test0_O0;2299976;48000;00-10-04
run_opt_test0_O0;2300000;48000;00-10-04
run_opt_test0_O0;2300000;48000;00-10-04
run_opt_test0_O0;2300023;48000;00-10-04
run_opt_test0_O0;2212182;48000;00-10-04
run_opt_test0_O0;2217758;48000;00-10-04
run_opt_test0_O0;2143439;48000;00-10-05
run_opt_test0_O0;2208254;48000;00-10-05
run_opt_test0_O0;2225715;48000;00-10-05
run_opt_test0_O0;2219932;48000;00-10-05
run_opt_test0_O0;2300000;46000;00-10-05
run_opt_test0_O0;2252670;46000;00-10-05
run_opt_test0_O0;2239125;46000;00-10-05
run_opt_test0_O0;2299976;46000;00-10-05
run_opt_test0_O0;2291597;46000;00-10-06
run_opt_test0_O0;2121986;46000;00-10-06
run_opt_test0_O0;2300000;46000;00-10-06
run_opt_test0_O0;2300023;46000;00-10-06
run_opt_test0_O0;2300000;48000;00-10-06
run_opt_test0_O0;2300000;48000;00-10-06
run_opt_test0_O0;2300000;48000;00-10-06
run_opt_test0_O0;2299976;48000;00-10-07
run_opt_test0_O0;2209443;48000;00-10-07
run_opt_test0_O0;2142048;48000;00-10-07
run_opt_test0_O0;2300000;48000;00-10-07
run_opt_test0_O0;2299976;48000;00-10-07
run_opt_test0_O0;2278618;48000;00-10-07
run_opt_test0_O0;2259569;48000;00-10-07
run_opt_test0_O0;2300000;48000;00-10-08
run_opt_test0_O0;2272930;48000;00-10-08
run_opt_test0_O0;2205680;48000;00-10-08
run_opt_test0_O0;2154647;48000;00-10-08
run_opt_test0_O0;2122583;48000;00-10-08
run_opt_test0_O0;2300023;48000;00-10-08
run_opt_test0_O0;2203701;48000;00-10-08
run_opt_test0_O0;2299976;48000;00-10-09
run_opt_test0_O0;2249263;48000;00-10-09
run_opt_test0_O0;2121101;48000;00-10-09
run_opt_test0_O0;2222623;48000;00-10-09
run_opt_test0_O0;2300000;48000;00-10-09
run_opt_test0_O0;2222016;48000;00-10-09
run_opt_test0_O0;2300000;48000;00-10-09
run_opt_test0_O0;2131784;48000;00-10-10
run_opt_test0_O0;2299976;48000;00-10-10
run_opt_test0_O0;2155768;48000;00-10-10
run_opt_test0_O0;2300000;48000;00-10-10
run_opt_test0_O0;2180312;48000;00-10-10
run_opt_test0_O0;2300000;48000;00-10-10
run_opt_test0_O0;2136217;48000;00-10-10
run_opt_test0_O0;2121036;48000;00-10-10
run_opt_test0_O0;2300000;48000;00-10-11
run_opt_test0_O0;2300000;48000;00-10-11
run_opt_test0_O0;2300000;48000;00-10-11
run_opt_test0_O0;2300000;48000;00-10-11
run_opt_test0_O0;2223703;48000;00-10-11
run_opt_test0_O0;2300000;48000;00-10-11
run_opt_test0_O0;2300000;48000;00-10-11
run_opt_test0_O0;2300000;48000;00-10-12
run_opt_test0_O0;2300023;48000;00-10-12
run_opt_test0_O0;2299976;48000;00-10-12
run_opt_test0_O0;2299976;48000;00-10-12
run_opt_test0_O0;2124380;48000;00-10-12
run_opt_test0_O0;2299976;48000;00-10-12
run_opt_test0_O0;2300000;48000;00-10-12
run_opt_test0_O0;2300000;48000;00-10-13
run_opt_test0_O0;2300023;48000;00-10-13
run_opt_test0_O0;2300023;48000;00-10-13
run_opt_test0_O0;2300023;48000;00-10-13
run_opt_test0_O0;2300000;48000;00-10-13
run_opt_test0_O0;2193563;48000;00-10-13
run_opt_test0_O0;2252964;48000;00-10-13
run_opt_test0_O0;2299976;48000;00-10-14
run_opt_test0_O0;2300000;48000;00-10-14
run_opt_test0_O0;2222922;48000;00-10-14
run_opt_test0_O0;2300023;48000;00-10-14
run_opt_test0_O0;2299976;48000;00-10-14
run_opt_test0_O0;2205839;48000;00-10-14
run_opt_test0_O0;2300000;48000;00-10-14
run_opt_test0_O0;2300000;48000;00-10-14
run_opt_test0_O0;2276108;48000;00-10-15
run_opt_test0_O0;2300000;48000;00-10-15
run_opt_test0_O0;2299976;48000;00-10-15
run_opt_test0_O0;2299976;48000;00-10-15
run_opt_test0_O0;2299976;48000;00-10-15
run_opt_test0_O0;2300000;48000;00-10-15
run_opt_test0_O0;2262212;48000;00-10-15
run_opt_test0_O0;2224000;48000;00-10-16
run_opt_test0_O0;2300023;48000;00-10-16
run_opt_test0_O0;2203824;48000;00-10-16
run_opt_test0_O0;2300000;48000;00-10-16
run_opt_test0_O0;2116388;48000;00-10-16
run_opt_test0_O0;2300023;48000;00-10-16
run_opt_test0_O0;2199413;48000;00-10-16
run_opt_test0_O0;2300000;48000;00-10-17
run_opt_test0_O0;2300000;48000;00-10-17
run_opt_test0_O0;2299976;48000;00-10-17
run_opt_test0_O0;2300000;48000;00-10-17
run_opt_test0_O0;2279533;48000;00-10-17
run_opt_test0_O0;2300000;48000;00-10-17
run_opt_test0_O0;2296131;48000;00-10-17
run_opt_test0_O0;2228844;48000;00-10-17
run_opt_test0_O0;2300000;48000;00-10-18
run_opt_test0_O0;2300000;48000;00-10-18
run_opt_test0_O0;2300000;48000;00-10-18
run_opt_test0_O0;2299976;48000;00-10-18
run_opt_test0_O0;2223378;48000;00-10-18
run_opt_test0_O0;2300000;48000;00-10-18
run_opt_test0_O0;2300000;48000;00-10-18
run_opt_test0_O0;2299976;48000;00-10-19
run_opt_test0_O0;2299976;48000;00-10-19
run_opt_test0_O0;2250191;48000;00-10-19
run_opt_test0_O0;2300000;48000;00-10-19
run_opt_test0_O0;2170105;48000;00-10-19
run_opt_test0_O0;2236114;48000;00-10-19
run_opt_test0_O0;2300000;48000;00-10-19
run_opt_test0_O0;2300000;48000;00-10-20
run_opt_test0_O0;2299976;48000;00-10-20
run_opt_test0_O0;2204894;48000;00-10-20
run_opt_test0_O0;2161807;48000;00-10-20
run_opt_test0_O0;2106004;48000;00-10-20
run_opt_test0_O0;2210121;48000;00-10-20
run_opt_test0_O0;2300000;48000;00-10-20
run_opt_test0_O0;2300000;48000;00-10-21
run_opt_test0_O0;2300023;48000;00-10-21
run_opt_test0_O0;2300000;48000;00-10-21
run_opt_test0_O0;2299953;48000;00-10-21
run_opt_test0_O0;2100399;48000;00-10-21
run_opt_test0_O0;2109473;48000;00-10-21
run_opt_test0_O0;2299976;48000;00-10-21
run_opt_test0_O0;2207213;48000;00-10-22
run_opt_test0_O0;2300000;46000;00-10-22
run_opt_test0_O0;2300000;46000;00-10-22
run_opt_test0_O0;2292211;46000;00-10-22
run_opt_test0_O0;2300000;46000;00-10-22
run_opt_test0_O0;2300000;46000;00-10-22
run_opt_test0_O0;2300023;46000;00-10-22
run_opt_test0_O0;2300000;46000;00-10-23
run_opt_test0_O0;2299976;46000;00-10-23
run_opt_test0_O0;2174119;48000;00-10-23
run_opt_test0_O0;2216303;48000;00-10-23
run_opt_test0_O0;2300000;48000;00-10-23
run_opt_test0_O0;2300023;48000;00-10-23
run_opt_test0_O0;2183220;48000;00-10-23
run_opt_test0_O0;2299976;48000;00-10-24
run_opt_test0_O0;2237974;48000;00-10-24
run_opt_test0_O0;2239907;48000;00-10-24
run_opt_test0_O0;2300023;48000;00-10-24
run_opt_test0_O0;2300000;48000;00-10-24
run_opt_test0_O0;2153263;48000;00-10-24
run_opt_test0_O0;2299976;48000;00-10-24
run_opt_test0_O0;2300000;48000;00-10-24
run_opt_test0_O0;2300000;48000;00-10-25
run_opt_test0_O0;2300023;48000;00-10-25
run_opt_test0_O0;2300000;48000;00-10-25
run_opt_test0_O0;2300000;48000;00-10-25
run_opt_test0_O0;2300000;48000;00-10-25
run_opt_test0_O0;2300000;48000;00-10-25
run_opt_test0_O0;2300000;48000;00-10-25
run_opt_test0_O0;2299976;48000;00-10-26
run_opt_test0_O0;2146685;48000;00-10-26
run_opt_test0_O0;2271422;48000;00-10-26
run_opt_test0_O0;2300000;48000;00-10-26
run_opt_test0_O0;2300000;46000;00-10-26
run_opt_test0_O0;2300000;46000;00-10-26
run_opt_test0_O0;2300000;46000;00-10-26
run_opt_test0_O0;2224237;46000;00-10-27
run_opt_test0_O0;2300000;46000;00-10-27
run_opt_test0_O0;2299976;46000;00-10-27
run_opt_test0_O0;2300023;46000;00-10-27
run_opt_test0_O0;2300000;46000;00-10-27
run_opt_test0_O0;2300000;48000;00-10-27
run_opt_test0_O0;2300023;48000;00-10-27
run_opt_test0_O0;2300000;48000;00-10-28
run_opt_test0_O0;2213239;48000;00-10-28
run_opt_test0_O0;2105270;48000;00-10-28
run_opt_test0_O0;2232424;48000;00-10-28
run_opt_test0_O0;2300023;48000;00-10-28
run_opt_test0_O0;2300000;48000;00-10-28
run_opt_test0_O0;2236810;46000;00-10-28
run_opt_test0_O0;2300023;46000;00-10-29
run_opt_test0_O0;2299976;46000;00-10-29
run_opt_test0_O0;2300000;46000;00-10-29
run_opt_test0_O0;2195132;46000;00-10-29
run_opt_test0_O0;2299976;46000;00-10-29
run_opt_test0_O0;2299976;46000;00-10-29
run_opt_test0_O0;2205074;46000;00-10-29
run_opt_test0_O0;2300000;48000;00-10-30
run_opt_test0_O0;2300023;48000;00-10-30
run_opt_test0_O0;2299976;48000;00-10-30
run_opt_test0_O0;2299976;48000;00-10-30
run_opt_test0_O0;2300000;48000;00-10-30
run_opt_test0_O0;2300023;48000;00-10-30
run_opt_test0_O0;2154607;48000;00-10-30
run_opt_test0_O0;2204657;48000;00-10-31
run_opt_test0_O0;2300000;48000;00-10-31
run_opt_test0_O0;2124625;48000;00-10-31
run_opt_test0_O0;2300000;48000;00-10-31
run_opt_test0_O0;2208885;48000;00-10-31
run_opt_test0_O0;2300000;48000;00-10-31
run_opt_test0_O0;2193316;48000;00-10-31
run_opt_test0_O0;2300023;48000;00-10-31
run_opt_test0_O0;2158506;48000;00-10-32
run_opt_test0_O0;2136241;48000;00-10-32
run_opt_test0_O0;2215225;48000;00-10-32
run_opt_test0_O0;2185294;48000;00-10-32
run_opt_test0_O0;2300000;48000;00-10-32
run_opt_test0_O0;2149417;48000;00-10-32
run_opt_test0_O0;2300000;48000;00-10-32
run_opt_test0_O0;2300000;48000;00-10-33
run_opt_test0_O0;2065430;48000;00-10-33
run_opt_test0_O0;2300000;48000;00-10-33
run_opt_test0_O0;2121767;48000;00-10-33
run_opt_test0_O0;2300000;48000;00-10-33
run_opt_test0_O0;2300000;48000;00-10-33
run_opt_test0_O0;2120993;48000;00-10-33
run_opt_test0_O0;2299976;48000;00-10-34
run_opt_test0_O0;2222090;48000;00-10-34
run_opt_test0_O0;2297386;48000;00-10-34
run_opt_test0_O0;2299976;48000;00-10-34
run_opt_test0_O0;2300000;48000;00-10-34
run_opt_test0_O0;2299976;48000;00-10-34
run_opt_test0_O0;2299976;48000;00-10-34
run_opt_test0_O0;2200179;48000;00-10-35
run_opt_test0_O0;2300023;48000;00-10-35
run_opt_test0_O0;2196161;48000;00-10-35
run_opt_test0_O0;2203082;48000;00-10-35
run_opt_test0_O0;2191153;48000;00-10-35
run_opt_test0_O0;2300000;48000;00-10-35
run_opt_test0_O0;2300000;48000;00-10-35
run_opt_test0_O0;2300000;48000;00-10-36
run_opt_test0_O0;2300000;48000;00-10-36
run_opt_test0_O0;2300000;48000;00-10-36
run_opt_test0_O0;2198237;48000;00-10-36
run_opt_test0_O0;2300000;48000;00-10-36
run_opt_test0_O0;2122811;48000;00-10-36
run_opt_test0_O0;2300000;48000;00-10-36
run_opt_test0_O0;2236021;48000;00-10-36
run_opt_test0_O0;2300000;48000;00-10-37
run_opt_test0_O0;2300000;48000;00-10-37
run_opt_test0_O0;2300023;48000;00-10-37
run_opt_test0_O0;2300023;48000;00-10-37
run_opt_test0_O0;2300000;48000;00-10-37
run_opt_test0_O0;2300000;48000;00-10-37
run_opt_test0_O0;2300000;48000;00-10-37
run_opt_test0_O0;2207269;48000;00-10-38
run_opt_test0_O0;2300000;48000;00-10-38
run_opt_test0_O0;2300000;48000;00-10-38
run_opt_test0_O0;2241017;48000;00-10-38
run_opt_test0_O0;2300000;48000;00-10-38
run_opt_test0_O0;2300023;48000;00-10-38
run_opt_test0_O0;2299976;48000;00-10-38
run_opt_test0_O0;2300000;48000;00-10-39
run_opt_test0_O0;2117573;48000;00-10-39
run_opt_test0_O0;2299976;48000;00-10-39
run_opt_test0_O0;2300000;48000;00-10-39
run_opt_test0_O0;2264117;48000;00-10-39
run_opt_test0_O0;2300023;48000;00-10-39
run_opt_test0_O0;2206351;48000;00-10-39
run_opt_test0_O0;2300000;48000;00-10-40
run_opt_test0_O0;2299976;48000;00-10-40
run_opt_test0_O0;2300023;48000;00-10-40
run_opt_test0_O0;2253419;48000;00-10-40
run_opt_test0_O0;2300000;48000;00-10-40
run_opt_test0_O0;2300000;48000;00-10-40
run_opt_test0_O0;2299976;48000;00-10-40
run_opt_test0_O0;2300000;48000;00-10-41
run_opt_test0_O0;2300023;48000;00-10-41
run_opt_test0_O0;2300000;48000;00-10-41
run_opt_test0_O0;2300000;48000;00-10-41
run_opt_test0_O0;2300000;48000;00-10-41
run_opt_test0_O0;2300023;48000;00-10-41
run_opt_test0_O0;2300000;48000;00-10-41
run_opt_test0_O0;2300000;48000;00-10-42
run_opt_test0_O0;2299976;48000;00-10-42
run_opt_test0_O0;2300000;48000;00-10-42
run_opt_test0_O0;2146784;48000;00-10-42
run_opt_test0_O0;2300000;48000;00-10-42
run_opt_test0_O0;2300000;48000;00-10-42
run_opt_test0_O0;2300000;48000;00-10-42
run_opt_test0_O0;2300000;48000;00-10-42
run_opt_test0_O0;2250938;48000;00-10-43
run_opt_test0_O0;2214745;48000;00-10-43
run_opt_test0_O0;2154271;48000;00-10-43
run_opt_test0_O0;2300000;48000;00-10-43
run_opt_test0_O0;2299976;48000;00-10-43
run_opt_test0_O0;2300000;48000;00-10-43
run_opt_test0_O0;2300023;48000;00-10-43
run_opt_test0_O0;2300000;48000;00-10-44
run_opt_test0_O0;2300000;48000;00-10-44
run_opt_test0_O0;2137776;48000;00-10-44
run_opt_test0_O0;2141614;48000;00-10-44
run_opt_test0_O0;2111633;48000;00-10-44
run_opt_test0_O0;2300000;48000;00-10-44
run_opt_test0_O0;2300023;48000;00-10-44
run_opt_test0_O0;2229398;48000;00-10-45
run_opt_test0_O0;2299976;48000;00-10-45
run_opt_test0_O0;2216071;48000;00-10-45
run_opt_test0_O0;2300000;48000;00-10-45
run_opt_test0_O0;2300023;48000;00-10-45
run_opt_test0_O0;2300000;48000;00-10-45
run_opt_test0_O0;2256812;48000;00-10-45
run_opt_test0_O0;2113008;48000;00-10-46
run_opt_test0_O0;2300000;48000;00-10-46
run_opt_test0_O0;2300000;48000;00-10-46
run_opt_test0_O0;2300000;48000;00-10-46
run_opt_test0_O0;2300000;48000;00-10-46
run_opt_test0_O0;2223105;48000;00-10-46
run_opt_test0_O0;2300000;48000;00-10-46
run_opt_test0_O0;2200937;48000;00-10-47
run_opt_test0_O0;2300000;48000;00-10-47
run_opt_test0_O0;2300000;48000;00-10-47
run_opt_test0_O0;2300000;48000;00-10-47
run_opt_test0_O0;2300000;50000;00-10-47
run_opt_test0_O0;2197392;50000;00-10-47
run_opt_test0_O0;2127451;50000;00-10-47
run_opt_test0_O0;2300000;50000;00-10-48
run_opt_test0_O0;2300000;50000;00-10-48
run_opt_test0_O0;2300000;50000;00-10-48
run_opt_test0_O0;2300000;50000;00-10-48
run_opt_test0_O0;2299976;50000;00-10-48
run_opt_test0_O0;2257374;50000;00-10-48
run_opt_test0_O0;2300000;50000;00-10-48
run_opt_test0_O0;2299976;50000;00-10-48
run_opt_test0_O0;2300000;50000;00-10-49
run_opt_test0_O0;2300000;50000;00-10-49
run_opt_test0_O0;2300000;50000;00-10-49
run_opt_test0_O0;2126454;50000;00-10-49
run_opt_test0_O0;2300000;50000;00-10-49
run_opt_test0_O0;2197427;50000;00-10-49
run_opt_test0_O0;2300023;50000;00-10-49
run_opt_test0_O0;2300023;50000;00-10-50
run_opt_test0_O0;2300000;50000;00-10-50
run_opt_test0_O0;2300000;50000;00-10-50
run_opt_test0_O0;2221773;50000;00-10-50
run_opt_test0_O0;2300023;50000;00-10-50
run_opt_test0_O0;2153759;50000;00-10-50
run_opt_test0_O0;2299976;50000;00-10-50
run_opt_test0_O0;2300023;50000;00-10-51
run_opt_test0_O0;2300000;50000;00-10-51
run_opt_test0_O0;2299976;50000;00-10-51
run_opt_test0_O0;2300000;50000;00-10-51
run_opt_test0_O0;2299976;50000;00-10-51
run_opt_test0_O0;2300023;50000;00-10-51
run_opt_test0_O0;2299976;50000;00-10-51
run_opt_test0_O0;2300000;50000;00-10-52
run_opt_test0_O0;2300000;50000;00-10-52
run_opt_test0_O0;2115883;50000;00-10-52
run_opt_test0_O0;2300000;50000;00-10-52
run_opt_test0_O0;2300000;50000;00-10-52
run_opt_test0_O0;2300023;50000;00-10-52
run_opt_test0_O0;2300000;50000;00-10-52
run_opt_test0_O0;2300000;50000;00-10-52
run_opt_test0_O0;2300000;50000;00-10-53
run_opt_test0_O0;2300023;50000;00-10-53
run_opt_test0_O0;2300000;50000;00-10-53
run_opt_test0_O0;2138120;50000;00-10-53
run_opt_test0_O0;2238211;50000;00-10-53
run_opt_test0_O0;2300023;50000;00-10-53
run_opt_test0_O0;2294894;50000;00-10-53
run_opt_test0_O0;2299976;50000;00-10-54
run_opt_test0_O0;2300000;50000;00-10-54
run_opt_test0_O0;2300000;50000;00-10-54
run_opt_test0_O0;2300023;50000;00-10-54
run_opt_test0_O0;2285568;50000;00-10-54
run_opt_test0_O0;2300023;50000;00-10-54
run_opt_test0_O0;2300000;50000;00-10-54
run_opt_test0_O0;2234542;50000;00-10-55
run_opt_test0_O0;2300023;50000;00-10-55
run_opt_test0_O0;2101563;50000;00-10-55
run_opt_test0_O0;2300000;50000;00-10-55
run_opt_test0_O0;2299976;50000;00-10-55
run_opt_test0_O0;2240154;50000;00-10-55
run_opt_test0_O0;2256927;50000;00-10-55
run_opt_test0_O0;2300023;50000;00-10-56
run_opt_test0_O0;2300023;50000;00-10-56
run_opt_test0_O0;2300000;50000;00-10-56
run_opt_test0_O0;2221929;50000;00-10-56
run_opt_test0_O0;2300000;50000;00-10-56
run_opt_test0_O0;2212082;50000;00-10-56
run_opt_test0_O0;2300000;50000;00-10-56
run_opt_test0_O0;2188853;50000;00-10-57
run_opt_test0_O0;2300000;50000;00-10-57
run_opt_test0_O0;2300000;50000;00-10-57
run_opt_test0_O0;2299976;50000;00-10-57
run_opt_test0_O0;2300000;50000;00-10-57
run_opt_test0_O0;2300000;50000;00-10-57
run_opt_test0_O0;2299976;50000;00-10-57
run_opt_test0_O0;2180517;50000;00-10-57
run_opt_test0_O0;2300000;50000;00-10-58
run_opt_test0_O0;2118909;50000;00-10-58
run_opt_test0_O0;2211035;50000;00-10-58
run_opt_test0_O0;2300000;50000;00-10-58
run_opt_test0_O0;2300023;50000;00-10-58
run_opt_test0_O0;2300000;50000;00-10-58
run_opt_test0_O0;2191471;50000;00-10-58
run_opt_test0_O0;2246937;50000;00-10-59
run_opt_test0_O0;2158172;50000;00-10-59
run_opt_test0_O0;2300023;50000;00-10-59
run_opt_test0_O0;2284460;50000;00-10-59
run_opt_test0_O0;2294470;50000;00-10-59
run_opt_test0_O0;2300023;50000;00-10-59
run_opt_test0_O0;2300023;50000;00-10-59
run_opt_test0_O0;2300000;50000;00-11-00
run_opt_test0_O0;2296420;50000;00-11-00
run_opt_test0_O0;2108946;50000;00-11-00
run_opt_test0_O0;2205210;50000;00-11-00
run_opt_test0_O0;2300000;50000;00-11-00
run_opt_test0_O0;2300000;50000;00-11-00
run_opt_test0_O0;2290195;52000;00-11-00
run_opt_test0_O0;2299953;52000;00-11-01
run_opt_test0_O0;2300000;52000;00-11-01
run_opt_test0_O0;2300023;52000;00-11-01
run_opt_test0_O0;2300000;52000;00-11-01
run_opt_test0_O0;2300000;52000;00-11-01
run_opt_test0_O0;2133399;52000;00-11-01
run_opt_test0_O0;2300023;52000;00-11-01
run_opt_test0_O0;2299976;50000;00-11-02
run_opt_test0_O0;2300000;50000;00-11-02
run_opt_test0_O0;2123563;50000;00-11-02
run_opt_test0_O0;2112083;50000;00-11-02
run_opt_test0_O0;2300000;50000;00-11-02
run_opt_test0_O0;2243949;50000;00-11-02
run_opt_test0_O0;2157598;50000;00-11-02
run_opt_test0_O0;2300000;50000;00-11-02
run_opt_test0_O0;2300023;52000;00-11-03
run_opt_test0_O0;2300000;52000;00-11-03
run_opt_test0_O0;2300000;52000;00-11-03
run_opt_test0_O0;2170150;52000;00-11-03
run_opt_test0_O0;2117379;52000;00-11-03
run_opt_test0_O0;2299976;52000;00-11-03
run_opt_test0_O0;2300000;52000;00-11-03
run_opt_test0_O0;2300000;52000;00-11-04
run_opt_test0_O0;2300000;52000;00-11-04
run_opt_test0_O0;2300000;52000;00-11-04
run_opt_test0_O0;2300000;52000;00-11-04
run_opt_test0_O0;2300000;52000;00-11-04
run_opt_test0_O0;2300000;52000;00-11-04
run_opt_test0_O0;2300000;52000;00-11-04
run_opt_test0_O0;2300000;52000;00-11-05
run_opt_test0_O0;2300023;52000;00-11-05
run_opt_test0_O0;2300023;52000;00-11-05
run_opt_test0_O0;2216420;52000;00-11-05
run_opt_test0_O0;2300000;52000;00-11-05
run_opt_test0_O0;2300000;52000;00-11-05
run_opt_test0_O0;2299976;52000;00-11-05
run_opt_test0_O0;2207179;52000;00-11-06
run_opt_test0_O0;2300000;52000;00-11-06
run_opt_test0_O0;2300023;52000;00-11-06
run_opt_test0_O0;2212625;52000;00-11-06
run_opt_test0_O0;2300023;52000;00-11-06
run_opt_test0_O0;2299976;52000;00-11-06
run_opt_test0_O0;2300000;52000;00-11-06
run_opt_test0_O0;2299976;52000;00-11-07
run_opt_test0_O0;2152200;52000;00-11-07
run_opt_test0_O0;2300000;52000;00-11-07
run_opt_test0_O0;2135818;52000;00-11-07
run_opt_test0_O0;2300000;52000;00-11-07
run_opt_test0_O0;2300000;52000;00-11-07
run_opt_test0_O0;2170100;52000;00-11-07
run_opt_test0_O0;2161012;52000;00-11-07
run_opt_test0_O0;2197490;52000;00-11-08
run_opt_test0_O0;2200593;52000;00-11-08
run_opt_test0_O0;2210691;52000;00-11-08
run_opt_test0_O0;2203568;52000;00-11-08
run_opt_test0_O0;2194178;52000;00-11-08
run_opt_test0_O0;2129967;52000;00-11-08
run_opt_test0_O0;2300000;52000;00-11-08
run_opt_test0_O0;2106589;52000;00-11-09
run_opt_test0_O0;2119924;52000;00-11-09
run_opt_test0_O0;2143310;52000;00-11-09
run_opt_test0_O0;2204714;52000;00-11-09
run_opt_test0_O0;2300000;52000;00-11-09
run_opt_test0_O0;2300000;52000;00-11-09
run_opt_test0_O0;2300000;52000;00-11-09
run_opt_test0_O0;2300023;52000;00-11-10
run_opt_test0_O0;2300000;52000;00-11-10
run_opt_test0_O0;2300000;52000;00-11-10
run_opt_test0_O0;2200722;52000;00-11-10
run_opt_test0_O0;2219180;52000;00-11-10
run_opt_test0_O0;2220845;52000;00-11-10
run_opt_test0_O0;2300000;52000;00-11-10
run_opt_test0_O0;2300000;52000;00-11-11
run_opt_test0_O0;2300000;52000;00-11-11
run_opt_test0_O0;2300000;52000;00-11-11
run_opt_test0_O0;2300000;52000;00-11-11
run_opt_test0_O0;2300023;52000;00-11-11
run_opt_test0_O0;2300000;52000;00-11-11
run_opt_test0_O0;2300000;52000;00-11-11
run_opt_test0_O0;2204193;50000;00-11-12
run_opt_test0_O0;2300023;50000;00-11-12
run_opt_test0_O0;2186430;50000;00-11-12
run_opt_test0_O0;2300000;50000;00-11-12
run_opt_test0_O0;2300000;50000;00-11-12
run_opt_test0;1650276;50000;00-11-12
run_opt_test0_O0;4899950;64000;00-11-24
run_opt_test0_O0;4800000;64000;00-11-24
run_opt_test0_O0;3199967;64000;00-11-24
run_opt_test0_O0;3000000;64000;00-11-24
run_opt_test0_O0;2194213;64000;00-11-25
run_opt_test0_O0;2140559;64000;00-11-25
run_opt_test0_O0;2300000;64000;00-11-25
run_opt_test0_O0;2300000;64000;00-11-25
run_opt_test0_O0;2159749;52000;00-11-25
run_opt_test0_O0;2300000;52000;00-11-25
run_opt_test0_O0;2300000;52000;00-11-25
run_opt_test0_O0;2110120;52000;00-11-25
run_opt_test0_O0;2299976;52000;00-11-26
run_opt_test0_O0;2300000;52000;00-11-26
run_opt_test0_O0;2299976;52000;00-11-26
run_opt_test0_O0;2300000;52000;00-11-26
run_opt_test0_O0;2300000;52000;00-11-26
run_opt_test0_O0;2104897;52000;00-11-26
run_opt_test0_O0;2300023;52000;00-11-26
run_opt_test0_O0;2300023;52000;00-11-27
run_opt_test0_O0;2299976;52000;00-11-27
run_opt_test0_O0;2300023;52000;00-11-27
run_opt_test0_O0;2300023;52000;00-11-27
run_opt_test0_O0;2134411;52000;00-11-27
run_opt_test0_O0;2300000;52000;00-11-27
run_opt_test0_O0;2117401;52000;00-11-27
run_opt_test0_O0;2300000;52000;00-11-28
run_opt_test0_O0;2300000;52000;00-11-28
run_opt_test0_O0;2300000;52000;00-11-28
run_opt_test0_O0;2299976;52000;00-11-28
run_opt_test0_O0;2300000;52000;00-11-28
run_opt_test0_O0;2299976;52000;00-11-28
run_opt_test0_O0;2299976;52000;00-11-28
run_opt_test0_O0;2300000;52000;00-11-29
run_opt_test0_O0;2300000;52000;00-11-29
run_opt_test0_O0;2295298;52000;00-11-29
run_opt_test0_O0;2300000;52000;00-11-29
run_opt_test0_O0;2254259;52000;00-11-29
run_opt_test0_O0;2300000;52000;00-11-29
run_opt_test0_O0;2300023;52000;00-11-29
run_opt_test0_O0;2300023;54000;00-11-30
run_opt_test0_O0;2299976;54000;00-11-30
run_opt_test0_O0;2300000;54000;00-11-30
run_opt_test0_O0;2299976;54000;00-11-30
run_opt_test0_O0;2300000;54000;00-11-30
run_opt_test0_O0;2300000;54000;00-11-30
run_opt_test0_O0;2299976;54000;00-11-30
run_opt_test0_O0;2300000;54000;00-11-31
run_opt_test0_O0;2300000;54000;00-11-31
run_opt_test0_O0;2300023;54000;00-11-31
run_opt_test0_O0;2300023;54000;00-11-31
run_opt_test0_O0;2219633;54000;00-11-31
run_opt_test0_O0;2208937;54000;00-11-31
run_opt_test0_O0;2300023;54000;00-11-31
run_opt_test0_O0;2300023;54000;00-11-31
run_opt_test0_O0;2300000;54000;00-11-32
run_opt_test0_O0;2300000;54000;00-11-32
run_opt_test0_O0;2300000;54000;00-11-32
run_opt_test0_O0;2300000;54000;00-11-32
run_opt_test0_O0;2299976;54000;00-11-32
run_opt_test0_O0;2300000;54000;00-11-32
run_opt_test0_O0;2299976;54000;00-11-32
run_opt_test0_O0;2300023;54000;00-11-33
run_opt_test0_O0;2273027;54000;00-11-33
run_opt_test0_O0;2299976;54000;00-11-33
run_opt_test0_O0;2300023;54000;00-11-33
run_opt_test0_O0;2206501;54000;00-11-33
run_opt_test0_O0;2300000;54000;00-11-33
run_opt_test0_O0;2299976;54000;00-11-33
run_opt_test0_O0;2180730;54000;00-11-34
run_opt_test0_O0;2300000;54000;00-11-34
run_opt_test0_O0;2299976;54000;00-11-34
run_opt_test0_O0;2300000;54000;00-11-34
run_opt_test0_O0;2300023;54000;00-11-34
run_opt_test0_O0;2299976;54000;00-11-34
run_opt_test0_O0;2300000;54000;00-11-34
run_opt_test0_O0;2300046;54000;00-11-34
run_opt_test0_O0;2300000;54000;00-11-35
run_opt_test0_O0;2245558;54000;00-11-35
run_opt_test0_O0;2299976;54000;00-11-35
run_opt_test0_O0;2300023;54000;00-11-35
run_opt_test0_O0;2223452;54000;00-11-35
run_opt_test0_O0;2300000;54000;00-11-35
run_opt_test0_O0;2300000;54000;00-11-35
run_opt_test0_O0;2300000;54000;00-11-36
run_opt_test0_O0;2300000;54000;00-11-36
run_opt_test0_O0;2300000;54000;00-11-36
run_opt_test0_O0;2134871;54000;00-11-36
run_opt_test0_O0;2300000;54000;00-11-36
run_opt_test0_O0;2300023;54000;00-11-36
run_opt_test0_O0;2300023;54000;00-11-36
run_opt_test0_O0;2268753;54000;00-11-37
run_opt_test0_O0;2299976;54000;00-11-37
run_opt_test0_O0;2300000;54000;00-11-37
run_opt_test0_O0;2300000;54000;00-11-37
run_opt_test0_O0;2300000;54000;00-11-37
run_opt_test0_O0;2205380;54000;00-11-37
run_opt_test0_O0;2300000;54000;00-11-37
run_opt_test0_O0;2300000;54000;00-11-38
run_opt_test0_O0;2141579;54000;00-11-38
run_opt_test0_O0;2300023;54000;00-11-38
run_opt_test0_O0;2300000;54000;00-11-38
run_opt_test0_O0;2300000;54000;00-11-38
run_opt_test0_O0;2300000;54000;00-11-38
run_opt_test0_O0;2299976;54000;00-11-38
run_opt_test0_O0;2300000;54000;00-11-39
run_opt_test0_O0;2300000;54000;00-11-39
run_opt_test0_O0;2299976;54000;00-11-39
run_opt_test0_O0;2240184;54000;00-11-39
run_opt_test0_O0;2300000;54000;00-11-39
run_opt_test0_O0;2299976;54000;00-11-39
run_opt_test0_O0;2300000;54000;00-11-39
run_opt_test0_O0;2300023;54000;00-11-40
run_opt_test0_O0;2220734;54000;00-11-40
run_opt_test0_O0;2196169;54000;00-11-40
run_opt_test0_O0;2299976;54000;00-11-40
run_opt_test0_O0;2300000;54000;00-11-40
run_opt_test0_O0;2300000;54000;00-11-40
run_opt_test0_O0;2239119;54000;00-11-40
run_opt_test0_O0;2300000;54000;00-11-40
run_opt_test0_O0;2299976;56000;00-11-41
run_opt_test0_O0;2169552;56000;00-11-41
run_opt_test0_O0;2227330;56000;00-11-41
run_opt_test0_O0;2300000;56000;00-11-41
run_opt_test0_O0;2300000;56000;00-11-41
run_opt_test0_O0;2150555;56000;00-11-41
run_opt_test0_O0;2300000;56000;00-11-41
run_opt_test0_O0;2241038;56000;00-11-42
run_opt_test0_O0;2299976;56000;00-11-42
run_opt_test0_O0;2300000;56000;00-11-42
run_opt_test0_O0;2160420;56000;00-11-42
run_opt_test0_O0;2299976;56000;00-11-42
run_opt_test0_O0;2300000;56000;00-11-42
run_opt_test0_O0;2251901;56000;00-11-42
run_opt_test0_O0;2277217;56000;00-11-43
run_opt_test0_O0;2114167;56000;00-11-43
run_opt_test0_O0;2300000;56000;00-11-43
run_opt_test0_O0;2299976;56000;00-11-43
run_opt_test0_O0;2140567;56000;00-11-43
run_opt_test0_O0;2234521;56000;00-11-43
run_opt_test0_O0;2212205;56000;00-11-43
run_opt_test0_O0;2300000;56000;00-11-44
run_opt_test0_O0;2300000;56000;00-11-44
run_opt_test0_O0;2300000;56000;00-11-44
run_opt_test0_O0;2299976;56000;00-11-44
run_opt_test0_O0;2299976;56000;00-11-44
run_opt_test0_O0;2300000;56000;00-11-44
run_opt_test0_O0;2300000;56000;00-11-44
run_opt_test0_O0;2236811;56000;00-11-45
run_opt_test0_O0;2300000;56000;00-11-45
run_opt_test0_O0;2162326;56000;00-11-45
run_opt_test0_O0;2300000;56000;00-11-45
run_opt_test0_O0;2299976;56000;00-11-45
run_opt_test0_O0;2300000;56000;00-11-45
run_opt_test0_O0;2209904;56000;00-11-45
run_opt_test0_O0;2299976;56000;00-11-46
run_opt_test0_O0;2299976;56000;00-11-46
run_opt_test0_O0;2300000;56000;00-11-46
run_opt_test0_O0;2300000;56000;00-11-46
run_opt_test0_O0;2299976;56000;00-11-46
run_opt_test0_O0;2300000;56000;00-11-46
run_opt_test0_O0;2300023;56000;00-11-46
run_opt_test0_O0;2139748;56000;00-11-46
run_opt_test0_O0;2299976;56000;00-11-47
run_opt_test0_O0;2223702;56000;00-11-47
run_opt_test0_O0;2300000;56000;00-11-47
run_opt_test0_O0;2300000;56000;00-11-47
run_opt_test0_O0;2300000;56000;00-11-47
run_opt_test0_O0;2299976;56000;00-11-47
run_opt_test0_O0;2300023;56000;00-11-47
run_opt_test0_O0;2299976;56000;00-11-48
run_opt_test0_O0;2116819;56000;00-11-48
run_opt_test0_O0;2299976;56000;00-11-48
run_opt_test0_O0;2299976;56000;00-11-48
run_opt_test0_O0;2300000;56000;00-11-48
run_opt_test0_O0;2300000;56000;00-11-48
run_opt_test0_O0;2187868;56000;00-11-48
run_opt_test0_O0;2299976;56000;00-11-49
run_opt_test0_O0;2299976;56000;00-11-49
run_opt_test0_O0;2300000;56000;00-11-49
run_opt_test0_O0;2300023;56000;00-11-49
run_opt_test0_O0;2299976;56000;00-11-49
run_opt_test0_O0;2300000;56000;00-11-49
run_opt_test0_O0;2300023;56000;00-11-49
run_opt_test0_O0;2102128;56000;00-11-50
run_opt_test0_O0;2209600;56000;00-11-50
run_opt_test0_O0;2300000;56000;00-11-50
run_opt_test0_O0;2300000;56000;00-11-50
run_opt_test0_O0;2198773;56000;00-11-50
run_opt_test0_O0;2300000;56000;00-11-50
run_opt_test0_O0;2188483;56000;00-11-50
run_opt_test0_O0;2300023;56000;00-11-50
run_opt_test0_O0;2300000;56000;00-11-51
run_opt_test0_O0;2107399;56000;00-11-51
run_opt_test0_O0;2300000;56000;00-11-51
run_opt_test0_O0;2299976;56000;00-11-51
run_opt_test0_O0;2300000;56000;00-11-51
run_opt_test0_O0;2300000;56000;00-11-51
run_opt_test0_O0;2299976;56000;00-11-51
run_opt_test0_O0;2300000;56000;00-11-52
run_opt_test0_O0;2300000;56000;00-11-52
run_opt_test0_O0;2300000;56000;00-11-52
run_opt_test0_O0;2300000;56000;00-11-52
run_opt_test0_O0;2155086;56000;00-11-52
run_opt_test0_O0;2300000;56000;00-11-52
run_opt_test0_O0;2187463;56000;00-11-52
run_opt_test0_O0;2300184;56000;00-11-53
run_opt_test0_O0;2169609;56000;00-11-53
run_opt_test0_O0;2300000;56000;00-11-53
run_opt_test0_O0;2300000;56000;00-11-53
run_opt_test0_O0;2300000;56000;00-11-53
run_opt_test0_O0;2300000;56000;00-11-53
run_opt_test0_O0;2300000;56000;00-11-53
run_opt_test0_O0;2241395;56000;00-11-54
run_opt_test0_O0;2299976;56000;00-11-54
run_opt_test0_O0;2299976;56000;00-11-54
run_opt_test0_O0;2298542;56000;00-11-54
run_opt_test0_O0;2300000;56000;00-11-54
run_opt_test0_O0;2209311;56000;00-11-54
run_opt_test0_O0;2300023;56000;00-11-54
run_opt_test0_O0;2130288;56000;00-11-55
run_opt_test0_O0;2300000;56000;00-11-55
run_opt_test0_O0;2093272;56000;00-11-55
run_opt_test0_O0;2205871;56000;00-11-55
run_opt_test0_O0;2300023;54000;00-11-55
run_opt_test0_O0;2299976;54000;00-11-55
run_opt_test0_O0;2300000;54000;00-11-55
run_opt_test0_O0;2222305;54000;00-11-56
run_opt_test0_O0;2300023;54000;00-11-56
run_opt_test0_O0;2300023;54000;00-11-56
run_opt_test0_O0;2300000;54000;00-11-56
run_opt_test0_O0;2300000;54000;00-11-56
run_opt_test0_O0;2300023;56000;00-11-56
run_opt_test0_O0;2299976;56000;00-11-56
run_opt_test0_O0;2300000;56000;00-11-57
run_opt_test0_O0;2299976;56000;00-11-57
run_opt_test0_O0;2222244;56000;00-11-57
run_opt_test0_O0;2300023;56000;00-11-57
run_opt_test0_O0;2300000;56000;00-11-57
run_opt_test0_O0;2299976;56000;00-11-57
run_opt_test0_O0;2300023;56000;00-11-57
run_opt_test0_O0;2170135;56000;00-11-57
run_opt_test0_O0;2300000;56000;00-11-58
run_opt_test0_O0;2299976;56000;00-11-58
run_opt_test0_O0;2143539;56000;00-11-58
run_opt_test0_O0;2300000;56000;00-11-58
run_opt_test0_O0;2210065;56000;00-11-58
run_opt_test0_O0;2243230;56000;00-11-58
run_opt_test0_O0;2300000;54000;00-11-58
run_opt_test0_O0;2162449;54000;00-11-59
run_opt_test0_O0;2300000;54000;00-11-59
run_opt_test0_O0;2300000;54000;00-11-59
run_opt_test0_O0;2300000;54000;00-11-59
run_opt_test0_O0;2250958;54000;00-11-59
run_opt_test0_O0;2300000;54000;00-11-59
run_opt_test0_O0;2300000;54000;00-11-59
run_opt_test0_O0;2220137;54000;00-12-00
run_opt_test0_O0;2299976;54000;00-12-00
run_opt_test0_O0;2300000;54000;00-12-00
run_opt_test0_O0;2299976;54000;00-12-00
run_opt_test0_O0;2300000;54000;00-12-00
run_opt_test0_O0;2193076;54000;00-12-00
run_opt_test0_O0;2115846;54000;00-12-00
run_opt_test0_O0;2300000;54000;00-12-01
run_opt_test0_O0;2300046;54000;00-12-01
run_opt_test0_O0;2300000;54000;00-12-01
run_opt_test0_O0;2300000;54000;00-12-01
run_opt_test0_O0;2180739;54000;00-12-01
run_opt_test0_O0;2300000;54000;00-12-01
run_opt_test0_O0;2300000;54000;00-12-01
run_opt_test0_O0;2300000;54000;00-12-01
run_opt_test0_O0;2299976;54000;00-12-02
run_opt_test0_O0;2299976;52000;00-12-02
run_opt_test0_O0;2248119;52000;00-12-02
run_opt_test0_O0;2300000;52000;00-12-02
run_opt_test0_O0;2300000;52000;00-12-02
run_opt_test0_O0;2247223;52000;00-12-02
run_opt_test0_O0;2300023;52000;00-12-02
run_opt_test0_O0;2300000;52000;00-12-03
run_opt_test0_O0;2958852;52000;00-12-03
run_opt_test0_O0;3214058;56000;00-12-03
run_opt_test0_O0;3400034;56000;00-12-03
run_opt_test0_O0;2299976;56000;00-12-03
run_opt_test0_O0;2225137;56000;00-12-03
run_opt_test0_O0;2300023;56000;00-12-03
run_opt_test0_O0;2300000;56000;00-12-04
run_opt_test0_O0;2210918;56000;00-12-04
run_opt_test0_O0;2300000;56000;00-12-04
run_opt_test0_O0;2300000;52000;00-12-04
run_opt_test0_O0;2300023;52000;00-12-04
run_opt_test0_O0;2169975;52000;00-12-04
run_opt_test0_O0;2300000;52000;00-12-04
run_opt_test0_O0;2300023;52000;00-12-05
run_opt_test0_O0;2300000;52000;00-12-05
run_opt_test0_O0;2300000;52000;00-12-05
run_opt_test0_O0;2300000;52000;00-12-05
run_opt_test0_O0;2300000;52000;00-12-05
run_opt_test0_O0;2300000;52000;00-12-05
run_opt_test0_O0;2299976;52000;00-12-05
run_opt_test0_O0;2299976;52000;00-12-06
run_opt_test0_O0;2300023;52000;00-12-06
run_opt_test0_O0;2207096;52000;00-12-06
run_opt_test0_O0;2300000;52000;00-12-06
run_opt_test0_O0;2299976;52000;00-12-06
run_opt_test0_O0;2143692;52000;00-12-06
run_opt_test0_O0;2300000;52000;00-12-06
run_opt_test0_O0;2300000;52000;00-12-06
run_opt_test0_O0;2300000;52000;00-12-07
run_opt_test0_O0;2300000;52000;00-12-07
run_opt_test0_O0;2300000;52000;00-12-07
run_opt_test0_O0;2300000;52000;00-12-07
run_opt_test0_O0;2118102;52000;00-12-07
run_opt_test0_O0;2300000;52000;00-12-07
run_opt_test0_O0;2300023;52000;00-12-07
run_opt_test0_O0;2300023;52000;00-12-08
run_opt_test0_O0;2230994;52000;00-12-08
run_opt_test0_O0;2299976;52000;00-12-08
run_opt_test0_O0;2300023;52000;00-12-08
run_opt_test0_O0;2299976;52000;00-12-08
run_opt_test0_O0;2202066;52000;00-12-08
run_opt_test0_O0;2299976;52000;00-12-08
run_opt_test0_O0;2242383;52000;00-12-09
run_opt_test0_O0;2299976;52000;00-12-09
run_opt_test0_O0;2299976;52000;00-12-09
run_opt_test0_O0;2117642;52000;00-12-09
run_opt_test0_O0;2300023;52000;00-12-09
run_opt_test0_O0;2300000;52000;00-12-09
run_opt_test0_O0;2300023;52000;00-12-09
run_opt_test0_O0;2300023;52000;00-12-10
run_opt_test0_O0;2300023;52000;00-12-10
run_opt_test0_O0;2300000;52000;00-12-10
run_opt_test0_O0;2299976;52000;00-12-10
run_opt_test0_O0;2225214;52000;00-12-10
run_opt_test0_O0;2300000;52000;00-12-10
run_opt_test0_O0;2300023;52000;00-12-10
run_opt_test0_O0;2165817;52000;00-12-11
run_opt_test0_O0;2173067;52000;00-12-11
run_opt_test0_O0;2247015;52000;00-12-11
run_opt_test0_O0;2300000;52000;00-12-11
run_opt_test0_O0;2300023;52000;00-12-11
run_opt_test0_O0;2299976;52000;00-12-11
run_opt_test0_O0;2300023;52000;00-12-11
run_opt_test0_O0;2192391;52000;00-12-11
run_opt_test0_O0;2299976;52000;00-12-12
run_opt_test0_O0;2300023;52000;00-12-12
run_opt_test0_O0;2300000;52000;00-12-12
run_opt_test0_O0;2300000;52000;00-12-12
run_opt_test0_O0;2299976;52000;00-12-12
run_opt_test0_O0;2300000;52000;00-12-12
run_opt_test0_O0;2172062;52000;00-12-12
run_opt_test0_O0;2300000;52000;00-12-13
run_opt_test0_O0;2300023;52000;00-12-13
run_opt_test0_O0;2300000;52000;00-12-13
run_opt_test0_O0;2227593;52000;00-12-13
run_opt_test0_O0;2300000;52000;00-12-13
run_opt_test0_O0;2299976;52000;00-12-13
run_opt_test0_O0;2205346;52000;00-12-13
run_opt_test0_O0;2300000;52000;00-12-14
run_opt_test0_O0;2287808;52000;00-12-14
run_opt_test0_O0;2300000;52000;00-12-14
run_opt_test0_O0;2300000;52000;00-12-14
run_opt_test0_O0;2126546;52000;00-12-14
run_opt_test0_O0;2300000;52000;00-12-14
run_opt_test0_O0;2300000;52000;00-12-14
run_opt_test0_O0;2300000;52000;00-12-15
run_opt_test0_O0;2300000;52000;00-12-15
run_opt_test0_O0;2215041;52000;00-12-15
run_opt_test0_O0;2300023;52000;00-12-15
run_opt_test0_O0;2300000;52000;00-12-15
run_opt_test0_O0;2299953;52000;00-12-15
run_opt_test0_O0;2286149;52000;00-12-15
run_opt_test0_O0;2300000;52000;00-12-15
run_opt_test0_O0;2300000;52000;00-12-16
run_opt_test0_O0;2300023;52000;00-12-16
run_opt_test0_O0;2124093;52000;00-12-16
run_opt_test0_O0;2216126;52000;00-12-16
run_opt_test0_O0;2299976;52000;00-12-16
run_opt_test0_O0;2300000;52000;00-12-16
run_opt_test0_O0;2300000;52000;00-12-16
run_opt_test0_O0;2191528;52000;00-12-17
run_opt_test0_O0;2210513;52000;00-12-17
run_opt_test0_O0;2299976;52000;00-12-17
run_opt_test0_O0;2119307;52000;00-12-17
run_opt_test0_O0;2300000;52000;00-12-17
run_opt_test0_O0;2300023;52000;00-12-17
run_opt_test0_O0;2213294;52000;00-12-17
run_opt_test0_O0;2300000;52000;00-12-18
run_opt_test0_O0;2300000;52000;00-12-18
run_opt_test0_O0;2300000;52000;00-12-18
run_opt_test0_O0;2300000;52000;00-12-18
run_opt_test0_O0;2300000;52000;00-12-18
run_opt_test0_O0;2300000;52000;00-12-18
run_opt_test0_O0;2300000;52000;00-12-18
run_opt_test0_O0;2134532;52000;00-12-19
run_opt_test0_O0;2300000;52000;00-12-19
run_opt_test0_O0;2158517;52000;00-12-19
run_opt_test0_O0;2194109;52000;00-12-19
run_opt_test0_O0;2299976;52000;00-12-19
run_opt_test0_O0;2300000;52000;00-12-19
run_opt_test0_O0;2220130;52000;00-12-19
run_opt_test0_O0;2300000;52000;00-12-19
run_opt_test0_O0;2299976;52000;00-12-20
run_opt_test0_O0;2300000;52000;00-12-20
run_opt_test0_O0;2265501;52000;00-12-20
run_opt_test0_O0;2300023;52000;00-12-20
run_opt_test0_O0;2300023;52000;00-12-20
run_opt_test0_O0;2300023;52000;00-12-20
run_opt_test0_O0;2300000;52000;00-12-20
run_opt_test0_O0;2300023;50000;00-12-21
run_opt_test0_O0;2300023;50000;00-12-21
run_opt_test0_O0;2299976;50000;00-12-21
run_opt_test0_O0;2299976;50000;00-12-21
run_opt_test0_O0;2300000;50000;00-12-21
run_opt_test0_O0;2300023;50000;00-12-21
run_opt_test0_O0;2300000;50000;00-12-21
run_opt_test0_O0;2192922;50000;00-12-22
run_opt_test0_O0;2256922;52000;00-12-22
run_opt_test0_O0;2300000;52000;00-12-22
run_opt_test0_O0;2300000;52000;00-12-22
run_opt_test0_O0;2300023;52000;00-12-22
run_opt_test0_O0;2300000;52000;00-12-22
run_opt_test0_O0;2300000;52000;00-12-22
run_opt_test0_O0;2237478;52000;00-12-23
run_opt_test0_O0;2300000;52000;00-12-23
run_opt_test0_O0;2131666;50000;00-12-23
run_opt_test0_O0;2262656;50000;00-12-23
run_opt_test0_O0;2300023;50000;00-12-23
run_opt_test0_O0;2299976;50000;00-12-23
run_opt_test0_O0;2136467;50000;00-12-23
run_opt_test0_O0;2300000;50000;00-12-24
run_opt_test0_O0;2300000;50000;00-12-24
run_opt_test0_O0;2299976;50000;00-12-24
run_opt_test0_O0;2300000;50000;00-12-24
run_opt_test0_O0;2300023;50000;00-12-24
run_opt_test0_O0;2299976;50000;00-12-24
run_opt_test0_O0;2300000;50000;00-12-24
run_opt_test0_O0;2300000;50000;00-12-24
run_opt_test0_O0;2300000;50000;00-12-25
run_opt_test0_O0;2300000;50000;00-12-25
run_opt_test0_O0;2208257;50000;00-12-25
run_opt_test0_O0;2300000;50000;00-12-25
run_opt_test0_O0;2224733;50000;00-12-25
run_opt_test0_O0;2300000;50000;00-12-25
run_opt_test0_O0;2300023;50000;00-12-25
run_opt_test0_O0;2300000;50000;00-12-26
run_opt_test0_O0;2300000;50000;00-12-26
run_opt_test0_O0;2300000;50000;00-12-26
run_opt_test0_O0;2300000;50000;00-12-26
run_opt_test0_O0;2150218;50000;00-12-26
run_opt_test0_O0;2300000;50000;00-12-26
run_opt_test0_O0;2210559;50000;00-12-26
run_opt_test0_O0;2299976;50000;00-12-27
run_opt_test0_O0;2300000;50000;00-12-27
run_opt_test0_O0;2228128;50000;00-12-27
run_opt_test0_O0;2300000;50000;00-12-27
run_opt_test0_O0;2299976;50000;00-12-27
run_opt_test0_O0;2300000;50000;00-12-27
run_opt_test0_O0;2300000;50000;00-12-27
run_opt_test0_O0;2300023;50000;00-12-28
run_opt_test0_O0;2132460;50000;00-12-28
run_opt_test0_O0;2121755;50000;00-12-28
run_opt_test0_O0;2300000;50000;00-12-28
run_opt_test0_O0;2300023;50000;00-12-28
run_opt_test0_O0;2299976;50000;00-12-28
run_opt_test0_O0;2299976;50000;00-12-28
run_opt_test0_O0;2233619;50000;00-12-29
run_opt_test0_O0;2300000;50000;00-12-29
run_opt_test0_O0;2300000;50000;00-12-29
run_opt_test0_O0;2300000;50000;00-12-29
run_opt_test0_O0;2300000;50000;00-12-29
run_opt_test0_O0;2258147;50000;00-12-29
run_opt_test0_O0;2300000;50000;00-12-29
run_opt_test0_O0;2300023;50000;00-12-30
run_opt_test0_O0;2300000;50000;00-12-30
run_opt_test0_O0;2299976;50000;00-12-30
run_opt_test0_O0;2299976;50000;00-12-30
run_opt_test0_O0;2300000;50000;00-12-30
run_opt_test0_O0;2300000;50000;00-12-30
run_opt_test0_O0;2300000;50000;00-12-30
run_opt_test0_O0;2299976;50000;00-12-30
run_opt_test0_O0;2299976;50000;00-12-31
run_opt_test0_O0;2300000;50000;00-12-31
run_opt_test0_O0;2299976;50000;00-12-31
run_opt_test0_O0;2254996;50000;00-12-31
run_opt_test0_O0;2300000;50000;00-12-31
run_opt_test0_O0;2300023;50000;00-12-31
run_opt_test0_O0;2300000;50000;00-12-31
run_opt_test0_O0;2299976;50000;00-12-32
run_opt_test0_O0;2300000;50000;00-12-32
run_opt_test0_O0;2300000;50000;00-12-32
run_opt_test0_O0;2300000;50000;00-12-32
run_opt_test0_O0;2220822;50000;00-12-32
run_opt_test0_O0;2218361;50000;00-12-32
run_opt_test0_O0;2244703;50000;00-12-32
run_opt_test0_O0;2299976;50000;00-12-33
run_opt_test0_O0;2300000;50000;00-12-33
run_opt_test0_O0;2300000;50000;00-12-33
run_opt_test0_O0;2178170;50000;00-12-33
run_opt_test0_O0;2300000;50000;00-12-33
run_opt_test0_O0;2300000;50000;00-12-33
run_opt_test0_O0;2300000;50000;00-12-33
run_opt_test0_O0;2300000;50000;00-12-34
run_opt_test0_O0;2215410;50000;00-12-34
run_opt_test0_O0;2300023;50000;00-12-34
run_opt_test0_O0;2132459;50000;00-12-34
run_opt_test0_O0;2299976;50000;00-12-34
run_opt_test0_O0;2222466;50000;00-12-34
run_opt_test0_O0;2208984;50000;00-12-34
run_opt_test0_O0;2210984;50000;00-12-35
run_opt_test0_O0;2300000;50000;00-12-35
run_opt_test0_O0;2194574;50000;00-12-35
run_opt_test0_O0;2299976;50000;00-12-35
run_opt_test0_O0;2300000;50000;00-12-35
run_opt_test0_O0;2300000;50000;00-12-35
run_opt_test0_O0;2300023;50000;00-12-35
run_opt_test0_O0;2300000;50000;00-12-35
run_opt_test0_O0;2180426;50000;00-12-36
run_opt_test0_O0;2300000;50000;00-12-36
run_opt_test0_O0;2299976;50000;00-12-36
run_opt_test0_O0;2299976;50000;00-12-36
run_opt_test0_O0;2300000;50000;00-12-36
run_opt_test0_O0;2126312;50000;00-12-36
run_opt_test0_O0;2300000;50000;00-12-36
run_opt_test0_O0;2300000;50000;00-12-37
run_opt_test0_O0;2300000;50000;00-12-37
run_opt_test0_O0;2300023;50000;00-12-37
run_opt_test0_O0;2299976;50000;00-12-37
run_opt_test0_O0;2300000;50000;00-12-37
run_opt_test0_O0;2300000;50000;00-12-37
run_opt_test0_O0;2141904;50000;00-12-37
run_opt_test0_O0;2300000;50000;00-12-38
run_opt_test0_O0;2300000;50000;00-12-38
run_opt_test0_O0;2300000;50000;00-12-38
run_opt_test0_O0;2126451;50000;00-12-38
run_opt_test0_O0;2300000;50000;00-12-38
run_opt_test0_O0;2300000;50000;00-12-38
run_opt_test0_O0;2237261;50000;00-12-38
run_opt_test0_O0;2300000;50000;00-12-39
run_opt_test0_O0;2300000;50000;00-12-39
run_opt_test0_O0;2146215;50000;00-12-39
run_opt_test0_O0;2300000;50000;00-12-39
run_opt_test0_O0;2299976;50000;00-12-39
run_opt_test0_O0;2300000;50000;00-12-39
run_opt_test0_O0;2150545;50000;00-12-39
run_opt_test0_O0;2300000;50000;00-12-40
run_opt_test0_O0;2300000;50000;00-12-40
run_opt_test0_O0;2300000;50000;00-12-40
run_opt_test0_O0;2300000;50000;00-12-40
run_opt_test0_O0;2300000;50000;00-12-40
run_opt_test0_O0;2300000;50000;00-12-40
run_opt_test0_O0;2300000;50000;00-12-40
run_opt_test0_O0;2300000;50000;00-12-41
run_opt_test0_O0;2300000;50000;00-12-41
run_opt_test0_O0;2209612;50000;00-12-41
run_opt_test0_O0;2300000;50000;00-12-41
run_opt_test0_O0;2300000;50000;00-12-41
run_opt_test0_O0;2299976;50000;00-12-41
run_opt_test0_O0;2300000;50000;00-12-41
run_opt_test0_O0;2300000;50000;00-12-41
run_opt_test0_O0;2184987;50000;00-12-42
run_opt_test0_O0;2133938;50000;00-12-42
run_opt_test0_O0;2300023;50000;00-12-42
run_opt_test0_O0;2300000;50000;00-12-42
run_opt_test0_O0;2300000;50000;00-12-42
run_opt_test0_O0;2300023;50000;00-12-42
run_opt_test0_O0;2109659;50000;00-12-42
run_opt_test0_O0;2300023;50000;00-12-43
run_opt_test0_O0;2299976;50000;00-12-43
run_opt_test0_O0;2300023;50000;00-12-43
run_opt_test0_O0;2300023;50000;00-12-43
run_opt_test0_O0;2300000;50000;00-12-43
run_opt_test0_O0;2300000;50000;00-12-43
run_opt_test0_O0;2299815;50000;00-12-43
run_opt_test0_O0;2265623;50000;00-12-44
run_opt_test0_O0;2148675;50000;00-12-44
run_opt_test0_O0;2215686;50000;00-12-44
run_opt_test0_O0;2300000;50000;00-12-44
run_opt_test0_O0;2300000;50000;00-12-44
run_opt_test0_O0;2300000;50000;00-12-44
run_opt_test0_O0;2300000;50000;00-12-44
run_opt_test0_O0;2299976;50000;00-12-45
run_opt_test0_O0;2300000;50000;00-12-45
run_opt_test0_O0;2300000;50000;00-12-45
run_opt_test0_O0;2216569;50000;00-12-45
run_opt_test0_O0;2300000;50000;00-12-45
run_opt_test0_O0;2300000;50000;00-12-45
run_opt_test0_O0;2300023;50000;00-12-45
run_opt_test0_O0;2300000;50000;00-12-46
run_opt_test0_O0;2300023;50000;00-12-46
run_opt_test0_O0;2154030;50000;00-12-46
run_opt_test0_O0;2227851;50000;00-12-46
run_opt_test0_O0;2200000;50000;00-12-46
run_opt_test0_O0;2300000;50000;00-12-46
run_opt_test0_O0;2124425;50000;00-12-46
run_opt_test0_O0;2209143;50000;00-12-47
run_opt_test0_O0;2300023;50000;00-12-47
run_opt_test0_O0;2226950;50000;00-12-47
run_opt_test0_O0;2300000;50000;00-12-47
run_opt_test0_O0;2300000;50000;00-12-47
run_opt_test0_O0;2300023;50000;00-12-47
run_opt_test0_O0;2246940;50000;00-12-47
run_opt_test0_O0;2269306;50000;00-12-47
run_opt_test0_O0;2300000;50000;00-12-48
run_opt_test0_O0;2300000;50000;00-12-48
run_opt_test0_O0;2300023;50000;00-12-48
run_opt_test0_O0;2142274;50000;00-12-48
run_opt_test0_O0;2294686;50000;00-12-48
run_opt_test0_O0;2300000;50000;00-12-48
run_opt_test0_O0;2300000;50000;00-12-48
run_opt_test0_O0;2287326;50000;00-12-49
run_opt_test0_O0;2291685;50000;00-12-49
run_opt_test0_O0;2300023;50000;00-12-49
run_opt_test0_O0;2299976;50000;00-12-49
run_opt_test0_O0;2300000;50000;00-12-49
run_opt_test0_O0;2300000;50000;00-12-49
run_opt_test0_O0;2191172;48000;00-12-49
run_opt_test0_O0;2207349;48000;00-12-50
run_opt_test0_O0;2300000;48000;00-12-50
run_opt_test0_O0;2300000;48000;00-12-50
run_opt_test0_O0;2300000;48000;00-12-50
run_opt_test0_O0;2208588;48000;00-12-50
run_opt_test0_O0;2299976;48000;00-12-50
run_opt_test0_O0;2300000;48000;00-12-50
run_opt_test0_O0;2249987;50000;00-12-51
run_opt_test0_O0;2300000;50000;00-12-51
run_opt_test0_O0;2299976;50000;00-12-51
run_opt_test0_O0;2300000;50000;00-12-51
run_opt_test0_O0;2300000;50000;00-12-51
run_opt_test0_O0;2299976;50000;00-12-51
run_opt_test0_O0;2300000;50000;00-12-51
run_opt_test0_O0;2300000;50000;00-12-52
run_opt_test0_O0;2299976;48000;00-12-52
run_opt_test0_O0;2202682;48000;00-12-52
run_opt_test0_O0;2300000;48000;00-12-52
run_opt_test0_O0;2164282;48000;00-12-52
run_opt_test0_O0;2134135;48000;00-12-52
run_opt_test0_O0;2299976;48000;00-12-52
run_opt_test0_O0;2300000;48000;00-12-53
run_opt_test0_O0;2211663;48000;00-12-53
run_opt_test0_O0;2299976;48000;00-12-53
run_opt_test0_O0;2300000;48000;00-12-53
run_opt_test0_O0;2118828;48000;00-12-53
run_opt_test0_O0;2300000;48000;00-12-53
run_opt_test0_O0;2177016;48000;00-12-53
run_opt_test0_O0;2299976;48000;00-12-53
run_opt_test0_O0;2300023;48000;00-12-54
run_opt_test0_O0;2300000;48000;00-12-54
run_opt_test0_O0;2300000;50000;00-12-54
run_opt_test0_O0;2300000;50000;00-12-54
run_opt_test0_O0;2207667;50000;00-12-54
run_opt_test0_O0;2204643;50000;00-12-54
run_opt_test0_O0;2300000;50000;00-12-54
run_opt_test0_O0;2299976;50000;00-12-55
run_opt_test0_O0;2180022;50000;00-12-55
run_opt_test0_O0;2300000;50000;00-12-55
run_opt_test0_O0;2300000;48000;00-12-55
run_opt_test0_O0;2163739;48000;00-12-55
run_opt_test0_O0;2300000;48000;00-12-55
run_opt_test0_O0;2299976;48000;00-12-55
run_opt_test0_O0;2299815;48000;00-12-56
run_opt_test0_O0;2182259;48000;00-12-56
run_opt_test0_O0;2300000;48000;00-12-56
run_opt_test0_O0;2300000;48000;00-12-56
run_opt_test0_O0;2131919;48000;00-12-56
run_opt_test0_O0;2300000;48000;00-12-56
run_opt_test0_O0;2161526;48000;00-12-56
run_opt_test0_O0;2300023;48000;00-12-57
run_opt_test0_O0;2300000;48000;00-12-57
run_opt_test0_O0;2230458;48000;00-12-57
run_opt_test0_O0;2300000;48000;00-12-57
run_opt_test0_O0;2300000;48000;00-12-57
run_opt_test0_O0;2300000;48000;00-12-57
run_opt_test0_O0;2300000;48000;00-12-57
run_opt_test0_O0;2300000;48000;00-12-58
run_opt_test0_O0;2299976;48000;00-12-58
run_opt_test0_O0;2299976;48000;00-12-58
run_opt_test0_O0;2227090;48000;00-12-58
run_opt_test0_O0;2299976;48000;00-12-58
run_opt_test0_O0;2204807;48000;00-12-58
run_opt_test0_O0;2299976;48000;00-12-58
run_opt_test0_O0;2299976;48000;00-12-59
run_opt_test0_O0;2300000;48000;00-12-59
run_opt_test0_O0;2148787;48000;00-12-59
run_opt_test0_O0;2300000;48000;00-12-59
run_opt_test0_O0;2195450;48000;00-12-59
run_opt_test0_O0;2299976;48000;00-12-59
run_opt_test0_O0;2300000;48000;00-12-59
run_opt_test0_O0;2300000;48000;00-13-00
run_opt_test0_O0;2123855;48000;00-13-00
run_opt_test0_O0;2300000;48000;00-13-00
run_opt_test0_O0;2300000;48000;00-13-00
run_opt_test0_O0;2300000;48000;00-13-00
run_opt_test0_O0;2300000;48000;00-13-00
run_opt_test0_O0;2300023;48000;00-13-00
run_opt_test0_O0;2227757;48000;00-13-00
run_opt_test0_O0;2300023;48000;00-13-01
run_opt_test0_O0;2300023;48000;00-13-01
run_opt_test0_O0;2223836;48000;00-13-01
run_opt_test0_O0;2299976;48000;00-13-01
run_opt_test0_O0;2300000;48000;00-13-01
run_opt_test0_O0;2111594;48000;00-13-01
run_opt_test0_O0;2300000;48000;00-13-01
run_opt_test0_O0;2300023;48000;00-13-02
run_opt_test0_O0;2300000;48000;00-13-02
run_opt_test0_O0;2299976;48000;00-13-02
run_opt_test0_O0;2300023;48000;00-13-02
run_opt_test0_O0;2299976;48000;00-13-02
run_opt_test0_O0;2300000;48000;00-13-02
run_opt_test0_O0;2269750;48000;00-13-02
run_opt_test0_O0;2300000;48000;00-13-03
run_opt_test0_O0;2299976;48000;00-13-03
run_opt_test0_O0;2300023;48000;00-13-03
run_opt_test0_O0;2299976;48000;00-13-03
run_opt_test0_O0;2300000;48000;00-13-03
run_opt_test0_O0;2300000;48000;00-13-03
run_opt_test0_O0;2300000;48000;00-13-03
run_opt_test0_O0;2273106;48000;00-13-04
run_opt_test0_O0;2300000;48000;00-13-04
run_opt_test0_O0;2219123;48000;00-13-04
run_opt_test0_O0;2300000;48000;00-13-04
run_opt_test0_O0;2300023;48000;00-13-04
run_opt_test0_O0;2061390;48000;00-13-04
run_opt_test0_O0;2178490;48000;00-13-04
run_opt_test0_O0;2300000;48000;00-13-04
run_opt_test0_O0;2106372;48000;00-13-05
run_opt_test0_O0;2299976;48000;00-13-05
run_opt_test0_O0;2299976;48000;00-13-05
run_opt_test0_O0;2300000;48000;00-13-05
run_opt_test0_O0;2300000;48000;00-13-05
run_opt_test0_O0;2203467;48000;00-13-05
run_opt_test0_O0;2300000;48000;00-13-05
run_opt_test0_O0;2300000;48000;00-13-06
run_opt_test0_O0;2300000;48000;00-13-06
run_opt_test0_O0;2252247;48000;00-13-06
run_opt_test0_O0;2225578;48000;00-13-06
run_opt_test0_O0;2299976;48000;00-13-06
run_opt_test0_O0;2300000;48000;00-13-06
run_opt_test0_O0;2300000;48000;00-13-06
run_opt_test0_O0;2299976;48000;00-13-07
run_opt_test0_O0;2300023;48000;00-13-07
run_opt_test0_O0;2300000;48000;00-13-07
run_opt_test0_O0;2299976;48000;00-13-07
run_opt_test0_O0;2300000;48000;00-13-07
run_opt_test0_O0;2300023;48000;00-13-07
run_opt_test0_O0;2300000;48000;00-13-07
run_opt_test0_O0;2300000;48000;00-13-08
run_opt_test0_O0;2300023;48000;00-13-08
run_opt_test0_O0;2299976;48000;00-13-08
run_opt_test0_O0;2118548;48000;00-13-08
run_opt_test0_O0;2300000;48000;00-13-08
run_opt_test0_O0;2299976;48000;00-13-08
run_opt_test0_O0;2299976;48000;00-13-08
run_opt_test0_O0;2211674;48000;00-13-09
run_opt_test0_O0;2300023;48000;00-13-09
run_opt_test0_O0;2299976;48000;00-13-09
run_opt_test0_O0;2179318;48000;00-13-09
run_opt_test0_O0;2300000;48000;00-13-09
run_opt_test0_O0;2300000;48000;00-13-09
run_opt_test0_O0;2300000;48000;00-13-09
run_opt_test0_O0;2300023;48000;00-13-10
run_opt_test0_O0;2300000;48000;00-13-10
run_opt_test0_O0;2300000;48000;00-13-10
run_opt_test0_O0;2300000;48000;00-13-10
run_opt_test0_O0;2299976;48000;00-13-10
run_opt_test0_O0;2300023;48000;00-13-10
run_opt_test0_O0;2205234;48000;00-13-10
run_opt_test0_O0;2299976;48000;00-13-10
run_opt_test0_O0;2300023;48000;00-13-11
run_opt_test0_O0;2261077;48000;00-13-11
run_opt_test0_O0;2299976;48000;00-13-11
run_opt_test0_O0;2121676;48000;00-13-11
run_opt_test0_O0;2300000;48000;00-13-11
run_opt_test0_O0;2218316;48000;00-13-11
run_opt_test0_O0;2300000;48000;00-13-11
run_opt_test0_O0;2183327;48000;00-13-12
run_opt_test0_O0;2263101;48000;00-13-12
run_opt_test0_O0;2300000;48000;00-13-12
run_opt_test0_O0;2239660;48000;00-13-12
run_opt_test0_O0;2300000;48000;00-13-12
run_opt_test0_O0;2300000;48000;00-13-12
run_opt_test0_O0;2300000;48000;00-13-12
run_opt_test0_O0;2300000;48000;00-13-13
run_opt_test0_O0;2300000;48000;00-13-13
run_opt_test0_O0;2300000;48000;00-13-13
run_opt_test0_O0;2300000;48000;00-13-13
run_opt_test0_O0;2300000;48000;00-13-13
run_opt_test0_O0;2300023;48000;00-13-13
run_opt_test0_O0;2300000;48000;00-13-13
run_opt_test0_O0;2300000;48000;00-13-14
run_opt_test0_O0;2300000;48000;00-13-14
run_opt_test0_O0;2300000;48000;00-13-14
run_opt_test0_O0;2300000;48000;00-13-14
run_opt_test0_O0;2141168;48000;00-13-14
run_opt_test0_O0;2207728;48000;00-13-14
run_opt_test0_O0;2300000;48000;00-13-14
run_opt_test0_O0;2300000;48000;00-13-15
run_opt_test0_O0;2300000;48000;00-13-15
run_opt_test0_O0;2300023;48000;00-13-15
run_opt_test0_O0;2300000;48000;00-13-15
run_opt_test0_O0;2300023;48000;00-13-15
run_opt_test0_O0;2282159;48000;00-13-15
run_opt_test0_O0;2300023;48000;00-13-15
run_opt_test0_O0;2300000;48000;00-13-15
run_opt_test0_O0;2300000;48000;00-13-16
run_opt_test0_O0;2299976;48000;00-13-16
run_opt_test0_O0;2300000;48000;00-13-16
run_opt_test0_O0;2300000;48000;00-13-16
run_opt_test0_O0;2300000;48000;00-13-16
run_opt_test0_O0;2299976;48000;00-13-16
run_opt_test0_O0;2300000;48000;00-13-16
run_opt_test0_O0;2300000;48000;00-13-17
run_opt_test0_O0;2300023;48000;00-13-17
run_opt_test0_O0;2300000;48000;00-13-17
run_opt_test0_O0;2300023;48000;00-13-17
run_opt_test0_O0;2239238;48000;00-13-17
run_opt_test0_O0;2214144;48000;00-13-17
run_opt_test0_O0;2300000;48000;00-13-17
run_opt_test0_O0;2300000;48000;00-13-18
run_opt_test0_O0;2300000;48000;00-13-18
run_opt_test0_O0;2212273;48000;00-13-18
run_opt_test0_O0;2192461;48000;00-13-18
run_opt_test0_O0;2300023;48000;00-13-18
run_opt_test0_O0;2300000;48000;00-13-18
run_opt_test0_O0;2300000;48000;00-13-18
run_opt_test0_O0;2300000;48000;00-13-19
run_opt_test0_O0;2300000;48000;00-13-19
run_opt_test0_O0;2300023;48000;00-13-19
run_opt_test0_O0;2147572;48000;00-13-19
run_opt_test0_O0;2300023;48000;00-13-19
run_opt_test0_O0;2300023;48000;00-13-19
run_opt_test0_O0;2300000;48000;00-13-19
run_opt_test0_O0;2129082;48000;00-13-20
run_opt_test0_O0;2300000;48000;00-13-20
run_opt_test0_O0;2300000;48000;00-13-20
run_opt_test0_O0;2209462;48000;00-13-20
run_opt_test0_O0;2152033;48000;00-13-20
run_opt_test0_O0;2300023;48000;00-13-20
run_opt_test0_O0;2300000;48000;00-13-20
run_opt_test0_O0;2300000;48000;00-13-21
run_opt_test0_O0;2300023;48000;00-13-21
run_opt_test0_O0;2300000;48000;00-13-21
run_opt_test0_O0;2300000;48000;00-13-21
run_opt_test0_O0;2300023;48000;00-13-21
run_opt_test0_O0;2208547;48000;00-13-21
run_opt_test0_O0;2136664;48000;00-13-21
run_opt_test0_O0;2212361;48000;00-13-21
run_opt_test0_O0;2300000;48000;00-13-22
run_opt_test0_O0;2300023;48000;00-13-22
run_opt_test0_O0;2300000;48000;00-13-22
run_opt_test0_O0;2300000;48000;00-13-22
run_opt_test0_O0;2300000;48000;00-13-22
run_opt_test0_O0;2300023;48000;00-13-22
run_opt_test0_O0;2224403;48000;00-13-22
run_opt_test0_O0;2300000;48000;00-13-23
run_opt_test0_O0;2160128;48000;00-13-23
run_opt_test0_O0;2300023;48000;00-13-23
run_opt_test0_O0;2300000;48000;00-13-23
run_opt_test0_O0;2300000;48000;00-13-23
run_opt_test0_O0;2300000;48000;00-13-23
run_opt_test0_O0;2299976;48000;00-13-23
run_opt_test0_O0;2149174;48000;00-13-24
run_opt_test0_O0;2299976;48000;00-13-24
run_opt_test0_O0;2300000;48000;00-13-24
run_opt_test0_O0;2300023;48000;00-13-24
run_opt_test0_O0;2300000;48000;00-13-24
run_opt_test0_O0;2145104;48000;00-13-24
run_opt_test0_O0;2300000;48000;00-13-24
run_opt_test0_O0;2300000;48000;00-13-24
run_opt_test0_O0;2212952;48000;00-13-25
run_opt_test0_O0;2300000;48000;00-13-25
run_opt_test0_O0;2300000;48000;00-13-25
run_opt_test0_O0;2300023;48000;00-13-25
run_opt_test0_O0;2300023;48000;00-13-25
run_opt_test0_O0;2300023;48000;00-13-25
run_opt_test0_O0;2300000;48000;00-13-25
run_opt_test0_O0;2300023;48000;00-13-26
run_opt_test0_O0;2246613;48000;00-13-26
run_opt_test0_O0;2300000;48000;00-13-26
run_opt_test0_O0;2299976;48000;00-13-26
run_opt_test0_O0;2292017;48000;00-13-26
run_opt_test0_O0;2300000;48000;00-13-26
run_opt_test0_O0;2224213;48000;00-13-26
run_opt_test0_O0;2300000;48000;00-13-27
run_opt_test0_O0;2103926;48000;00-13-27
run_opt_test0_O0;2299976;48000;00-13-27
run_opt_test0_O0;2300000;48000;00-13-27
run_opt_test0_O0;2300000;48000;00-13-27
run_opt_test0_O0;2299976;48000;00-13-27
run_opt_test0_O0;2300000;48000;00-13-27
run_opt_test0_O0;2218803;48000;00-13-28
run_opt_test0_O0;2299976;48000;00-13-28
run_opt_test0_O0;2300000;48000;00-13-28
run_opt_test0_O0;2300000;48000;00-13-28
run_opt_test0_O0;2300000;48000;00-13-28
run_opt_test0_O0;2300000;48000;00-13-28
run_opt_test0_O0;2300000;48000;00-13-28
run_opt_test0_O0;2203558;48000;00-13-29
run_opt_test0_O0;2300046;48000;00-13-29
run_opt_test0_O0;2300000;48000;00-13-29
run_opt_test0_O0;2207991;48000;00-13-29
run_opt_test0_O0;2300000;48000;00-13-29
run_opt_test0_O0;2226502;48000;00-13-29
run_opt_test0_O0;2203295;48000;00-13-29
run_opt_test0_O0;2300023;48000;00-13-29
run_opt_test0_O0;2203609;48000;00-13-30
run_opt_test0_O0;2300000;48000;00-13-30
run_opt_test0_O0;2300000;48000;00-13-30
run_opt_test0_O0;2300000;48000;00-13-30
run_opt_test0_O0;2300000;48000;00-13-30
run_opt_test0_O0;2300000;48000;00-13-30
run_opt_test0_O0;2300000;48000;00-13-30
run_opt_test0_O0;2147963;48000;00-13-31
run_opt_test0_O0;2300000;48000;00-13-31
run_opt_test0_O0;2219393;48000;00-13-31
run_opt_test0_O0;2300000;48000;00-13-31
run_opt_test0_O0;2300000;48000;00-13-31
run_opt_test0_O0;2215836;48000;00-13-31
run_opt_test0_O0;2199935;48000;00-13-31
run_opt_test0_O0;2246544;48000;00-13-32
run_opt_test0_O0;2235327;48000;00-13-32
run_opt_test0_O0;2300000;48000;00-13-32
run_opt_test0_O0;2226069;48000;00-13-32
run_opt_test0_O0;2300023;48000;00-13-32
run_opt_test0_O0;2300000;48000;00-13-32
run_opt_test0_O0;2299976;48000;00-13-32
run_opt_test0_O0;2270593;48000;00-13-33
run_opt_test0_O0;2209957;48000;00-13-33
run_opt_test0_O0;2300000;48000;00-13-33
run_opt_test0_O0;2300000;48000;00-13-33
run_opt_test0_O0;2300000;48000;00-13-33
run_opt_test0_O0;2136948;48000;00-13-33
run_opt_test0_O0;2201659;48000;00-13-33
run_opt_test0_O0;2300000;48000;00-13-34
run_opt_test0_O0;2236086;48000;00-13-34
run_opt_test0_O0;2300000;48000;00-13-34
run_opt_test0_O0;2299976;48000;00-13-34
run_opt_test0_O0;2300023;48000;00-13-34
run_opt_test0_O0;2207673;48000;00-13-34
run_opt_test0_O0;2299976;48000;00-13-34
run_opt_test0_O0;2299976;48000;00-13-35
run_opt_test0_O0;2275261;48000;00-13-35
run_opt_test0_O0;2266467;48000;00-13-35
run_opt_test0_O0;2192147;48000;00-13-35
run_opt_test0_O0;2300023;48000;00-13-35
run_opt_test0_O0;2199945;48000;00-13-35
run_opt_test0_O0;2300000;48000;00-13-35
run_opt_test0_O0;2299976;48000;00-13-35
run_opt_test0_O0;2299976;48000;00-13-36
run_opt_test0_O0;2299976;48000;00-13-36
run_opt_test0_O0;2300000;48000;00-13-36
run_opt_test0_O0;2300000;48000;00-13-36
run_opt_test0_O0;2299976;48000;00-13-36
run_opt_test0_O0;2300000;48000;00-13-36
run_opt_test0_O0;2300000;48000;00-13-36
run_opt_test0_O0;2300023;48000;00-13-37
run_opt_test0_O0;2300000;48000;00-13-37
run_opt_test0_O0;2202668;48000;00-13-37
run_opt_test0_O0;2300000;48000;00-13-37
run_opt_test0_O0;2300000;48000;00-13-37
run_opt_test0_O0;2300000;48000;00-13-37
run_opt_test0_O0;2181671;48000;00-13-37
run_opt_test0_O0;2300000;48000;00-13-38
run_opt_test0_O0;2300000;48000;00-13-38
run_opt_test0_O0;2300000;48000;00-13-38
run_opt_test0_O0;2192403;48000;00-13-38
run_opt_test0_O0;2300000;48000;00-13-38
run_opt_test0_O0;2300000;48000;00-13-38
run_opt_test0_O0;2300000;48000;00-13-38
run_opt_test0_O0;2300000;48000;00-13-39
run_opt_test0_O0;2300000;48000;00-13-39
run_opt_test0_O0;2300023;48000;00-13-39
run_opt_test0_O0;2300000;48000;00-13-39
run_opt_test0_O0;2299976;48000;00-13-39
run_opt_test0_O0;2300000;48000;00-13-39
run_opt_test0_O0;2300000;48000;00-13-39
run_opt_test0_O0;2289231;48000;00-13-39
run_opt_test0_O0;2300000;48000;00-13-40
run_opt_test0_O0;2300000;48000;00-13-40
run_opt_test0_O0;2300000;48000;00-13-40
run_opt_test0_O0;2300000;48000;00-13-40
run_opt_test0_O0;2300000;48000;00-13-40
run_opt_test0_O0;2299976;48000;00-13-40
run_opt_test0_O0;2300000;48000;00-13-40
run_opt_test0_O0;2300000;48000;00-13-41
run_opt_test0_O0;2300000;48000;00-13-41
run_opt_test0_O0;2299976;48000;00-13-41
run_opt_test0_O0;2300000;48000;00-13-41
run_opt_test0_O0;2138709;48000;00-13-41
run_opt_test0_O0;2220946;48000;00-13-41
run_opt_test0_O0;2300000;48000;00-13-41
run_opt_test0_O0;2299976;48000;00-13-42
run_opt_test0_O0;2244955;48000;00-13-42
run_opt_test0_O0;2300000;48000;00-13-42
run_opt_test0_O0;2300000;48000;00-13-42
run_opt_test0_O0;2150129;48000;00-13-42
run_opt_test0_O0;2300000;48000;00-13-42
run_opt_test0_O0;2300000;48000;00-13-42
run_opt_test0_O0;2128174;48000;00-13-43
run_opt_test0_O0;2299976;48000;00-13-43
run_opt_test0_O0;2300000;48000;00-13-43
run_opt_test0_O0;2300000;48000;00-13-43
run_opt_test0_O0;2300023;48000;00-13-43
run_opt_test0_O0;2153442;48000;00-13-43
run_opt_test0_O0;2300000;48000;00-13-43
run_opt_test0_O0;2300000;48000;00-13-44
run_opt_test0_O0;2260242;48000;00-13-44
run_opt_test0_O0;2300000;48000;00-13-44
run_opt_test0_O0;2299976;48000;00-13-44
run_opt_test0_O0;2300000;48000;00-13-44
run_opt_test0_O0;2161639;48000;00-13-44
run_opt_test0_O0;2106941;48000;00-13-44
run_opt_test0_O0;2300000;48000;00-13-45
run_opt_test0_O0;2300000;48000;00-13-45
run_opt_test0_O0;2300000;48000;00-13-45
run_opt_test0_O0;2124436;48000;00-13-45
run_opt_test0_O0;2300000;48000;00-13-45
run_opt_test0_O0;2300000;48000;00-13-45
run_opt_test0_O0;2300000;48000;00-13-45
run_opt_test0_O0;2300023;48000;00-13-45
run_opt_test0_O0;2226966;48000;00-13-46
run_opt_test0_O0;2136099;48000;00-13-46
run_opt_test0_O0;2300000;48000;00-13-46
run_opt_test0_O0;2221980;48000;00-13-46
run_opt_test0_O0;2299976;48000;00-13-46
run_opt_test0_O0;2300000;48000;00-13-46
run_opt_test0_O0;2300000;48000;00-13-46
run_opt_test0_O0;2300000;48000;00-13-47
run_opt_test0_O0;2300000;48000;00-13-47
run_opt_test0_O0;2300000;48000;00-13-47
run_opt_test0_O0;2300023;48000;00-13-47
run_opt_test0_O0;2300000;48000;00-13-47
run_opt_test0_O0;2203195;48000;00-13-47
run_opt_test0_O0;2300000;48000;00-13-47
run_opt_test0_O0;2204442;48000;00-13-48
run_opt_test0_O0;2300000;48000;00-13-48
run_opt_test0_O0;2197843;48000;00-13-48
run_opt_test0_O0;2300023;48000;00-13-48
run_opt_test0_O0;2139612;48000;00-13-48
run_opt_test0_O0;2300000;48000;00-13-48
run_opt_test0_O0;2300000;48000;00-13-48
run_opt_test0_O0;2300000;48000;00-13-49
run_opt_test0_O0;2300000;48000;00-13-49
run_opt_test0_O0;2125147;48000;00-13-49
run_opt_test0_O0;2180230;48000;00-13-49
run_opt_test0_O0;2300000;48000;00-13-49
run_opt_test0_O0;2214569;48000;00-13-49
run_opt_test0_O0;2300023;48000;00-13-49
run_opt_test0_O0;2300023;48000;00-13-49
run_opt_test0_O0;2300000;48000;00-13-50
run_opt_test0_O0;2300000;48000;00-13-50
run_opt_test0_O0;2300000;48000;00-13-50
run_opt_test0_O0;2299976;48000;00-13-50
run_opt_test0_O0;2238192;48000;00-13-50
run_opt_test0_O0;2300000;48000;00-13-50
run_opt_test0_O0;2300000;48000;00-13-50
run_opt_test0_O0;2300000;48000;00-13-51
run_opt_test0_O0;2299976;48000;00-13-51
run_opt_test0_O0;2300000;48000;00-13-51
run_opt_test0_O0;2213372;48000;00-13-51
run_opt_test0_O0;2207055;48000;00-13-51
run_opt_test0_O0;2300000;48000;00-13-51
run_opt_test0_O0;2300023;48000;00-13-51
run_opt_test0_O0;2300000;48000;00-13-52
run_opt_test0_O0;2155410;48000;00-13-52
run_opt_test0_O0;2111682;48000;00-13-52
run_opt_test0_O0;2300000;48000;00-13-52
run_opt_test0_O0;2300000;48000;00-13-52
run_opt_test0_O0;2300000;48000;00-13-52
run_opt_test0_O0;2228138;48000;00-13-52
run_opt_test0_O0;2210497;48000;00-13-53
run_opt_test0_O0;2300000;48000;00-13-53
run_opt_test0_O0;2299976;48000;00-13-53
run_opt_test0_O0;2299976;48000;00-13-53
run_opt_test0_O0;2292960;48000;00-13-53
run_opt_test0_O0;2299976;48000;00-13-53
run_opt_test0_O0;2299976;48000;00-13-53
run_opt_test0_O0;2300000;48000;00-13-54
run_opt_test0_O0;2273024;48000;00-13-54
run_opt_test0_O0;2127667;48000;00-13-54
run_opt_test0_O0;2202715;48000;00-13-54
run_opt_test0_O0;2209625;48000;00-13-54
run_opt_test0_O0;2299976;48000;00-13-54
run_opt_test0_O0;2300000;48000;00-13-54
run_opt_test0_O0;2300000;48000;00-13-55
run_opt_test0_O0;2300000;48000;00-13-55
run_opt_test0_O0;2142333;48000;00-13-55
run_opt_test0_O0;2300000;48000;00-13-55
run_opt_test0_O0;2299976;48000;00-13-55
run_opt_test0_O0;2226505;48000;00-13-55
run_opt_test0_O0;2300000;48000;00-13-55
run_opt_test0_O0;2299976;48000;00-13-56
run_opt_test0_O0;2300000;48000;00-13-56
run_opt_test0_O0;2300023;48000;00-13-56
run_opt_test0_O0;2299976;48000;00-13-56
run_opt_test0_O0;2300023;48000;00-13-56
run_opt_test0_O0;2300000;48000;00-13-56
run_opt_test0_O0;2094851;48000;00-13-56
run_opt_test0_O0;2300000;48000;00-13-56
run_opt_test0_O0;2300023;48000;00-13-57
run_opt_test0_O0;2300023;48000;00-13-57
run_opt_test0_O0;2111241;48000;00-13-57
run_opt_test0_O0;2219045;48000;00-13-57
run_opt_test0_O0;2205959;48000;00-13-57
run_opt_test0_O0;2300023;48000;00-13-57
run_opt_test0_O0;2300000;48000;00-13-57
run_opt_test0_O0;2300000;48000;00-13-58
run_opt_test0_O0;2299976;48000;00-13-58
run_opt_test0_O0;2300000;48000;00-13-58
run_opt_test0_O0;2300000;48000;00-13-58
run_opt_test0_O0;2300000;48000;00-13-58
run_opt_test0_O0;2300000;48000;00-13-58
run_opt_test0_O0;2300000;48000;00-13-58
run_opt_test0_O0;2300023;48000;00-13-59
run_opt_test0_O0;2225287;48000;00-13-59
run_opt_test0_O0;2212515;48000;00-13-59
run_opt_test0_O0;2172764;48000;00-13-59
run_opt_test0_O0;2300000;48000;00-13-59
run_opt_test0_O0;2078471;48000;00-13-59
run_opt_test0_O0;2300000;48000;00-13-59
run_opt_test0_O0;2203075;48000;00-14-00
run_opt_test0_O0;2130301;48000;00-14-00
run_opt_test0_O0;2300000;48000;00-14-00
run_opt_test0_O0;2300000;48000;00-14-00
run_opt_test0_O0;2300000;48000;00-14-00
run_opt_test0_O0;2300023;48000;00-14-00
run_opt_test0_O0;2300023;48000;00-14-00
run_opt_test0_O0;2299976;48000;00-14-01
run_opt_test0_O0;2300023;48000;00-14-01
run_opt_test0_O0;2300000;48000;00-14-01
run_opt_test0_O0;2146982;48000;00-14-01
run_opt_test0_O0;2300000;48000;00-14-01
run_opt_test0_O0;2300000;48000;00-14-01
run_opt_test0_O0;2209996;48000;00-14-01
run_opt_test0_O0;2300023;48000;00-14-02
run_opt_test0_O0;2147425;48000;00-14-02
run_opt_test0_O0;2202471;48000;00-14-02
run_opt_test0_O0;2300000;48000;00-14-02
run_opt_test0_O0;2300023;48000;00-14-02
run_opt_test0_O0;2203292;48000;00-14-02
run_opt_test0_O0;2300000;46000;00-14-02
run_opt_test0_O0;2198544;46000;00-14-03
run_opt_test0_O0;2300000;46000;00-14-03
run_opt_test0_O0;2162199;46000;00-14-03
run_opt_test0_O0;2300023;46000;00-14-03
run_opt_test0_O0;2300000;46000;00-14-03
run_opt_test0_O0;2300000;46000;00-14-03
run_opt_test0_O0;2299976;46000;00-14-03
run_opt_test0_O0;2223270;46000;00-14-03
run_opt_test0_O0;2241095;46000;00-14-04
run_opt_test0_O0;2300000;46000;00-14-04
run_opt_test0_O0;2300000;46000;00-14-04
run_opt_test0_O0;2300000;46000;00-14-04
run_opt_test0_O0;2300000;46000;00-14-04
run_opt_test0_O0;2300000;46000;00-14-04
run_opt_test0_O0;2223718;46000;00-14-04
run_opt_test0_O0;2115451;46000;00-14-05
run_opt_test0_O0;2202946;46000;00-14-05
run_opt_test0_O0;2300000;46000;00-14-05
run_opt_test0_O0;2299976;46000;00-14-05
run_opt_test0_O0;2300023;46000;00-14-05
run_opt_test0_O0;2300000;46000;00-14-05
run_opt_test0_O0;2299976;46000;00-14-05
run_opt_test0_O0;2300023;46000;00-14-06
run_opt_test0_O0;2299976;48000;00-14-06
run_opt_test0_O0;2234594;48000;00-14-06
run_opt_test0_O0;2300000;48000;00-14-06
run_opt_test0_O0;2300000;48000;00-14-06
run_opt_test0_O0;2214719;48000;00-14-06
run_opt_test0_O0;2300000;48000;00-14-06
run_opt_test0_O0;2300000;48000;00-14-07
run_opt_test0_O0;2232295;48000;00-14-07
run_opt_test0_O0;2300023;48000;00-14-07
run_opt_test0_O0;2300023;48000;00-14-07
run_opt_test0_O0;2271169;48000;00-14-07
run_opt_test0_O0;2200861;48000;00-14-07
run_opt_test0_O0;2300000;48000;00-14-07
run_opt_test0_O0;2299976;48000;00-14-08
run_opt_test0_O0;2300000;48000;00-14-08
run_opt_test0_O0;2300023;48000;00-14-08
run_opt_test0_O0;2300000;46000;00-14-08
run_opt_test0_O0;2300000;46000;00-14-08
run_opt_test0_O0;2300000;46000;00-14-08
run_opt_test0_O0;2146871;46000;00-14-08
run_opt_test0_O0;2299976;46000;00-14-09
run_opt_test0_O0;2300000;46000;00-14-09
run_opt_test0_O0;2224826;46000;00-14-09
run_opt_test0_O0;2300023;46000;00-14-09
run_opt_test0_O0;2299976;48000;00-14-09
run_opt_test0_O0;2299976;48000;00-14-09
run_opt_test0_O0;2109360;48000;00-14-09
run_opt_test0_O0;2300000;48000;00-14-09
run_opt_test0_O0;2300000;48000;00-14-10
run_opt_test0_O0;2299976;48000;00-14-10
run_opt_test0_O0;2300000;48000;00-14-10
run_opt_test0_O0;2203287;48000;00-14-10
run_opt_test0_O0;2300000;48000;00-14-10
run_opt_test0_O0;2241647;48000;00-14-10
run_opt_test0_O0;2300000;48000;00-14-10
run_opt_test0_O0;2204521;48000;00-14-11
run_opt_test0_O0;2300046;48000;00-14-11
run_opt_test0_O0;2213686;48000;00-14-11
run_opt_test0_O0;2299976;48000;00-14-11
run_opt_test0_O0;2300023;48000;00-14-11
run_opt_test0_O0;2194293;48000;00-14-11
run_opt_test0_O0;2300000;48000;00-14-11
run_opt_test0_O0;2299976;48000;00-14-12
run_opt_test0_O0;2102230;48000;00-14-12
run_opt_test0_O0;2300000;48000;00-14-12
run_opt_test0_O0;2103529;48000;00-14-12
run_opt_test0_O0;2300000;48000;00-14-12
run_opt_test0_O0;2300023;46000;00-14-12
run_opt_test0_O0;2300023;46000;00-14-12
run_opt_test0_O0;2231063;46000;00-14-13
run_opt_test0_O0;2300000;46000;00-14-13
run_opt_test0_O0;2300000;46000;00-14-13
run_opt_test0_O0;2300000;46000;00-14-13
run_opt_test0_O0;2300000;46000;00-14-13
run_opt_test0_O0;2300000;46000;00-14-13
run_opt_test0_O0;2299976;48000;00-14-13
run_opt_test0_O0;2300000;48000;00-14-14
run_opt_test0_O0;2300000;48000;00-14-14
run_opt_test0_O0;2300000;48000;00-14-14
run_opt_test0_O0;2300000;48000;00-14-14
run_opt_test0_O0;2299976;48000;00-14-14
run_opt_test0_O0;2299976;48000;00-14-14
run_opt_test0_O0;2300000;48000;00-14-14
run_opt_test0_O0;2276110;48000;00-14-15
run_opt_test0_O0;2300000;48000;00-14-15
run_opt_test0_O0;2300000;48000;00-14-15
run_opt_test0_O0;2116871;48000;00-14-15
run_opt_test0_O0;2299976;48000;00-14-15
run_opt_test0_O0;2299976;48000;00-14-15
run_opt_test0_O0;2299976;48000;00-14-15
run_opt_test0_O0;2136889;48000;00-14-16
run_opt_test0_O0;2202040;48000;00-14-16
run_opt_test0_O0;2300000;48000;00-14-16
run_opt_test0_O0;2300000;48000;00-14-16
run_opt_test0_O0;2300023;48000;00-14-16
run_opt_test0_O0;2299976;48000;00-14-16
run_opt_test0_O0;2272448;48000;00-14-16
run_opt_test0_O0;2243099;48000;00-14-16
run_opt_test0_O0;2299976;48000;00-14-17
run_opt_test0_O0;2299976;48000;00-14-17
run_opt_test0_O0;2119186;48000;00-14-17
run_opt_test0_O0;2300000;48000;00-14-17
run_opt_test0_O0;2295558;48000;00-14-17
run_opt_test0_O0;2300000;48000;00-14-17
run_opt_test0_O0;2300023;48000;00-14-17
run_opt_test0_O0;2300000;48000;00-14-18
run_opt_test0_O0;2299976;48000;00-14-18
run_opt_test0_O0;2300000;48000;00-14-18
run_opt_test0_O0;2299976;48000;00-14-18
run_opt_test0_O0;2299976;48000;00-14-18
run_opt_test0_O0;2199090;48000;00-14-18
run_opt_test0_O0;2231995;48000;00-14-18
run_opt_test0_O0;2300023;48000;00-14-19
run_opt_test0_O0;2300000;48000;00-14-19
run_opt_test0_O0;2300000;48000;00-14-19
run_opt_test0_O0;2300000;48000;00-14-19
run_opt_test0_O0;2300000;48000;00-14-19
run_opt_test0_O0;2300000;48000;00-14-19
run_opt_test0_O0;2300000;48000;00-14-19
run_opt_test0_O0;2219351;48000;00-14-20
run_opt_test0_O0;2159572;48000;00-14-20
run_opt_test0_O0;2300023;48000;00-14-20
run_opt_test0_O0;2300023;48000;00-14-20
run_opt_test0_O0;2300000;48000;00-14-20
run_opt_test0_O0;2300000;48000;00-14-20
run_opt_test0_O0;2248109;48000;00-14-20
run_opt_test0_O0;2300000;48000;00-14-20
run_opt_test0_O0;2300000;48000;00-14-21
run_opt_test0_O0;2131740;48000;00-14-21
run_opt_test0_O0;2299976;48000;00-14-21
run_opt_test0_O0;2300000;48000;00-14-21
run_opt_test0_O0;2300000;48000;00-14-21
run_opt_test0_O0;2299976;48000;00-14-21
run_opt_test0_O0;2300000;48000;00-14-21
run_opt_test0_O0;2299976;48000;00-14-22
run_opt_test0_O0;2194604;48000;00-14-22
run_opt_test0_O0;2300000;48000;00-14-22
run_opt_test0_O0;2300000;48000;00-14-22
run_opt_test0_O0;2300000;48000;00-14-22
run_opt_test0_O0;2300000;48000;00-14-22
run_opt_test0_O0;2300023;48000;00-14-22
run_opt_test0_O0;2299976;48000;00-14-23
run_opt_test0_O0;2256309;48000;00-14-23
run_opt_test0_O0;2300023;48000;00-14-23
run_opt_test0_O0;2300000;48000;00-14-23
run_opt_test0_O0;2299976;48000;00-14-23
run_opt_test0_O0;2299976;48000;00-14-23
run_opt_test0_O0;2300000;48000;00-14-23
run_opt_test0_O0;2300000;48000;00-14-24
run_opt_test0_O0;2300000;48000;00-14-24
run_opt_test0_O0;2300023;48000;00-14-24
run_opt_test0_O0;2300023;48000;00-14-24
run_opt_test0_O0;2300000;48000;00-14-24
run_opt_test0_O0;2300000;48000;00-14-24
run_opt_test0_O0;2300000;48000;00-14-24
run_opt_test0_O0;2300000;48000;00-14-25
run_opt_test0_O0;2300000;48000;00-14-25
run_opt_test0_O0;2300000;48000;00-14-25
run_opt_test0_O0;2299976;48000;00-14-25
run_opt_test0_O0;2092058;48000;00-14-25
run_opt_test0_O0;2300000;48000;00-14-25
run_opt_test0_O0;2300000;48000;00-14-25
run_opt_test0_O0;2180425;48000;00-14-25
run_opt_test0_O0;2300000;48000;00-14-26
run_opt_test0_O0;2300000;48000;00-14-26
run_opt_test0_O0;2214857;48000;00-14-26
run_opt_test0_O0;2300000;48000;00-14-26
run_opt_test0_O0;2300000;48000;00-14-26
run_opt_test0_O0;2194281;48000;00-14-26
run_opt_test0_O0;2299976;48000;00-14-26
run_opt_test0_O0;2299976;48000;00-14-27
run_opt_test0_O0;2300000;48000;00-14-27
run_opt_test0_O0;2300000;48000;00-14-27
run_opt_test0_O0;2228209;48000;00-14-27
run_opt_test0_O0;2300023;48000;00-14-27
run_opt_test0_O0;2115877;48000;00-14-27
run_opt_test0_O0;2299976;48000;00-14-27
run_opt_test0_O0;2294341;48000;00-14-28
run_opt_test0_O0;2279252;48000;00-14-28
run_opt_test0_O0;2218170;48000;00-14-28
run_opt_test0_O0;2300000;48000;00-14-28
run_opt_test0_O0;2300000;48000;00-14-28
run_opt_test0_O0;2300000;48000;00-14-28
run_opt_test0_O0;2299976;48000;00-14-28
run_opt_test0_O0;2299976;48000;00-14-29
run_opt_test0_O0;2138222;48000;00-14-29
run_opt_test0_O0;2300000;48000;00-14-29
run_opt_test0_O0;2100207;48000;00-14-29
run_opt_test0_O0;2300023;48000;00-14-29
run_opt_test0_O0;2300000;48000;00-14-29
run_opt_test0_O0;2300023;48000;00-14-29
run_opt_test0_O0;2300000;48000;00-14-30
run_opt_test0_O0;2300000;48000;00-14-30
run_opt_test0_O0;2300000;48000;00-14-30
run_opt_test0_O0;2300000;48000;00-14-30
run_opt_test0_O0;2221710;48000;00-14-30
run_opt_test0_O0;2299976;48000;00-14-30
run_opt_test0_O0;2288000;48000;00-14-30
run_opt_test0_O0;2129791;48000;00-14-30
run_opt_test0_O0;2300000;48000;00-14-31
run_opt_test0_O0;2300000;48000;00-14-31
run_opt_test0_O0;2113303;48000;00-14-31
run_opt_test0_O0;2222901;48000;00-14-31
run_opt_test0_O0;2184655;46000;00-14-31
run_opt_test0_O0;2300000;46000;00-14-31
run_opt_test0_O0;2300000;46000;00-14-31
run_opt_test0_O0;2132338;46000;00-14-32
run_opt_test0_O0;2300023;46000;00-14-32
run_opt_test0_O0;2300023;46000;00-14-32
run_opt_test0_O0;2300023;46000;00-14-32
run_opt_test0_O0;2300023;46000;00-14-32
run_opt_test0_O0;2300000;48000;00-14-32
run_opt_test0_O0;2300000;48000;00-14-32
run_opt_test0_O0;2299976;48000;00-14-33
run_opt_test0_O0;2215741;48000;00-14-33
run_opt_test0_O0;2300023;48000;00-14-33
run_opt_test0_O0;2299953;48000;00-14-33
run_opt_test0_O0;2299976;48000;00-14-33
run_opt_test0_O0;2300000;48000;00-14-33
run_opt_test0_O0;2300000;48000;00-14-33
run_opt_test0_O0;2300000;48000;00-14-34
run_opt_test0_O0;2300023;48000;00-14-34
run_opt_test0_O0;2300000;48000;00-14-34
run_opt_test0_O0;2225724;48000;00-14-34
run_opt_test0_O0;2299976;48000;00-14-34
run_opt_test0_O0;2300000;48000;00-14-34
run_opt_test0_O0;2300000;48000;00-14-34
run_opt_test0_O0;2300023;46000;00-14-35
run_opt_test0_O0;2150388;46000;00-14-35
run_opt_test0_O0;2300000;46000;00-14-35
run_opt_test0_O0;2300023;46000;00-14-35
run_opt_test0_O0;2300000;46000;00-14-35
run_opt_test0_O0;2300023;46000;00-14-35
run_opt_test0_O0;2199660;46000;00-14-35
run_opt_test0_O0;2300023;46000;00-14-36
run_opt_test0_O0;2196819;48000;00-14-36
run_opt_test0_O0;2300000;48000;00-14-36
run_opt_test0_O0;2300000;48000;00-14-36
run_opt_test0_O0;2300023;48000;00-14-36
run_opt_test0_O0;2300000;48000;00-14-36
run_opt_test0_O0;2248541;48000;00-14-36
run_opt_test0_O0;2123652;48000;00-14-36
run_opt_test0_O0;2300000;48000;00-14-37
run_opt_test0_O0;2207216;48000;00-14-37
run_opt_test0_O0;2299976;48000;00-14-37
run_opt_test0_O0;2300023;48000;00-14-37
run_opt_test0_O0;2300023;48000;00-14-37
run_opt_test0_O0;2184122;48000;00-14-37
run_opt_test0_O0;2299953;48000;00-14-37
run_opt_test0_O0;2300000;48000;00-14-38
run_opt_test0_O0;2300000;48000;00-14-38
run_opt_test0_O0;2300023;48000;00-14-38
run_opt_test0_O0;2245336;48000;00-14-38
run_opt_test0_O0;2204360;48000;00-14-38
run_opt_test0_O0;2300000;48000;00-14-38
run_opt_test0_O0;2300023;48000;00-14-38
run_opt_test0_O0;2300000;48000;00-14-39
run_opt_test0_O0;2300023;48000;00-14-39
run_opt_test0_O0;2299976;48000;00-14-39
run_opt_test0_O0;2300000;48000;00-14-39
run_opt_test0_O0;2299976;48000;00-14-39
run_opt_test0_O0;2300000;48000;00-14-39
run_opt_test0_O0;2193927;48000;00-14-39
run_opt_test0_O0;2300000;48000;00-14-40
run_opt_test0_O0;2299976;48000;00-14-40
run_opt_test0_O0;2208308;48000;00-14-40
run_opt_test0_O0;2124807;48000;00-14-40
run_opt_test0_O0;2218645;48000;00-14-40
run_opt_test0_O0;2217290;48000;00-14-40
run_opt_test0_O0;2300023;48000;00-14-40
run_opt_test0_O0;2240779;48000;00-14-40
run_opt_test0_O0;2225936;48000;00-14-41
run_opt_test0_O0;2300000;48000;00-14-41
run_opt_test0_O0;2300000;48000;00-14-41
run_opt_test0_O0;2300023;48000;00-14-41
run_opt_test0_O0;2239317;48000;00-14-41
run_opt_test0_O0;2300000;48000;00-14-41
run_opt_test0_O0;2300023;48000;00-14-42
run_opt_test0_O0;2299976;48000;00-14-42
run_opt_test0_O0;2300000;48000;00-14-42
run_opt_test0_O0;2300000;48000;00-14-42
run_opt_test0_O0;2300000;48000;00-14-42
run_opt_test0_O0;2223661;48000;00-14-42
run_opt_test0_O0;2300000;48000;00-14-42
run_opt_test0_O0;2300000;48000;00-14-42
run_opt_test0_O0;2300000;48000;00-14-43
run_opt_test0_O0;2158920;48000;00-14-43
run_opt_test0_O0;2300000;48000;00-14-43
run_opt_test0_O0;2300023;48000;00-14-43
run_opt_test0_O0;2300000;48000;00-14-43
run_opt_test0_O0;2216325;48000;00-14-43
run_opt_test0_O0;2248481;46000;00-14-43
run_opt_test0_O0;2227675;46000;00-14-44
run_opt_test0_O0;2226138;46000;00-14-44
run_opt_test0_O0;2300023;46000;00-14-44
run_opt_test0_O0;2223394;46000;00-14-44
run_opt_test0_O0;2300000;46000;00-14-44
run_opt_test0_O0;2299976;46000;00-14-44
run_opt_test0_O0;2299976;46000;00-14-44
run_opt_test0_O0;2300000;48000;00-14-45
run_opt_test0_O0;2300023;48000;00-14-45
run_opt_test0_O0;2300000;48000;00-14-45
run_opt_test0_O0;2228385;48000;00-14-45
run_opt_test0_O0;2299976;48000;00-14-45
run_opt_test0_O0;2300000;48000;00-14-45
run_opt_test0_O0;2127086;48000;00-14-45
run_opt_test0_O0;2300000;48000;00-14-46
run_opt_test0_O0;2300000;48000;00-14-46
run_opt_test0_O0;2300000;48000;00-14-46
run_opt_test0_O0;2300000;48000;00-14-46
run_opt_test0_O0;2116701;48000;00-14-46
run_opt_test0_O0;2300000;48000;00-14-46
run_opt_test0_O0;2300023;48000;00-14-46
run_opt_test0_O0;2138772;48000;00-14-47
run_opt_test0_O0;2212242;48000;00-14-47
run_opt_test0_O0;2300023;46000;00-14-47
run_opt_test0_O0;2300000;46000;00-14-47
run_opt_test0_O0;2300000;46000;00-14-47
run_opt_test0_O0;2300023;46000;00-14-47
run_opt_test0_O0;2246542;46000;00-14-47
run_opt_test0_O0;2300000;46000;00-14-48
run_opt_test0_O0;2206135;46000;00-14-48
run_opt_test0_O0;2221533;46000;00-14-48
run_opt_test0_O0;2300000;48000;00-14-48
run_opt_test0_O0;2260734;48000;00-14-48
run_opt_test0_O0;2203947;48000;00-14-48
run_opt_test0_O0;2300000;48000;00-14-48
run_opt_test0_O0;2300000;48000;00-14-48
run_opt_test0_O0;2299976;48000;00-14-49
run_opt_test0_O0;2300000;48000;00-14-49
run_opt_test0_O0;2300023;48000;00-14-49
run_opt_test0_O0;2299976;48000;00-14-49
run_opt_test0_O0;2300000;48000;00-14-49
run_opt_test0_O0;2231638;48000;00-14-49
run_opt_test0_O0;2300000;48000;00-14-49
run_opt_test0_O0;2300000;48000;00-14-50
run_opt_test0_O0;2300000;48000;00-14-50
run_opt_test0_O0;2300000;48000;00-14-50
run_opt_test0_O0;2109899;48000;00-14-50
run_opt_test0_O0;2299976;48000;00-14-50
run_opt_test0_O0;2225672;48000;00-14-50
run_opt_test0_O0;2228906;48000;00-14-50
run_opt_test0_O0;2300000;48000;00-14-51
run_opt_test0_O0;2268337;48000;00-14-51
run_opt_test0_O0;2255400;48000;00-14-51
run_opt_test0_O0;2300000;48000;00-14-51
run_opt_test0_O0;2300023;48000;00-14-51
run_opt_test0_O0;2299976;46000;00-14-51
run_opt_test0_O0;2300000;46000;00-14-51
run_opt_test0_O0;2300000;46000;00-14-51
run_opt_test0_O0;2299976;46000;00-14-52
run_opt_test0_O0;2300000;46000;00-14-52
run_opt_test0_O0;2300000;46000;00-14-52
run_opt_test0_O0;2300000;46000;00-14-52
run_opt_test0_O0;2300000;46000;00-14-52
run_opt_test0_O0;2238990;48000;00-14-52
run_opt_test0_O0;2300000;48000;00-14-52
run_opt_test0_O0;2199210;48000;00-14-53
run_opt_test0_O0;2114590;48000;00-14-53
run_opt_test0_O0;2299976;48000;00-14-53
run_opt_test0_O0;2299976;48000;00-14-53
run_opt_test0_O0;2300000;48000;00-14-53
run_opt_test0_O0;2299976;48000;00-14-53
run_opt_test0_O0;2116839;48000;00-14-53
run_opt_test0_O0;2255442;48000;00-14-54
run_opt_test0_O0;2300000;48000;00-14-54
run_opt_test0_O0;2299953;48000;00-14-54
run_opt_test0_O0;2089502;48000;00-14-54
run_opt_test0_O0;2300000;48000;00-14-54
run_opt_test0_O0;2132917;48000;00-14-54
run_opt_test0_O0;2300000;48000;00-14-54
run_opt_test0_O0;2300000;48000;00-14-55
run_opt_test0_O0;2300023;48000;00-14-55
run_opt_test0_O0;2299976;48000;00-14-55
run_opt_test0_O0;2300000;48000;00-14-55
run_opt_test0_O0;2300000;48000;00-14-55
run_opt_test0_O0;2300023;48000;00-14-55
run_opt_test0_O0;2300000;48000;00-14-55
run_opt_test0_O0;2300023;48000;00-14-56
run_opt_test0_O0;2300023;48000;00-14-56
run_opt_test0_O0;2300000;48000;00-14-56
run_opt_test0_O0;2300000;48000;00-14-56
run_opt_test0_O0;2208360;48000;00-14-56
run_opt_test0_O0;2300000;48000;00-14-56
run_opt_test0_O0;2300000;48000;00-14-56
run_opt_test0_O0;2300000;48000;00-14-56
run_opt_test0_O0;2300023;48000;00-14-57
run_opt_test0_O0;2300000;48000;00-14-57
run_opt_test0_O0;2102171;48000;00-14-57
run_opt_test0_O0;2300023;48000;00-14-57
run_opt_test0_O0;2297715;48000;00-14-57
run_opt_test0_O0;2300000;48000;00-14-57
run_opt_test0_O0;2299976;48000;00-14-57
run_opt_test0_O0;2300023;48000;00-14-58
run_opt_test0_O0;2300000;48000;00-14-58
run_opt_test0_O0;2093674;48000;00-14-58
run_opt_test0_O0;2195555;48000;00-14-58
run_opt_test0_O0;2300023;48000;00-14-58
run_opt_test0_O0;2300000;48000;00-14-58
run_opt_test0_O0;2300000;48000;00-14-58
run_opt_test0_O0;2142394;48000;00-14-59
run_opt_test0_O0;2090191;48000;00-14-59
run_opt_test0_O0;2300023;46000;00-14-59
run_opt_test0_O0;2227303;46000;00-14-59
run_opt_test0_O0;2300000;46000;00-14-59
run_opt_test0_O0;2232451;46000;00-14-59
run_opt_test0_O0;2300023;46000;00-14-59
run_opt_test0_O0;2300000;46000;00-15-00
run_opt_test0_O0;2299976;46000;00-15-00
run_opt_test0_O0;2300000;46000;00-15-00
run_opt_test0_O0;2074777;46000;00-15-00
run_opt_test0_O0;2300000;46000;00-15-00
run_opt_test0_O0;2300000;46000;00-15-00
run_opt_test0_O0;2300000;46000;00-15-00
run_opt_test0_O0;2300000;46000;00-15-01
run_opt_test0_O0;2131419;46000;00-15-01
run_opt_test0_O0;2300000;46000;00-15-01
run_opt_test0_O0;2300000;46000;00-15-01
run_opt_test0_O0;2103895;48000;00-15-01
run_opt_test0_O0;2299976;48000;00-15-01
run_opt_test0_O0;2299976;48000;00-15-01
run_opt_test0_O0;2300000;48000;00-15-02
run_opt_test0_O0;2300000;48000;00-15-02
run_opt_test0_O0;2300023;48000;00-15-02
run_opt_test0_O0;2299976;48000;00-15-02
run_opt_test0_O0;2300000;48000;00-15-02
run_opt_test0_O0;2300000;46000;00-15-02
run_opt_test0_O0;2300000;46000;00-15-02
run_opt_test0_O0;2300000;46000;00-15-03
run_opt_test0_O0;2300000;46000;00-15-03
run_opt_test0_O0;2204012;46000;00-15-03
run_opt_test0_O0;2268379;46000;00-15-03
run_opt_test0_O0;2300000;46000;00-15-03
run_opt_test0_O0;2300023;48000;00-15-03
run_opt_test0_O0;2147320;48000;00-15-03
run_opt_test0_O0;2300000;48000;00-15-04
run_opt_test0_O0;2300023;48000;00-15-04
run_opt_test0_O0;2299976;48000;00-15-04
run_opt_test0_O0;2300000;48000;00-15-04
run_opt_test0_O0;2299976;48000;00-15-04
run_opt_test0_O0;2300000;48000;00-15-04
run_opt_test0_O0;2300000;48000;00-15-04
run_opt_test0_O0;2300000;48000;00-15-04
run_opt_test0_O0;2300000;48000;00-15-05
run_opt_test0_O0;2300000;48000;00-15-05
run_opt_test0_O0;2300000;48000;00-15-05
run_opt_test0_O0;2300000;48000;00-15-05
run_opt_test0_O0;2300023;48000;00-15-05
run_opt_test0_O0;2299976;48000;00-15-05
run_opt_test0_O0;2300000;48000;00-15-05
run_opt_test0_O0;2300000;48000;00-15-06
run_opt_test0_O0;2299976;48000;00-15-06
run_opt_test0_O0;2299976;48000;00-15-06
run_opt_test0_O0;2209959;48000;00-15-06
run_opt_test0_O0;2300000;48000;00-15-06
run_opt_test0_O0;2300000;48000;00-15-06
run_opt_test0_O0;2300000;48000;00-15-06
run_opt_test0_O0;2300000;48000;00-15-07
run_opt_test0_O0;2300000;48000;00-15-07
run_opt_test0_O0;2266049;48000;00-15-07
run_opt_test0_O0;2236859;48000;00-15-07
run_opt_test0_O0;2300000;48000;00-15-07
run_opt_test0_O0;2101903;48000;00-15-07
run_opt_test0_O0;2191441;48000;00-15-07
run_opt_test0_O0;2173262;46000;00-15-08
run_opt_test0_O0;2300023;46000;00-15-08
run_opt_test0_O0;2300000;46000;00-15-08
run_opt_test0_O0;2241935;46000;00-15-08
run_opt_test0_O0;2300023;46000;00-15-08
run_opt_test0_O0;2299976;46000;00-15-08
run_opt_test0_O0;2300023;46000;00-15-08
run_opt_test0_O0;2300000;46000;00-15-09
run_opt_test0_O0;2300000;48000;00-15-09
run_opt_test0_O0;2300000;48000;00-15-09
run_opt_test0_O0;2200000;48000;00-15-09
run_opt_test0_O0;2300023;48000;00-15-09
run_opt_test0_O0;2300000;48000;00-15-09
run_opt_test0_O0;2300000;48000;00-15-09
run_opt_test0_O0;2300000;48000;00-15-10
run_opt_test0_O0;2300023;48000;00-15-10
run_opt_test0_O0;2300023;48000;00-15-10
run_opt_test0_O0;2300000;48000;00-15-10
run_opt_test0_O0;2300000;48000;00-15-10
run_opt_test0_O0;2122045;48000;00-15-10
run_opt_test0_O0;2300000;48000;00-15-10
run_opt_test0_O0;2300000;48000;00-15-10
run_opt_test0_O0;2299976;48000;00-15-11
run_opt_test0_O0;2300000;48000;00-15-11
run_opt_test0_O0;2299976;48000;00-15-11
run_opt_test0_O0;2230604;48000;00-15-11
run_opt_test0_O0;2177615;48000;00-15-11
run_opt_test0_O0;2299976;48000;00-15-11
run_opt_test0_O0;2299976;48000;00-15-11
run_opt_test0_O0;2238003;48000;00-15-12
run_opt_test0_O0;2175319;48000;00-15-12
run_opt_test0_O0;2299976;48000;00-15-12
run_opt_test0_O0;2299976;48000;00-15-12
run_opt_test0_O0;2300000;48000;00-15-12
run_opt_test0_O0;2300000;48000;00-15-12
run_opt_test0_O0;2300023;48000;00-15-12
run_opt_test0_O0;2299953;48000;00-15-13
run_opt_test0_O0;2300000;48000;00-15-13
run_opt_test0_O0;2299976;48000;00-15-13
run_opt_test0_O0;2260426;48000;00-15-13
run_opt_test0_O0;2300000;48000;00-15-13
run_opt_test0_O0;2300023;48000;00-15-13
run_opt_test0_O0;2300000;48000;00-15-13
run_opt_test0_O0;2197622;48000;00-15-14
run_opt_test0_O0;2300000;48000;00-15-14
run_opt_test0_O0;2300023;48000;00-15-14
run_opt_test0_O0;2300023;48000;00-15-14
run_opt_test0_O0;2300000;48000;00-15-14
run_opt_test0_O0;2300000;48000;00-15-14
run_opt_test0_O0;2299976;48000;00-15-14
run_opt_test0_O0;2192365;48000;00-15-15
run_opt_test0_O0;2300000;48000;00-15-15
run_opt_test0_O0;2278844;48000;00-15-15
run_opt_test0_O0;2300000;48000;00-15-15
run_opt_test0_O0;2104196;48000;00-15-15
run_opt_test0_O0;2175694;48000;00-15-15
run_opt_test0_O0;2300000;50000;00-15-15
run_opt_test0_O0;2299976;50000;00-15-16
run_opt_test0_O0;2195279;50000;00-15-16
run_opt_test0_O0;2300023;50000;00-15-16
run_opt_test0_O0;2102948;50000;00-15-16
run_opt_test0_O0;2300000;50000;00-15-16
run_opt_test0_O0;2300023;50000;00-15-16
run_opt_test0_O0;2300023;50000;00-15-16
run_opt_test0_O0;2206810;48000;00-15-16
run_opt_test0_O0;2300023;48000;00-15-17
run_opt_test0_O0;2201446;48000;00-15-17
run_opt_test0_O0;2300000;48000;00-15-17
run_opt_test0_O0;2210327;48000;00-15-17
run_opt_test0_O0;2300000;48000;00-15-17
run_opt_test0_O0;2231050;48000;00-15-17
run_opt_test0_O0;2183104;48000;00-15-17
run_opt_test0_O0;2241477;50000;00-15-18
run_opt_test0_O0;2123912;50000;00-15-18
run_opt_test0_O0;2300000;50000;00-15-18
run_opt_test0_O0;2300000;50000;00-15-18
run_opt_test0_O0;2146748;50000;00-15-18
run_opt_test0_O0;2300000;50000;00-15-18
run_opt_test0_O0;2300023;50000;00-15-18
run_opt_test0_O0;2299976;50000;00-15-19
run_opt_test0_O0;2300000;50000;00-15-19
run_opt_test0_O0;2300046;50000;00-15-19
run_opt_test0_O0;2300000;50000;00-15-19
run_opt_test0_O0;2299976;50000;00-15-19
run_opt_test0_O0;2299976;50000;00-15-19
run_opt_test0_O0;2300000;50000;00-15-19
run_opt_test0_O0;2300023;50000;00-15-20
run_opt_test0_O0;2129959;50000;00-15-20
run_opt_test0_O0;2300023;48000;00-15-20
run_opt_test0_O0;2300000;48000;00-15-20
run_opt_test0_O0;2257712;48000;00-15-20
run_opt_test0_O0;2195689;48000;00-15-20
run_opt_test0_O0;2300000;48000;00-15-20
run_opt_test0_O0;2300000;48000;00-15-21
run_opt_test0_O0;2300000;48000;00-15-21
run_opt_test0_O0;2141879;48000;00-15-21
run_opt_test0_O0;2244557;50000;00-15-21
run_opt_test0_O0;2300000;50000;00-15-21
run_opt_test0_O0;2156115;50000;00-15-21
run_opt_test0_O0;2150136;50000;00-15-21
run_opt_test0_O0;2300000;50000;00-15-21
run_opt_test0_O0;2299976;50000;00-15-22
run_opt_test0_O0;2300000;50000;00-15-22
run_opt_test0_O0;2204966;50000;00-15-22
run_opt_test0_O0;2299976;50000;00-15-22
run_opt_test0_O0;2299976;50000;00-15-22
run_opt_test0_O0;2251662;50000;00-15-22
run_opt_test0_O0;2300023;50000;00-15-22
run_opt_test0_O0;2300000;50000;00-15-23
run_opt_test0_O0;2300000;50000;00-15-23
run_opt_test0_O0;2300000;50000;00-15-23
run_opt_test0_O0;2300000;50000;00-15-23
run_opt_test0_O0;2300023;50000;00-15-23
run_opt_test0_O0;2206548;50000;00-15-23
run_opt_test0_O0;2300000;50000;00-15-23
run_opt_test0_O0;2097934;50000;00-15-24
run_opt_test0_O0;2299976;50000;00-15-24
run_opt_test0_O0;2300000;50000;00-15-24
run_opt_test0_O0;2300000;50000;00-15-24
run_opt_test0_O0;2299976;50000;00-15-24
run_opt_test0_O0;2300000;50000;00-15-24
run_opt_test0_O0;2300000;50000;00-15-24
run_opt_test0_O0;2250656;50000;00-15-25
run_opt_test0_O0;2300000;50000;00-15-25
run_opt_test0_O0;2227180;50000;00-15-25
run_opt_test0_O0;2300000;50000;00-15-25
run_opt_test0_O0;2299976;50000;00-15-25
run_opt_test0_O0;2300000;50000;00-15-25
run_opt_test0_O0;2300023;50000;00-15-25
run_opt_test0_O0;2299953;50000;00-15-26
run_opt_test0_O0;2299976;50000;00-15-26
run_opt_test0_O0;2216296;50000;00-15-26
run_opt_test0_O0;2300000;50000;00-15-26
run_opt_test0_O0;2300000;50000;00-15-26
run_opt_test0_O0;2300000;50000;00-15-26
run_opt_test0_O0;2126814;50000;00-15-26
run_opt_test0_O0;2300000;50000;00-15-27
run_opt_test0_O0;2249841;50000;00-15-27
run_opt_test0_O0;2299976;50000;00-15-27
run_opt_test0_O0;2300000;50000;00-15-27
run_opt_test0_O0;2300000;50000;00-15-27
run_opt_test0_O0;2300023;50000;00-15-27
run_opt_test0_O0;2300000;50000;00-15-27
run_opt_test0_O0;2299976;50000;00-15-27
run_opt_test0_O0;2300023;50000;00-15-28
run_opt_test0_O0;2300023;50000;00-15-28
run_opt_test0_O0;2299976;50000;00-15-28
run_opt_test0_O0;2299953;50000;00-15-28
run_opt_test0_O0;2181994;50000;00-15-28
run_opt_test0_O0;2300000;50000;00-15-28
run_opt_test0_O0;2300000;50000;00-15-28
run_opt_test0_O0;2300000;50000;00-15-29
run_opt_test0_O0;2300000;50000;00-15-29
run_opt_test0_O0;2136504;50000;00-15-29
run_opt_test0_O0;2300000;50000;00-15-29
run_opt_test0_O0;2300000;50000;00-15-29
run_opt_test0_O0;2216240;50000;00-15-29
run_opt_test0_O0;2300000;50000;00-15-29
run_opt_test0_O0;2300023;50000;00-15-30
run_opt_test0_O0;2300000;50000;00-15-30
run_opt_test0_O0;2299976;50000;00-15-30
run_opt_test0_O0;2300000;50000;00-15-30
run_opt_test0_O0;2300000;50000;00-15-30
run_opt_test0_O0;2300023;50000;00-15-30
run_opt_test0_O0;2129470;50000;00-15-30
run_opt_test0_O0;2246740;50000;00-15-31
run_opt_test0_O0;2300000;50000;00-15-31
run_opt_test0_O0;2300000;50000;00-15-31
run_opt_test0_O0;2299473;52000;00-15-31
run_opt_test0_O0;2300000;52000;00-15-31
run_opt_test0_O0;2227537;52000;00-15-31
run_opt_test0_O0;2300023;52000;00-15-31
run_opt_test0_O0;2250783;52000;00-15-31
run_opt_test0_O0;2300000;52000;00-15-32
run_opt_test0_O0;2299976;52000;00-15-32
run_opt_test0_O0;2300000;52000;00-15-32
run_opt_test0_O0;2300000;50000;00-15-32
run_opt_test0_O0;2299976;50000;00-15-32
run_opt_test0_O0;2300000;50000;00-15-32
run_opt_test0_O0;2300000;50000;00-15-32
run_opt_test0_O0;2221309;50000;00-15-33
run_opt_test0_O0;2300000;50000;00-15-33
run_opt_test0_O0;2300000;50000;00-15-33
run_opt_test0_O0;2300000;50000;00-15-33
run_opt_test0_O0;2300000;50000;00-15-33
run_opt_test0_O0;2300000;50000;00-15-33
run_opt_test0_O0;2300000;50000;00-15-33
run_opt_test0_O0;2112919;50000;00-15-34
run_opt_test0_O0;2300000;50000;00-15-34
run_opt_test0_O0;2300000;50000;00-15-34
run_opt_test0_O0;2213063;50000;00-15-34
run_opt_test0_O0;2300000;50000;00-15-34
run_opt_test0_O0;2300023;52000;00-15-34
run_opt_test0_O0;2198878;52000;00-15-34
run_opt_test0_O0;2300000;52000;00-15-35
run_opt_test0_O0;2300000;52000;00-15-35
run_opt_test0_O0;2300023;52000;00-15-35
run_opt_test0_O0;2299976;52000;00-15-35
run_opt_test0_O0;2299976;52000;00-15-35
run_opt_test0_O0;2212600;52000;00-15-35
run_opt_test0_O0;2299976;52000;00-15-35
run_opt_test0_O0;2300023;52000;00-15-36
run_opt_test0_O0;2300023;52000;00-15-36
run_opt_test0_O0;2300000;52000;00-15-36
run_opt_test0_O0;2299976;52000;00-15-36
run_opt_test0_O0;2300000;52000;00-15-36
run_opt_test0_O0;2299976;52000;00-15-36
run_opt_test0_O0;2300000;52000;00-15-36
run_opt_test0_O0;2300000;50000;00-15-36
run_opt_test0_O0;2300023;50000;00-15-37
run_opt_test0_O0;2183744;50000;00-15-37
run_opt_test0_O0;2300000;50000;00-15-37
run_opt_test0_O0;2300000;50000;00-15-37
run_opt_test0_O0;2299976;50000;00-15-37
run_opt_test0_O0;2300000;50000;00-15-37
run_opt_test0_O0;2300000;50000;00-15-37
run_opt_test0_O0;2300000;52000;00-15-38
run_opt_test0_O0;2136417;52000;00-15-38
run_opt_test0_O0;2300023;52000;00-15-38
run_opt_test0_O0;2300046;52000;00-15-38
run_opt_test0_O0;2251968;52000;00-15-38
run_opt_test0_O0;2196101;52000;00-15-38
run_opt_test0_O0;2105555;52000;00-15-38
run_opt_test0_O0;2300023;52000;00-15-39
run_opt_test0_O0;2299976;52000;00-15-39
run_opt_test0_O0;2299976;52000;00-15-39
run_opt_test0_O0;2106600;52000;00-15-39
run_opt_test0_O0;2300023;52000;00-15-39
run_opt_test0_O0;2299976;52000;00-15-39
run_opt_test0_O0;2202736;52000;00-15-39
run_opt_test0_O0;2300000;52000;00-15-39
run_opt_test0_O0;2300000;52000;00-15-40
run_opt_test0_O0;2300000;52000;00-15-40
run_opt_test0_O0;2300000;52000;00-15-40
run_opt_test0_O0;2175564;52000;00-15-40
run_opt_test0_O0;2300000;52000;00-15-40
run_opt_test0_O0;2300023;52000;00-15-40
run_opt_test0_O0;2299976;52000;00-15-40
run_opt_test0_O0;2300000;52000;00-15-41
run_opt_test0_O0;2205852;52000;00-15-41
run_opt_test0_O0;2171284;52000;00-15-41
run_opt_test0_O0;2300000;52000;00-15-41
run_opt_test0_O0;2300000;52000;00-15-41
run_opt_test0_O0;2300000;52000;00-15-41
run_opt_test0_O0;2089626;52000;00-15-41
run_opt_test0_O0;2196780;52000;00-15-42
run_opt_test0_O0;2099978;52000;00-15-42
run_opt_test0_O0;2300000;52000;00-15-42
run_opt_test0_O0;2222425;52000;00-15-42
run_opt_test0_O0;2300023;52000;00-15-42
run_opt_test0_O0;2300000;52000;00-15-42
run_opt_test0_O0;2300000;52000;00-15-42
run_opt_test0_O0;2177923;52000;00-15-43
run_opt_test0_O0;2300000;52000;00-15-43
run_opt_test0_O0;2300000;52000;00-15-43
run_opt_test0_O0;2300000;52000;00-15-43
run_opt_test0_O0;2300000;52000;00-15-43
run_opt_test0_O0;2300023;52000;00-15-43
run_opt_test0_O0;2195844;52000;00-15-43
run_opt_test0_O0;2232722;52000;00-15-44
run_opt_test0_O0;2300000;52000;00-15-44
run_opt_test0_O0;2300000;52000;00-15-44
run_opt_test0_O0;2100619;52000;00-15-44
run_opt_test0_O0;2300000;52000;00-15-44
run_opt_test0_O0;2300000;52000;00-15-44
run_opt_test0_O0;2300000;52000;00-15-44
run_opt_test0_O0;2300000;52000;00-15-44
run_opt_test0_O0;2300023;52000;00-15-45
run_opt_test0_O0;2244805;52000;00-15-45
run_opt_test0_O0;2300000;52000;00-15-45
run_opt_test0_O0;2300023;52000;00-15-45
run_opt_test0_O0;2300023;52000;00-15-45
run_opt_test0_O0;2300000;52000;00-15-45
run_opt_test0_O0;2300000;52000;00-15-45
run_opt_test0_O0;2300000;52000;00-15-46
run_opt_test0_O0;2300000;52000;00-15-46
run_opt_test0_O0;2300000;52000;00-15-46
run_opt_test0_O0;2300000;52000;00-15-46
run_opt_test0_O0;2299976;52000;00-15-46
run_opt_test0_O0;2299976;52000;00-15-46
run_opt_test0_O0;2300000;52000;00-15-46
run_opt_test0_O0;2300000;52000;00-15-47
run_opt_test0_O0;2300000;52000;00-15-47
run_opt_test0_O0;2185746;52000;00-15-47
run_opt_test0_O0;2300000;52000;00-15-47
run_opt_test0_O0;2300000;52000;00-15-47
run_opt_test0_O0;2230447;52000;00-15-47
run_opt_test0_O0;2300023;52000;00-15-47
run_opt_test0_O0;2279272;52000;00-15-48
run_opt_test0_O0;2300000;52000;00-15-48
run_opt_test0_O0;2300000;52000;00-15-48
run_opt_test0_O0;2300000;52000;00-15-48
run_opt_test0_O0;2299976;52000;00-15-48
run_opt_test0_O0;2299976;52000;00-15-48
run_opt_test0_O0;2300023;52000;00-15-48
run_opt_test0_O0;2209622;52000;00-15-49
run_opt_test0_O0;2300000;52000;00-15-49
run_opt_test0_O0;2300023;52000;00-15-49
run_opt_test0_O0;2300000;52000;00-15-49
run_opt_test0_O0;2300000;52000;00-15-49
run_opt_test0_O0;2300000;52000;00-15-49
run_opt_test0_O0;2300023;52000;00-15-49
run_opt_test0_O0;2080602;52000;00-15-50
run_opt_test0_O0;2300000;52000;00-15-50
run_opt_test0_O0;2300023;52000;00-15-50
run_opt_test0_O0;2299976;52000;00-15-50
run_opt_test0_O0;2300000;52000;00-15-50
run_opt_test0_O0;2300000;52000;00-15-50
run_opt_test0_O0;2126387;52000;00-15-50
run_opt_test0_O0;2142507;52000;00-15-51
run_opt_test0_O0;2300023;52000;00-15-51
run_opt_test0_O0;2300023;52000;00-15-51
run_opt_test0_O0;2300000;52000;00-15-51
run_opt_test0_O0;2300000;52000;00-15-51
run_opt_test0_O0;2300000;52000;00-15-51
run_opt_test0_O0;2299976;52000;00-15-51
run_opt_test0_O0;2300000;52000;00-15-52
run_opt_test0_O0;2300000;52000;00-15-52
run_opt_test0_O0;2299976;52000;00-15-52
run_opt_test0_O0;2300046;52000;00-15-52
run_opt_test0_O0;2299976;52000;00-15-52
run_opt_test0_O0;2203002;52000;00-15-52
run_opt_test0_O0;2067811;52000;00-15-52
run_opt_test0_O0;2300000;52000;00-15-53
run_opt_test0_O0;2300023;52000;00-15-53
run_opt_test0_O0;2290214;52000;00-15-53
run_opt_test0_O0;2121467;52000;00-15-53
run_opt_test0_O0;2300000;52000;00-15-53
run_opt_test0_O0;2130807;52000;00-15-53
run_opt_test0_O0;2299976;52000;00-15-53
run_opt_test0_O0;2300000;52000;00-15-53
run_opt_test0_O0;2300000;52000;00-15-54
run_opt_test0_O0;2239734;52000;00-15-54
run_opt_test0_O0;2300000;52000;00-15-54
run_opt_test0_O0;2300023;52000;00-15-54
run_opt_test0_O0;2300000;52000;00-15-54
run_opt_test0_O0;2201286;52000;00-15-54
run_opt_test0_O0;2300000;52000;00-15-54
run_opt_test0_O0;2300000;52000;00-15-55
run_opt_test0_O0;2300000;52000;00-15-55
run_opt_test0_O0;2300000;52000;00-15-55
run_opt_test0_O0;2300000;52000;00-15-55
run_opt_test0_O0;2299976;52000;00-15-55
run_opt_test0_O0;2300023;52000;00-15-55
run_opt_test0_O0;2300000;52000;00-15-55
run_opt_test0_O0;2200391;52000;00-15-56
run_opt_test0_O0;2300000;52000;00-15-56
run_opt_test0_O0;2149957;52000;00-15-56
run_opt_test0_O0;2300000;52000;00-15-56
run_opt_test0_O0;2300000;52000;00-15-56
run_opt_test0_O0;2299976;52000;00-15-56
run_opt_test0_O0;2300000;54000;00-15-56
run_opt_test0_O0;2300000;54000;00-15-57
run_opt_test0_O0;2300000;54000;00-15-57
run_opt_test0_O0;2300000;54000;00-15-57
run_opt_test0_O0;2300000;54000;00-15-57
run_opt_test0_O0;2300000;54000;00-15-57
run_opt_test0_O0;2118339;54000;00-15-57
run_opt_test0_O0;2299976;54000;00-15-57
run_opt_test0_O0;2300000;54000;00-15-58
run_opt_test0_O0;2300000;54000;00-15-58
run_opt_test0_O0;2300000;54000;00-15-58
run_opt_test0_O0;2299976;54000;00-15-58
run_opt_test0_O0;2300000;54000;00-15-58
run_opt_test0_O0;2300000;54000;00-15-58
run_opt_test0_O0;2300000;54000;00-15-58
run_opt_test0_O0;2221029;54000;00-15-58
run_opt_test0_O0;2300000;54000;00-15-59
run_opt_test0_O0;2300046;54000;00-15-59
run_opt_test0_O0;2300023;54000;00-15-59
run_opt_test0_O0;2300023;54000;00-15-59
run_opt_test0_O0;2300000;54000;00-15-59
run_opt_test0_O0;2299976;54000;00-15-59
run_opt_test0_O0;2300023;54000;00-15-59
run_opt_test0_O0;2150894;54000;00-16-00
run_opt_test0_O0;2300000;54000;00-16-00
run_opt_test0_O0;2300023;54000;00-16-00
run_opt_test0_O0;2221327;54000;00-16-00
run_opt_test0_O0;2192612;54000;00-16-00
run_opt_test0_O0;2300023;54000;00-16-00
run_opt_test0_O0;2300000;54000;00-16-00
run_opt_test0_O0;2300000;54000;00-16-01
run_opt_test0_O0;2300000;54000;00-16-01
run_opt_test0_O0;2299976;54000;00-16-01
run_opt_test0_O0;2300000;54000;00-16-01
run_opt_test0_O0;2299976;54000;00-16-01
run_opt_test0_O0;2154195;54000;00-16-01
run_opt_test0_O0;2300000;54000;00-16-01
run_opt_test0_O0;2300000;54000;00-16-02
run_opt_test0_O0;2299976;54000;00-16-02
run_opt_test0_O0;2300000;54000;00-16-02
run_opt_test0_O0;2254939;54000;00-16-02
run_opt_test0_O0;2300000;54000;00-16-02
run_opt_test0_O0;2214421;54000;00-16-02
run_opt_test0_O0;2300000;54000;00-16-02
run_opt_test0_O0;2300000;54000;00-16-03
run_opt_test0_O0;2295888;54000;00-16-03
run_opt_test0_O0;2142117;54000;00-16-03
run_opt_test0_O0;2300023;54000;00-16-03
run_opt_test0_O0;2153095;54000;00-16-03
run_opt_test0_O0;2300000;54000;00-16-03
run_opt_test0_O0;2199871;54000;00-16-03
run_opt_test0_O0;2134076;54000;00-16-04
run_opt_test0_O0;2300023;54000;00-16-04
run_opt_test0_O0;2300000;54000;00-16-04
run_opt_test0_O0;2300000;54000;00-16-04
run_opt_test0_O0;2300000;54000;00-16-04
run_opt_test0_O0;2300023;56000;00-16-04
run_opt_test0_O0;2217663;56000;00-16-04
run_opt_test0_O0;2300000;56000;00-16-04
run_opt_test0_O0;2121346;56000;00-16-05
run_opt_test0_O0;2300023;56000;00-16-05
run_opt_test0_O0;2300000;56000;00-16-05
run_opt_test0_O0;2300000;56000;00-16-05
run_opt_test0_O0;2300000;56000;00-16-05
run_opt_test0_O0;2299976;54000;00-16-05
run_opt_test0_O0;2300023;54000;00-16-05
run_opt_test0_O0;2300000;54000;00-16-06
run_opt_test0_O0;2247089;54000;00-16-06
run_opt_test0_O0;2189979;54000;00-16-06
run_opt_test0_O0;2300000;54000;00-16-06
run_opt_test0_O0;2180551;54000;00-16-06
run_opt_test0_O0;2185571;54000;00-16-06
run_opt_test0_O0;2300000;56000;00-16-06
run_opt_test0_O0;2300000;56000;00-16-07
run_opt_test0_O0;2300000;56000;00-16-07
run_opt_test0_O0;2300023;56000;00-16-07
run_opt_test0_O0;2123269;56000;00-16-07
run_opt_test0_O0;2300000;56000;00-16-07
run_opt_test0_O0;2300000;56000;00-16-07
run_opt_test0_O0;2300023;56000;00-16-07
run_opt_test0_O0;2300000;54000;00-16-08
run_opt_test0_O0;2300000;54000;00-16-08
run_opt_test0_O0;2123189;54000;00-16-08
run_opt_test0_O0;2299976;54000;00-16-08
run_opt_test0_O0;2300000;54000;00-16-08
run_opt_test0_O0;2119094;54000;00-16-08
run_opt_test0_O0;2300000;54000;00-16-08
run_opt_test0_O0;2300000;54000;00-16-09
run_opt_test0_O0;2299976;56000;00-16-09
run_opt_test0_O0;2300023;56000;00-16-09
run_opt_test0_O0;2134267;56000;00-16-09
run_opt_test0_O0;2300000;56000;00-16-09
run_opt_test0_O0;2228253;56000;00-16-09
run_opt_test0_O0;2300000;56000;00-16-09
run_opt_test0_O0;2134763;56000;00-16-09
run_opt_test0_O0;2300000;56000;00-16-10
run_opt_test0_O0;2196355;56000;00-16-10
run_opt_test0_O0;2114308;56000;00-16-10
run_opt_test0_O0;2299976;56000;00-16-10
run_opt_test0_O0;2267218;56000;00-16-10
run_opt_test0_O0;2300000;56000;00-16-10
run_opt_test0_O0;2300000;56000;00-16-10
run_opt_test0_O0;2300000;56000;00-16-11
run_opt_test0_O0;2300023;56000;00-16-11
run_opt_test0_O0;2172692;56000;00-16-11
run_opt_test0_O0;2300023;56000;00-16-11
run_opt_test0_O0;2300161;56000;00-16-11
run_opt_test0_O0;2300000;56000;00-16-11
run_opt_test0_O0;2300023;56000;00-16-11
run_opt_test0_O0;2299976;56000;00-16-12
run_opt_test0_O0;2299976;56000;00-16-12
run_opt_test0_O0;2300000;56000;00-16-12
run_opt_test0_O0;2300000;56000;00-16-12
run_opt_test0_O0;2300000;56000;00-16-12
run_opt_test0_O0;2300023;56000;00-16-12
run_opt_test0_O0;2300000;56000;00-16-12
run_opt_test0_O0;2300000;56000;00-16-13
run_opt_test0_O0;2115239;56000;00-16-13
run_opt_test0_O0;2300023;56000;00-16-13
run_opt_test0_O0;2300000;56000;00-16-13
run_opt_test0_O0;2300000;56000;00-16-13
run_opt_test0_O0;2195248;56000;00-16-13
run_opt_test0_O0;2300000;56000;00-16-13
run_opt_test0_O0;2300000;56000;00-16-14
run_opt_test0_O0;2300000;56000;00-16-14
run_opt_test0_O0;2300000;56000;00-16-14
run_opt_test0_O0;2300000;56000;00-16-14
run_opt_test0_O0;2245422;56000;00-16-14
run_opt_test0_O0;2300023;56000;00-16-14
run_opt_test0_O0;2300000;56000;00-16-14
run_opt_test0_O0;2300023;56000;00-16-14
run_opt_test0_O0;2160349;56000;00-16-15
run_opt_test0_O0;2300023;56000;00-16-15
run_opt_test0_O0;2300000;56000;00-16-15
run_opt_test0_O0;2300000;56000;00-16-15
run_opt_test0_O0;2189520;56000;00-16-15
run_opt_test0_O0;2300000;56000;00-16-15
run_opt_test0_O0;2201673;56000;00-16-15
run_opt_test0_O0;2300000;56000;00-16-16
run_opt_test0_O0;2170046;56000;00-16-16
run_opt_test0_O0;2300000;56000;00-16-16
run_opt_test0_O0;2285012;56000;00-16-16
run_opt_test0_O0;2299976;56000;00-16-16
run_opt_test0_O0;2149860;56000;00-16-16
run_opt_test0_O0;2250167;56000;00-16-16
run_opt_test0_O0;2300000;56000;00-16-17
run_opt_test0_O0;2299976;56000;00-16-17
run_opt_test0_O0;2300023;56000;00-16-17
run_opt_test0_O0;2193620;56000;00-16-17
run_opt_test0_O0;2300023;56000;00-16-17
run_opt_test0_O0;2299976;56000;00-16-17
run_opt_test0_O0;2300023;56000;00-16-17
run_opt_test0_O0;2228938;56000;00-16-18
run_opt_test0_O0;2300000;56000;00-16-18
run_opt_test0_O0;2300000;56000;00-16-18
run_opt_test0_O0;2300000;56000;00-16-18
run_opt_test0_O0;2140735;56000;00-16-18
run_opt_test0_O0;2300023;56000;00-16-18
run_opt_test0_O0;2299976;56000;00-16-18
run_opt_test0_O0;2152293;56000;00-16-19
run_opt_test0_O0;2299976;56000;00-16-19
run_opt_test0_O0;2209830;56000;00-16-19
run_opt_test0_O0;2300000;56000;00-16-19
run_opt_test0_O0;2299976;56000;00-16-19
run_opt_test0_O0;2299976;56000;00-16-19
run_opt_test0_O0;2300023;56000;00-16-19
run_opt_test0_O0;2192823;56000;00-16-19
run_opt_test0_O0;2300000;56000;00-16-20
run_opt_test0_O0;2300023;54000;00-16-20
run_opt_test0_O0;2300000;54000;00-16-20
run_opt_test0_O0;2300000;54000;00-16-20
run_opt_test0_O0;2177814;54000;00-16-20
run_opt_test0_O0;2155950;54000;00-16-20
run_opt_test0_O0;2300023;54000;00-16-20
run_opt_test0_O0;2300000;54000;00-16-21
run_opt_test0_O0;2300000;54000;00-16-21
run_opt_test0_O0;2186198;54000;00-16-21
run_opt_test0_O0;2300000;54000;00-16-21
run_opt_test0_O0;2208207;54000;00-16-21
run_opt_test0_O0;2194229;54000;00-16-21
run_opt_test0_O0;2299976;54000;00-16-21
run_opt_test0_O0;2281223;54000;00-16-22
run_opt_test0_O0;2233100;54000;00-16-22
run_opt_test0_O0;2299976;54000;00-16-22
run_opt_test0_O0;2082867;54000;00-16-22
run_opt_test0_O0;2123949;54000;00-16-22
run_opt_test0_O0;2300000;54000;00-16-22
run_opt_test0_O0;2299976;54000;00-16-22
run_opt_test0_O0;2299976;54000;00-16-23
run_opt_test0_O0;2235442;54000;00-16-23
run_opt_test0_O0;2300000;54000;00-16-23
run_opt_test0_O0;2299976;54000;00-16-23
run_opt_test0_O0;2300000;52000;00-16-23
run_opt_test0_O0;2300000;52000;00-16-23
run_opt_test0_O0;2299976;52000;00-16-23
run_opt_test0_O0;2260795;52000;00-16-24
run_opt_test0_O0;2300000;52000;00-16-24
run_opt_test0_O0;2600026;52000;00-16-24
run_opt_test0_O0;2970427;52000;00-16-24
run_opt_test0_O0;3600000;52000;00-16-24
run_opt_test0_O0;2622456;56000;00-16-24
run_opt_test0_O0;2700000;56000;00-16-24
run_opt_test0_O0;2601809;56000;00-16-24
run_opt_test0_O0;3200032;56000;00-16-25
run_opt_test0_O0;3299966;56000;00-16-25
run_opt_test0_O0;3388903;56000;00-16-25
run_opt_test0_O0;3492210;56000;00-16-25
run_opt_test0_O0;2843201;56000;00-16-25
run_opt_test0_O0;3139613;54000;00-16-25
run_opt_test0_O0;2100000;54000;00-16-25
run_opt_test0_O0;2500000;54000;00-16-26
run_opt_test0_O0;3116109;54000;00-16-26
run_opt_test0_O0;2540187;54000;00-16-26
run_opt_test0_O0;3200000;54000;00-16-26
run_opt_test0_O0;3500000;54000;00-16-26
run_opt_test0_O0;2191939;54000;00-16-26
run_opt_test0_O0;2300000;52000;00-16-26
run_opt_test0_O0;2299976;52000;00-16-27
run_opt_test0_O0;2300000;52000;00-16-27
run_opt_test0_O0;2300000;52000;00-16-27
run_opt_test0_O0;2300000;52000;00-16-27
run_opt_test0_O0;2165848;52000;00-16-27
run_opt_test0_O0;2300000;52000;00-16-27
run_opt_test0_O0;2300023;52000;00-16-27
run_opt_test0_O0;2300000;54000;00-16-27
run_opt_test0_O0;2135850;54000;00-16-28
run_opt_test0_O0;2300000;54000;00-16-28
run_opt_test0_O0;2300023;54000;00-16-28
run_opt_test0_O0;2300000;54000;00-16-28
run_opt_test0_O0;2300000;54000;00-16-28
run_opt_test0_O0;2300046;54000;00-16-28
run_opt_test0_O0;2300000;54000;00-16-28
run_opt_test0_O0;2300000;52000;00-16-29
run_opt_test0_O0;2300000;52000;00-16-29
run_opt_test0_O0;2300000;52000;00-16-29
run_opt_test0_O0;2300023;52000;00-16-29
run_opt_test0_O0;2300023;52000;00-16-29
run_opt_test0_O0;2300023;52000;00-16-29
run_opt_test0_O0;2300000;52000;00-16-29
run_opt_test0_O0;2300000;52000;00-16-30
run_opt_test0_O0;2299976;52000;00-16-30
run_opt_test0_O0;2300000;52000;00-16-30
run_opt_test0_O0;2300000;52000;00-16-30
run_opt_test0_O0;2300000;52000;00-16-30
run_opt_test0_O0;2136715;52000;00-16-30
run_opt_test0_O0;2230949;52000;00-16-30
run_opt_test0_O0;2300000;52000;00-16-31
run_opt_test0_O0;2300000;52000;00-16-31
run_opt_test0_O0;2299976;52000;00-16-31
run_opt_test0_O0;2300000;52000;00-16-31
run_opt_test0_O0;2300000;52000;00-16-31
run_opt_test0_O0;2300023;52000;00-16-31
run_opt_test0_O0;2300000;52000;00-16-31
run_opt_test0_O0;2199362;52000;00-16-31
run_opt_test0_O0;2300000;52000;00-16-32
run_opt_test0_O0;2300023;52000;00-16-32
run_opt_test0_O0;2300000;52000;00-16-32
run_opt_test0_O0;2299953;52000;00-16-32
run_opt_test0_O0;2300000;52000;00-16-32
run_opt_test0_O0;2300000;52000;00-16-32
run_opt_test0_O0;2300000;52000;00-16-32
run_opt_test0_O0;2300023;52000;00-16-33
run_opt_test0_O0;2145586;52000;00-16-33
run_opt_test0_O0;2299976;52000;00-16-33
run_opt_test0_O0;2300000;52000;00-16-33
run_opt_test0_O0;2300000;52000;00-16-33
run_opt_test0_O0;2300000;52000;00-16-33
run_opt_test0_O0;2300023;52000;00-16-33
run_opt_test0_O0;2300023;52000;00-16-34
run_opt_test0_O0;2269311;52000;00-16-34
run_opt_test0_O0;2300000;52000;00-16-34
run_opt_test0_O0;2300000;52000;00-16-34
run_opt_test0_O0;2125072;52000;00-16-34
run_opt_test0_O0;2300000;52000;00-16-34
run_opt_test0_O0;2300023;52000;00-16-34
run_opt_test0_O0;2300000;52000;00-16-35
run_opt_test0_O0;2299976;52000;00-16-35
run_opt_test0_O0;2299976;52000;00-16-35
run_opt_test0_O0;2299976;52000;00-16-35
run_opt_test0_O0;2300000;52000;00-16-35
run_opt_test0_O0;2300000;52000;00-16-35
run_opt_test0_O0;2300000;52000;00-16-35
run_opt_test0_O0;2300000;52000;00-16-35
run_opt_test0_O0;2300023;52000;00-16-36
run_opt_test0_O0;2128044;52000;00-16-36
run_opt_test0_O0;2300000;52000;00-16-36
run_opt_test0_O0;2300207;52000;00-16-36
run_opt_test0_O0;2300000;52000;00-16-36
run_opt_test0_O0;2299976;52000;00-16-36
run_opt_test0_O0;2300000;52000;00-16-36
run_opt_test0_O0;2300000;52000;00-16-37
run_opt_test0_O0;2228299;52000;00-16-37
run_opt_test0_O0;2299976;52000;00-16-37
run_opt_test0_O0;2300000;52000;00-16-37
run_opt_test0_O0;2300000;52000;00-16-37
run_opt_test0_O0;2300000;52000;00-16-37
run_opt_test0_O0;2299976;52000;00-16-37
run_opt_test0_O0;2300000;52000;00-16-38
run_opt_test0_O0;2215951;52000;00-16-38
run_opt_test0_O0;2300000;52000;00-16-38
run_opt_test0_O0;2299976;52000;00-16-38
run_opt_test0_O0;2300000;52000;00-16-38
run_opt_test0_O0;2193142;52000;00-16-38
run_opt_test0_O0;2212617;52000;00-16-38
run_opt_test0_O0;2214948;52000;00-16-39
run_opt_test0_O0;2142262;52000;00-16-39
run_opt_test0_O0;2300000;52000;00-16-39
run_opt_test0_O0;2300000;52000;00-16-39
run_opt_test0_O0;2300000;52000;00-16-39
run_opt_test0_O0;2299976;52000;00-16-39
run_opt_test0_O0;2300000;52000;00-16-39
run_opt_test0_O0;2300000;52000;00-16-40
run_opt_test0_O0;2300023;52000;00-16-40
run_opt_test0_O0;2121895;52000;00-16-40
run_opt_test0_O0;2300023;52000;00-16-40
run_opt_test0_O0;2300023;52000;00-16-40
run_opt_test0_O0;2300000;52000;00-16-40
run_opt_test0_O0;2299976;52000;00-16-40
run_opt_test0_O0;2253351;52000;00-16-40
run_opt_test0_O0;2300000;52000;00-16-41
run_opt_test0_O0;2141908;52000;00-16-41
run_opt_test0_O0;2300000;52000;00-16-41
run_opt_test0_O0;2300000;52000;00-16-41
run_opt_test0_O0;2300000;52000;00-16-41
run_opt_test0_O0;2228714;52000;00-16-41
run_opt_test0_O0;2133703;52000;00-16-41
run_opt_test0_O0;2300000;52000;00-16-42
run_opt_test0_O0;2146185;52000;00-16-42
run_opt_test0_O0;2299976;52000;00-16-42
run_opt_test0_O0;2252604;52000;00-16-42
run_opt_test0_O0;2300000;52000;00-16-42
run_opt_test0_O0;2300000;52000;00-16-42
run_opt_test0_O0;2300000;52000;00-16-42
run_opt_test0_O0;2283433;52000;00-16-43
run_opt_test0_O0;2299976;52000;00-16-43
run_opt_test0_O0;2300000;52000;00-16-43
run_opt_test0_O0;2109956;52000;00-16-43
run_opt_test0_O0;2300000;52000;00-16-43
run_opt_test0_O0;2300000;52000;00-16-43
run_opt_test0_O0;2299976;52000;00-16-43
run_opt_test0_O0;2300000;52000;00-16-43
run_opt_test0_O0;2300000;52000;00-16-44
run_opt_test0_O0;2300000;52000;00-16-44
run_opt_test0_O0;2300000;52000;00-16-44
run_opt_test0_O0;2299953;50000;00-16-44
run_opt_test0_O0;2300000;50000;00-16-44
run_opt_test0_O0;2188776;50000;00-16-44
run_opt_test0_O0;2150163;50000;00-16-44
run_opt_test0_O0;2300000;50000;00-16-45
run_opt_test0_O0;2211140;50000;00-16-45
run_opt_test0_O0;2300046;50000;00-16-45
run_opt_test0_O0;2300000;50000;00-16-45
run_opt_test0_O0;2103951;50000;00-16-45
run_opt_test0_O0;2300000;50000;00-16-45
run_opt_test0_O0;2300000;50000;00-16-45
run_opt_test0_O0;2300000;50000;00-16-46
run_opt_test0_O0;2226264;50000;00-16-46
run_opt_test0_O0;2299976;50000;00-16-46
run_opt_test0_O0;2299976;50000;00-16-46
run_opt_test0_O0;2300000;50000;00-16-46
run_opt_test0_O0;2300000;52000;00-16-46
run_opt_test0_O0;2300000;52000;00-16-46
run_opt_test0_O0;2099707;52000;00-16-47
run_opt_test0_O0;2300000;52000;00-16-47
run_opt_test0_O0;2299976;52000;00-16-47
run_opt_test0_O0;2300000;52000;00-16-47
run_opt_test0_O0;2210680;52000;00-16-47
run_opt_test0_O0;2300000;52000;00-16-47
run_opt_test0_O0;2203574;50000;00-16-47
run_opt_test0_O0;2274939;50000;00-16-47
run_opt_test0_O0;2299976;50000;00-16-48
run_opt_test0_O0;2300000;50000;00-16-48
run_opt_test0_O0;2300000;50000;00-16-48
run_opt_test0_O0;2299976;50000;00-16-48
run_opt_test0_O0;2159687;50000;00-16-48
run_opt_test0_O0;2299976;50000;00-16-48
run_opt_test0_O0;2117323;52000;00-16-48
run_opt_test0_O0;2300000;52000;00-16-49
run_opt_test0_O0;2300000;52000;00-16-49
run_opt_test0_O0;2300000;52000;00-16-49
run_opt_test0_O0;2300000;52000;00-16-49
run_opt_test0_O0;2300000;52000;00-16-49
run_opt_test0_O0;2221219;52000;00-16-49
run_opt_test0_O0;2255161;52000;00-16-49
run_opt_test0_O0;2300761;52000;00-16-50
run_opt_test0_O0;2221263;52000;00-16-50
run_opt_test0_O0;2300000;52000;00-16-50
run_opt_test0_O0;2285791;52000;00-16-50
run_opt_test0_O0;2300023;52000;00-16-50
run_opt_test0_O0;2300000;52000;00-16-50
run_opt_test0_O0;2300000;52000;00-16-50
run_opt_test0_O0;2300023;52000;00-16-51
run_opt_test0_O0;2287094;50000;00-16-51
run_opt_test0_O0;2300000;50000;00-16-51
run_opt_test0_O0;2222331;50000;00-16-51
run_opt_test0_O0;2106442;50000;00-16-51
run_opt_test0_O0;2299976;50000;00-16-51
run_opt_test0_O0;2299976;50000;00-16-51
run_opt_test0_O0;2300000;50000;00-16-52
run_opt_test0_O0;2300000;50000;00-16-52
run_opt_test0_O0;2300000;50000;00-16-52
run_opt_test0_O0;2299976;50000;00-16-52
run_opt_test0_O0;2300000;50000;00-16-52
run_opt_test0_O0;2300000;50000;00-16-52
run_opt_test0_O0;2214572;50000;00-16-52
run_opt_test0_O0;2300000;50000;00-16-52
run_opt_test0_O0;2300023;50000;00-16-53
run_opt_test0_O0;2299976;50000;00-16-53
run_opt_test0_O0;2228349;50000;00-16-53
run_opt_test0_O0;2300000;50000;00-16-53
run_opt_test0_O0;2300000;50000;00-16-53
run_opt_test0_O0;2300000;50000;00-16-53
run_opt_test0_O0;2278892;50000;00-16-53
run_opt_test0_O0;2299976;50000;00-16-54
run_opt_test0_O0;2299953;50000;00-16-54
run_opt_test0_O0;2300000;50000;00-16-54
run_opt_test0_O0;2300000;50000;00-16-54
run_opt_test0_O0;2133312;50000;00-16-54
run_opt_test0_O0;2300000;50000;00-16-54
run_opt_test0_O0;2109056;50000;00-16-54
run_opt_test0_O0;2300000;50000;00-16-55
run_opt_test0_O0;2300000;50000;00-16-55
run_opt_test0_O0;2299976;50000;00-16-55
run_opt_test0_O0;2300000;50000;00-16-55
run_opt_test0_O0;2300023;52000;00-16-55
run_opt_test0_O0;2299976;52000;00-16-55
run_opt_test0_O0;2299976;52000;00-16-55
run_opt_test0_O0;2300000;52000;00-16-56
run_opt_test0_O0;2205436;52000;00-16-56
run_opt_test0_O0;2300023;52000;00-16-56
run_opt_test0_O0;2300000;52000;00-16-56
run_opt_test0_O0;2300000;52000;00-16-56
run_opt_test0_O0;2300023;50000;00-16-56
run_opt_test0_O0;2300023;50000;00-16-56
run_opt_test0_O0;2204447;50000;00-16-56
run_opt_test0_O0;2299976;50000;00-16-57
run_opt_test0_O0;2299976;50000;00-16-57
run_opt_test0_O0;2299976;50000;00-16-57
run_opt_test0_O0;2300000;50000;00-16-57
run_opt_test0_O0;2193629;50000;00-16-57
run_opt_test0_O0;2300000;50000;00-16-57
run_opt_test0_O0;2128965;50000;00-16-57
run_opt_test0_O0;2300023;50000;00-16-58
run_opt_test0_O0;2239081;50000;00-16-58
run_opt_test0_O0;2257344;50000;00-16-58
run_opt_test0_O0;2300000;50000;00-16-58
run_opt_test0_O0;2300000;50000;00-16-58
run_opt_test0_O0;2270827;50000;00-16-58
run_opt_test0_O0;2300000;50000;00-16-58
run_opt_test0_O0;2300000;50000;00-16-59
run_opt_test0_O0;2300023;50000;00-16-59
run_opt_test0_O0;2300000;50000;00-16-59
run_opt_test0_O0;2300023;50000;00-16-59
run_opt_test0_O0;2300000;50000;00-16-59
run_opt_test0_O0;2129666;50000;00-16-59
run_opt_test0_O0;2300023;50000;00-16-59
run_opt_test0_O0;2300000;50000;00-17-00
run_opt_test0_O0;2300000;50000;00-17-00
run_opt_test0_O0;2300000;50000;00-17-00
run_opt_test0_O0;2300000;50000;00-17-00
run_opt_test0_O0;2245093;50000;00-17-00
run_opt_test0_O0;2201635;50000;00-17-00
run_opt_test0_O0;2300000;50000;00-17-00
run_opt_test0_O0;2200927;50000;00-17-00
run_opt_test0_O0;2300000;50000;00-17-01
run_opt_test0_O0;2300000;50000;00-17-01
run_opt_test0_O0;2300000;50000;00-17-01
run_opt_test0_O0;2299976;50000;00-17-01
run_opt_test0_O0;2157496;50000;00-17-01
run_opt_test0_O0;2299976;50000;00-17-01
run_opt_test0_O0;2299976;50000;00-17-01
run_opt_test0_O0;2282284;50000;00-17-02
run_opt_test0_O0;2153536;50000;00-17-02
run_opt_test0_O0;2300000;50000;00-17-02
run_opt_test0_O0;2239547;50000;00-17-02
run_opt_test0_O0;2232404;50000;00-17-02
run_opt_test0_O0;2300000;50000;00-17-02
run_opt_test0_O0;2300023;50000;00-17-02
run_opt_test0_O0;2299976;50000;00-17-03
run_opt_test0_O0;2229353;50000;00-17-03
run_opt_test0_O0;2300000;50000;00-17-03
run_opt_test0_O0;2220614;50000;00-17-03
run_opt_test0_O0;2299976;50000;00-17-03
run_opt_test0_O0;2300023;50000;00-17-03
run_opt_test0_O0;2300000;50000;00-17-03
run_opt_test0_O0;2300000;50000;00-17-04
run_opt_test0_O0;2300000;50000;00-17-04
run_opt_test0_O0;2299976;50000;00-17-04
run_opt_test0_O0;2240663;50000;00-17-04
run_opt_test0_O0;2300000;50000;00-17-04
run_opt_test0_O0;2300000;50000;00-17-04
run_opt_test0_O0;2300000;50000;00-17-04
run_opt_test0_O0;2206896;50000;00-17-04
run_opt_test0_O0;2300000;50000;00-17-05
run_opt_test0_O0;2297650;50000;00-17-05
run_opt_test0_O0;2300000;50000;00-17-05
run_opt_test0_O0;2253537;48000;00-17-05
run_opt_test0_O0;2220668;48000;00-17-05
run_opt_test0_O0;2300000;48000;00-17-05
run_opt_test0_O0;2118171;48000;00-17-05
run_opt_test0_O0;2300023;48000;00-17-06
run_opt_test0_O0;2300000;48000;00-17-06
run_opt_test0_O0;2300000;48000;00-17-06
run_opt_test0_O0;2251117;48000;00-17-06
run_opt_test0_O0;2299976;50000;00-17-06
run_opt_test0_O0;2280724;50000;00-17-06
run_opt_test0_O0;2299976;50000;00-17-06
run_opt_test0_O0;2300000;50000;00-17-07
run_opt_test0_O0;2300000;50000;00-17-07
run_opt_test0_O0;2300000;50000;00-17-07
run_opt_test0_O0;2300000;50000;00-17-07
run_opt_test0_O0;2129159;50000;00-17-07
run_opt_test0_O0;2131225;50000;00-17-07
run_opt_test0_O0;2300023;50000;00-17-07
run_opt_test0_O0;2300023;50000;00-17-08
run_opt_test0_O0;2300000;50000;00-17-08
run_opt_test0_O0;2300000;50000;00-17-08
run_opt_test0_O0;2299976;50000;00-17-08
run_opt_test0_O0;2300000;50000;00-17-08
run_opt_test0_O0;2192807;50000;00-17-08
run_opt_test0_O0;2216317;50000;00-17-08
run_opt_test0_O0;2095853;50000;00-17-09
run_opt_test0_O0;2170891;50000;00-17-09
run_opt_test0_O0;2300023;50000;00-17-09
run_opt_test0_O0;2299976;50000;00-17-09
run_opt_test0_O0;2300000;50000;00-17-09
run_opt_test0_O0;2299976;50000;00-17-09
run_opt_test0_O0;2300000;50000;00-17-09
run_opt_test0_O0;2300000;52000;00-17-10
run_opt_test0_O0;2231319;52000;00-17-10
run_opt_test0_O0;2300023;52000;00-17-10
run_opt_test0_O0;2300000;52000;00-17-10
run_opt_test0_O0;2300000;52000;00-17-10
run_opt_test0_O0;2300000;52000;00-17-10
run_opt_test0_O0;2300023;52000;00-17-10
run_opt_test0_O0;2299976;52000;00-17-11
run_opt_test0_O0;2143395;50000;00-17-11
run_opt_test0_O0;2300023;50000;00-17-11
run_opt_test0_O0;2150038;50000;00-17-11
run_opt_test0_O0;2300023;50000;00-17-11
run_opt_test0_O0;2300000;50000;00-17-11
run_opt_test0_O0;2300000;50000;00-17-11
run_opt_test0_O0;2300000;50000;00-17-11
run_opt_test0_O0;2300000;50000;00-17-12
run_opt_test0_O0;2299976;50000;00-17-12
run_opt_test0_O0;2190087;50000;00-17-12
run_opt_test0_O0;2266499;50000;00-17-12
run_opt_test0_O0;2300023;50000;00-17-12
run_opt_test0_O0;2254417;50000;00-17-12
run_opt_test0_O0;2300000;50000;00-17-12
run_opt_test0_O0;2143955;50000;00-17-13
run_opt_test0_O0;2169216;50000;00-17-13
run_opt_test0_O0;2215659;50000;00-17-13
run_opt_test0_O0;2299976;50000;00-17-13
run_opt_test0_O0;2299976;50000;00-17-13
run_opt_test0_O0;2299976;50000;00-17-13
run_opt_test0_O0;2273274;50000;00-17-13
run_opt_test0_O0;2299976;50000;00-17-14
run_opt_test0_O0;2299976;50000;00-17-14
run_opt_test0_O0;2300000;50000;00-17-14
run_opt_test0_O0;2111565;48000;00-17-14
run_opt_test0_O0;2299976;48000;00-17-14
run_opt_test0_O0;2300161;48000;00-17-14
run_opt_test0_O0;2299976;48000;00-17-14
run_opt_test0_O0;2299976;48000;00-17-15
run_opt_test0_O0;2300000;48000;00-17-15
run_opt_test0_O0;2249277;48000;00-17-15
run_opt_test0_O0;2127335;48000;00-17-15
run_opt_test0_O0;2228610;50000;00-17-15
run_opt_test0_O0;2299976;50000;00-17-15
run_opt_test0_O0;2300000;50000;00-17-15
run_opt_test0_O0;2119565;50000;00-17-15
run_opt_test0_O0;2300000;50000;00-17-16
run_opt_test0_O0;2178367;50000;00-17-16
run_opt_test0_O0;2299976;50000;00-17-16
run_opt_test0_O0;2300000;50000;00-17-16
run_opt_test0_O0;2299976;50000;00-17-16
run_opt_test0_O0;2300023;50000;00-17-16
run_opt_test0_O0;2214623;50000;00-17-16
run_opt_test0_O0;2300000;50000;00-17-17
run_opt_test0_O0;2212930;50000;00-17-17
run_opt_test0_O0;2217924;50000;00-17-17
run_opt_test0_O0;2300023;50000;00-17-17
run_opt_test0_O0;2182177;50000;00-17-17
run_opt_test0_O0;2300000;48000;00-17-17
run_opt_test0_O0;2300000;48000;00-17-17
run_opt_test0_O0;2300000;48000;00-17-18
run_opt_test0_O0;2300000;48000;00-17-18
run_opt_test0_O0;2288444;48000;00-17-18
run_opt_test0_O0;2300000;48000;00-17-18
run_opt_test0_O0;2299815;48000;00-17-18
run_opt_test0_O0;2252448;48000;00-17-18
run_opt_test0_O0;2300000;50000;00-17-18
run_opt_test0_O0;2135164;50000;00-17-19
run_opt_test0_O0;2300000;50000;00-17-19
run_opt_test0_O0;2300000;50000;00-17-19
run_opt_test0_O0;2300000;50000;00-17-19
run_opt_test0_O0;2300000;50000;00-17-19
run_opt_test0_O0;2300000;50000;00-17-19
run_opt_test0_O0;2300023;50000;00-17-19
run_opt_test0_O0;2300000;50000;00-17-20
run_opt_test0_O0;2299976;50000;00-17-20
run_opt_test0_O0;2300000;50000;00-17-20
run_opt_test0_O0;2221689;50000;00-17-20
run_opt_test0_O0;2154584;50000;00-17-20
run_opt_test0_O0;2300000;50000;00-17-20
run_opt_test0_O0;2252153;50000;00-17-20
run_opt_test0_O0;2133470;50000;00-17-20
run_opt_test0_O0;2127563;48000;00-17-21
run_opt_test0_O0;2300000;48000;00-17-21
run_opt_test0_O0;2300000;48000;00-17-21
run_opt_test0_O0;2300000;48000;00-17-21
run_opt_test0_O0;2300000;48000;00-17-21
run_opt_test0_O0;2300000;48000;00-17-21
run_opt_test0_O0;2300000;48000;00-17-21
run_opt_test0_O0;2300000;48000;00-17-22
run_opt_test0_O0;2204660;48000;00-17-22
run_opt_test0_O0;2299976;48000;00-17-22
run_opt_test0_O0;2300000;48000;00-17-22
run_opt_test0_O0;2300000;48000;00-17-22
run_opt_test0_O0;2300023;48000;00-17-22
run_opt_test0_O0;2300000;48000;00-17-22
run_opt_test0_O0;2299976;48000;00-17-23
run_opt_test0_O0;2227080;48000;00-17-23
run_opt_test0_O0;2300000;48000;00-17-23
run_opt_test0_O0;2257633;48000;00-17-23
run_opt_test0_O0;2300023;48000;00-17-23
run_opt_test0_O0;2300023;48000;00-17-23
run_opt_test0_O0;2228246;48000;00-17-23
run_opt_test0_O0;2300000;48000;00-17-24
run_opt_test0_O0;2299976;48000;00-17-24
run_opt_test0_O0;2300000;48000;00-17-24
run_opt_test0_O0;2218480;48000;00-17-24
run_opt_test0_O0;2225960;48000;00-17-24
run_opt_test0_O0;2300000;48000;00-17-24
run_opt_test0_O0;2299976;48000;00-17-24
run_opt_test0_O0;2299976;48000;00-17-24
run_opt_test0_O0;2219207;48000;00-17-25
run_opt_test0_O0;2300023;48000;00-17-25
run_opt_test0_O0;2300000;48000;00-17-25
run_opt_test0_O0;2300000;48000;00-17-25
run_opt_test0_O0;2300000;48000;00-17-25
run_opt_test0_O0;2300000;48000;00-17-25
run_opt_test0_O0;2300000;48000;00-17-25
run_opt_test0_O0;2300023;48000;00-17-26
run_opt_test0_O0;2300000;48000;00-17-26
run_opt_test0_O0;2300000;48000;00-17-26
run_opt_test0_O0;2300023;48000;00-17-26
run_opt_test0_O0;2300000;48000;00-17-26
run_opt_test0_O0;2300000;48000;00-17-26
run_opt_test0_O0;2300000;48000;00-17-26
run_opt_test0_O0;2237816;48000;00-17-27
run_opt_test0_O0;2213810;48000;00-17-27
run_opt_test0_O0;2300000;48000;00-17-27
run_opt_test0_O0;2300023;48000;00-17-27
run_opt_test0_O0;2300000;48000;00-17-27
run_opt_test0_O0;2299976;48000;00-17-27
run_opt_test0_O0;2300000;48000;00-17-27
run_opt_test0_O0;2300000;48000;00-17-28
run_opt_test0_O0;2300000;48000;00-17-28
run_opt_test0_O0;2147619;48000;00-17-28
run_opt_test0_O0;2145540;48000;00-17-28
run_opt_test0_O0;2217058;48000;00-17-28
run_opt_test0_O0;2262938;48000;00-17-28
run_opt_test0_O0;2204638;48000;00-17-28
run_opt_test0_O0;2248585;48000;00-17-28
run_opt_test0_O0;2215432;48000;00-17-29
run_opt_test0_O0;2300000;48000;00-17-29
run_opt_test0_O0;2215766;48000;00-17-29
run_opt_test0_O0;2223748;48000;00-17-29
run_opt_test0_O0;2300023;48000;00-17-29
run_opt_test0_O0;2300000;48000;00-17-29
run_opt_test0_O0;2300000;48000;00-17-29
run_opt_test0_O0;2299976;48000;00-17-30
run_opt_test0_O0;2299976;48000;00-17-30
run_opt_test0_O0;2118123;48000;00-17-30
run_opt_test0_O0;2300000;48000;00-17-30
run_opt_test0_O0;2216951;48000;00-17-30
run_opt_test0_O0;2225846;48000;00-17-30
run_opt_test0_O0;2299976;48000;00-17-30
run_opt_test0_O0;2204325;48000;00-17-31
run_opt_test0_O0;2300000;48000;00-17-31
run_opt_test0_O0;2300000;48000;00-17-31
run_opt_test0_O0;2300000;48000;00-17-31
run_opt_test0_O0;2267054;48000;00-17-31
run_opt_test0_O0;2169278;48000;00-17-31
run_opt_test0_O0;2300000;48000;00-17-31
run_opt_test0_O0;2300000;48000;00-17-31
run_opt_test0_O0;2148507;48000;00-17-32
run_opt_test0_O0;2300046;48000;00-17-32
run_opt_test0_O0;2300000;48000;00-17-32
run_opt_test0_O0;2300000;48000;00-17-32
run_opt_test0_O0;2284562;48000;00-17-32
run_opt_test0_O0;2300023;48000;00-17-32
run_opt_test0_O0;2246142;48000;00-17-32
run_opt_test0_O0;2177910;48000;00-17-33
run_opt_test0_O0;2300000;48000;00-17-33
run_opt_test0_O0;2245786;48000;00-17-33
run_opt_test0_O0;2299976;48000;00-17-33
run_opt_test0_O0;2131377;48000;00-17-33
run_opt_test0_O0;2206062;48000;00-17-33
run_opt_test0_O0;2216305;48000;00-17-33
run_opt_test0_O0;2151825;48000;00-17-34
run_opt_test0_O0;2300000;48000;00-17-34
run_opt_test0_O0;2300000;48000;00-17-34
run_opt_test0_O0;2300000;48000;00-17-34
run_opt_test0_O0;2300000;48000;00-17-34
run_opt_test0_O0;2229520;48000;00-17-34
run_opt_test0_O0;2300000;48000;00-17-34
run_opt_test0_O0;2198855;48000;00-17-35
run_opt_test0_O0;2207426;48000;00-17-35
run_opt_test0_O0;2300023;48000;00-17-35
run_opt_test0_O0;2300000;48000;00-17-35
run_opt_test0_O0;2300000;48000;00-17-35
run_opt_test0_O0;2300000;48000;00-17-35
run_opt_test0_O0;2300000;48000;00-17-35
run_opt_test0_O0;2289012;48000;00-17-35
run_opt_test0_O0;2192841;48000;00-17-36
run_opt_test0_O0;2299976;48000;00-17-36
run_opt_test0_O0;2300000;48000;00-17-36
run_opt_test0_O0;2300000;48000;00-17-36
run_opt_test0_O0;2300000;48000;00-17-36
run_opt_test0_O0;2230241;48000;00-17-36
run_opt_test0_O0;2300000;48000;00-17-36
run_opt_test0_O0;2207139;48000;00-17-37
run_opt_test0_O0;2300000;48000;00-17-37
run_opt_test0_O0;2300023;48000;00-17-37
run_opt_test0_O0;2300000;48000;00-17-37
run_opt_test0_O0;2102410;48000;00-17-37
run_opt_test0_O0;2225080;48000;00-17-37
run_opt_test0_O0;2300000;48000;00-17-37
run_opt_test0_O0;2300000;48000;00-17-38
run_opt_test0_O0;2110299;48000;00-17-38
run_opt_test0_O0;2300023;48000;00-17-38
run_opt_test0_O0;2300000;48000;00-17-38
run_opt_test0_O0;2300000;48000;00-17-38
run_opt_test0_O0;2192499;48000;00-17-38
run_opt_test0_O0;2300023;48000;00-17-38
run_opt_test0_O0;2175744;48000;00-17-39
run_opt_test0_O0;2202416;48000;00-17-39
run_opt_test0_O0;2300000;48000;00-17-39
run_opt_test0_O0;2300000;48000;00-17-39
run_opt_test0_O0;2264156;48000;00-17-39
run_opt_test0_O0;2299976;48000;00-17-39
run_opt_test0_O0;2300000;48000;00-17-39
run_opt_test0_O0;2227377;48000;00-17-39
run_opt_test0_O0;2300000;48000;00-17-40
run_opt_test0_O0;2192475;48000;00-17-40
run_opt_test0_O0;2299976;48000;00-17-40
run_opt_test0_O0;2300000;48000;00-17-40
run_opt_test0_O0;2300023;48000;00-17-40
run_opt_test0_O0;2189844;48000;00-17-40
run_opt_test0_O0;2300000;48000;00-17-40
run_opt_test0_O0;2299976;48000;00-17-41
run_opt_test0_O0;2300023;48000;00-17-41
run_opt_test0_O0;2300461;48000;00-17-41
run_opt_test0_O0;2299976;48000;00-17-41
run_opt_test0_O0;2300023;48000;00-17-41
run_opt_test0_O0;2300000;48000;00-17-41
run_opt_test0_O0;2206547;48000;00-17-41
run_opt_test0_O0;2232578;48000;00-17-42
run_opt_test0_O0;2299976;48000;00-17-42
run_opt_test0_O0;2174744;48000;00-17-42
run_opt_test0_O0;2299976;48000;00-17-42
run_opt_test0_O0;2300000;48000;00-17-42
run_opt_test0_O0;2300000;48000;00-17-42
run_opt_test0_O0;2266021;48000;00-17-42
run_opt_test0_O0;2300000;48000;00-17-43
run_opt_test0_O0;2300000;48000;00-17-43
run_opt_test0_O0;2300000;48000;00-17-43
run_opt_test0_O0;2232706;48000;00-17-43
run_opt_test0_O0;2300023;48000;00-17-43
run_opt_test0_O0;2300000;48000;00-17-43
run_opt_test0_O0;2299976;48000;00-17-43
run_opt_test0_O0;2272798;48000;00-17-44
run_opt_test0_O0;2300000;48000;00-17-44
run_opt_test0_O0;2300000;48000;00-17-44
run_opt_test0_O0;2300023;48000;00-17-44
run_opt_test0_O0;2300000;48000;00-17-44
run_opt_test0_O0;2174614;48000;00-17-44
run_opt_test0_O0;2300000;48000;00-17-44
run_opt_test0_O0;2243911;48000;00-17-44
run_opt_test0_O0;2151740;48000;00-17-45
run_opt_test0_O0;2299976;48000;00-17-45
run_opt_test0_O0;2300023;48000;00-17-45
run_opt_test0_O0;2299976;48000;00-17-45
run_opt_test0_O0;2300023;48000;00-17-45
run_opt_test0_O0;2210529;48000;00-17-45
run_opt_test0_O0;2290329;48000;00-17-45
run_opt_test0_O0;2300023;48000;00-17-46
run_opt_test0_O0;2300000;48000;00-17-46
run_opt_test0_O0;2300000;48000;00-17-46
run_opt_test0_O0;2300000;48000;00-17-46
run_opt_test0_O0;2300000;48000;00-17-46
run_opt_test0_O0;2300000;48000;00-17-46
run_opt_test0_O0;2210532;48000;00-17-46
run_opt_test0_O0;2300046;48000;00-17-47
run_opt_test0_O0;2300023;48000;00-17-47
run_opt_test0_O0;2083079;48000;00-17-47
run_opt_test0_O0;2299976;48000;00-17-47
run_opt_test0_O0;2300000;48000;00-17-47
run_opt_test0_O0;2300184;48000;00-17-47
run_opt_test0_O0;2300023;48000;00-17-47
run_opt_test0_O0;2144944;48000;00-17-48
run_opt_test0_O0;2037178;48000;00-17-48
run_opt_test0_O0;2300000;48000;00-17-48
run_opt_test0_O0;2299976;48000;00-17-48
run_opt_test0_O0;2091001;48000;00-17-48
run_opt_test0_O0;2300023;48000;00-17-48
run_opt_test0_O0;2300023;48000;00-17-48
run_opt_test0_O0;2300023;48000;00-17-49
run_opt_test0_O0;2239856;48000;00-17-49
run_opt_test0_O0;2300000;48000;00-17-49
run_opt_test0_O0;2299976;48000;00-17-49
run_opt_test0_O0;2175016;48000;00-17-49
run_opt_test0_O0;2300000;48000;00-17-49
run_opt_test0_O0;2300023;48000;00-17-49
run_opt_test0_O0;2300000;48000;00-17-49
run_opt_test0_O0;2300023;48000;00-17-50
run_opt_test0_O0;2300023;48000;00-17-50
run_opt_test0_O0;2300000;48000;00-17-50
run_opt_test0_O0;2300023;48000;00-17-50
run_opt_test0_O0;2299976;48000;00-17-50
run_opt_test0_O0;2182917;48000;00-17-50
run_opt_test0_O0;2194937;48000;00-17-50
run_opt_test0_O0;2205923;48000;00-17-51
run_opt_test0_O0;2299976;48000;00-17-51
run_opt_test0_O0;2300000;48000;00-17-51
run_opt_test0_O0;2299976;48000;00-17-51
run_opt_test0_O0;2191581;48000;00-17-51
run_opt_test0_O0;2121631;48000;00-17-51
run_opt_test0_O0;2299976;48000;00-17-51
run_opt_test0_O0;2299976;48000;00-17-52
run_opt_test0_O0;2193685;48000;00-17-52
run_opt_test0_O0;2300023;48000;00-17-52
run_opt_test0_O0;2300023;48000;00-17-52
run_opt_test0_O0;2300000;48000;00-17-52
run_opt_test0_O0;2300023;48000;00-17-52
run_opt_test0_O0;2300000;48000;00-17-52
run_opt_test0_O0;2300000;48000;00-17-53
run_opt_test0_O0;2233110;48000;00-17-53
run_opt_test0_O0;2299976;48000;00-17-53
run_opt_test0_O0;2116213;48000;00-17-53
run_opt_test0_O0;2300000;48000;00-17-53
run_opt_test0_O0;2300023;48000;00-17-53
run_opt_test0_O0;2299976;48000;00-17-53
run_opt_test0_O0;2299976;48000;00-17-54
run_opt_test0_O0;2300000;48000;00-17-54
run_opt_test0_O0;2300000;48000;00-17-54
run_opt_test0_O0;2300023;48000;00-17-54
run_opt_test0_O0;2300000;48000;00-17-54
run_opt_test0_O0;2300000;48000;00-17-54
run_opt_test0_O0;2300000;48000;00-17-54
run_opt_test0_O0;2215594;48000;00-17-55
run_opt_test0_O0;2300000;48000;00-17-55
run_opt_test0_O0;2300023;48000;00-17-55
run_opt_test0_O0;2300000;48000;00-17-55
run_opt_test0_O0;2113015;48000;00-17-55
run_opt_test0_O0;2300000;48000;00-17-55
run_opt_test0_O0;2299976;48000;00-17-55
run_opt_test0_O0;2300000;48000;00-17-56
run_opt_test0_O0;2300000;48000;00-17-56
run_opt_test0_O0;2300000;48000;00-17-56
run_opt_test0_O0;2300000;48000;00-17-56
run_opt_test0_O0;2300000;48000;00-17-56
run_opt_test0_O0;2300000;48000;00-17-56
run_opt_test0_O0;2143287;48000;00-17-56
run_opt_test0_O0;2300046;48000;00-17-56
run_opt_test0_O0;2300000;48000;00-17-57
run_opt_test0_O0;2300000;48000;00-17-57
run_opt_test0_O0;2300023;48000;00-17-57
run_opt_test0_O0;2300000;48000;00-17-57
run_opt_test0_O0;2300000;48000;00-17-57
run_opt_test0_O0;2300000;48000;00-17-57
run_opt_test0_O0;2300000;48000;00-17-57
run_opt_test0_O0;2300000;48000;00-17-58
run_opt_test0_O0;2300000;48000;00-17-58
run_opt_test0_O0;2300000;48000;00-17-58
run_opt_test0_O0;2300046;48000;00-17-58
run_opt_test0_O0;2300023;48000;00-17-58
run_opt_test0_O0;2300023;48000;00-17-58
run_opt_test0_O0;2299976;48000;00-17-58
run_opt_test0_O0;2300000;48000;00-17-59
run_opt_test0_O0;2221687;48000;00-17-59
run_opt_test0_O0;2300000;48000;00-17-59
run_opt_test0_O0;2300000;48000;00-17-59
run_opt_test0_O0;2243436;48000;00-17-59
run_opt_test0_O0;2300023;48000;00-17-59
run_opt_test0_O0;2300000;48000;00-17-59
run_opt_test0_O0;2300000;48000;00-18-00
run_opt_test0_O0;2300000;48000;00-18-00
run_opt_test0_O0;2093938;48000;00-18-00
run_opt_test0_O0;2173385;48000;00-18-00
run_opt_test0_O0;2300000;48000;00-18-00
run_opt_test0_O0;2244249;48000;00-18-00
run_opt_test0_O0;2219013;48000;00-18-00
run_opt_test0_O0;2300000;48000;00-18-00
run_opt_test0_O0;2225429;48000;00-18-01
run_opt_test0_O0;2300000;48000;00-18-01
run_opt_test0_O0;2123416;48000;00-18-01
run_opt_test0_O0;2186463;48000;00-18-01
run_opt_test0_O0;2160670;48000;00-18-01
run_opt_test0_O0;2153063;48000;00-18-01
run_opt_test0_O0;2300000;48000;00-18-01
run_opt_test0_O0;2220807;48000;00-18-02
run_opt_test0_O0;2287196;48000;00-18-02
run_opt_test0_O0;2300000;48000;00-18-02
run_opt_test0_O0;2300000;48000;00-18-02
run_opt_test0_O0;2299976;48000;00-18-02
run_opt_test0_O0;2299976;48000;00-18-02
run_opt_test0_O0;2230905;48000;00-18-02
run_opt_test0_O0;2300000;48000;00-18-03
run_opt_test0_O0;2300000;48000;00-18-03
run_opt_test0_O0;2300000;48000;00-18-03
run_opt_test0_O0;2299976;48000;00-18-03
run_opt_test0_O0;2300023;48000;00-18-03
run_opt_test0_O0;2300000;48000;00-18-03
run_opt_test0_O0;2299976;48000;00-18-03
run_opt_test0_O0;2300000;48000;00-18-04
run_opt_test0_O0;2300000;48000;00-18-04
run_opt_test0_O0;2300000;48000;00-18-04
run_opt_test0_O0;2300023;48000;00-18-04
run_opt_test0_O0;2300000;48000;00-18-04
run_opt_test0_O0;2230603;48000;00-18-04
run_opt_test0_O0;2146615;48000;00-18-04
run_opt_test0_O0;2300000;48000;00-18-04
run_opt_test0_O0;2300000;48000;00-18-05
run_opt_test0_O0;2300046;48000;00-18-05
run_opt_test0_O0;2300023;48000;00-18-05
run_opt_test0_O0;2300023;48000;00-18-05
run_opt_test0_O0;2300000;48000;00-18-05
run_opt_test0_O0;2300000;48000;00-18-05
run_opt_test0_O0;2299976;48000;00-18-05
run_opt_test0_O0;2299976;48000;00-18-06
run_opt_test0_O0;2300000;48000;00-18-06
run_opt_test0_O0;2253466;48000;00-18-06
run_opt_test0_O0;2299976;48000;00-18-06
run_opt_test0_O0;2300023;48000;00-18-06
run_opt_test0_O0;2090623;48000;00-18-06
run_opt_test0_O0;2240363;48000;00-18-06
run_opt_test0_O0;2299976;48000;00-18-07
run_opt_test0_O0;2230203;48000;00-18-07
run_opt_test0_O0;2300000;48000;00-18-07
run_opt_test0_O0;2300000;48000;00-18-07
run_opt_test0_O0;2300023;48000;00-18-07
run_opt_test0_O0;2127679;48000;00-18-07
run_opt_test0_O0;2300000;48000;00-18-07
run_opt_test0_O0;2300000;48000;00-18-08
run_opt_test0_O0;2256925;48000;00-18-08
run_opt_test0_O0;2300000;48000;00-18-08
run_opt_test0_O0;2103324;48000;00-18-08
run_opt_test0_O0;2300023;48000;00-18-08
run_opt_test0_O0;2198882;48000;00-18-08
run_opt_test0_O0;2113647;48000;00-18-08
run_opt_test0_O0;2122018;48000;00-18-08
run_opt_test0_O0;2300023;48000;00-18-09
run_opt_test0_O0;2300000;48000;00-18-09
run_opt_test0_O0;2300000;48000;00-18-09
run_opt_test0_O0;2299976;48000;00-18-09
run_opt_test0_O0;2300023;48000;00-18-09
run_opt_test0_O0;2300000;48000;00-18-09
run_opt_test0_O0;2299976;48000;00-18-09
run_opt_test0_O0;2300000;48000;00-18-10
run_opt_test0_O0;2299976;48000;00-18-10
run_opt_test0_O0;2300000;48000;00-18-10
run_opt_test0_O0;2299976;48000;00-18-10
run_opt_test0_O0;2300000;48000;00-18-10
run_opt_test0_O0;2300023;48000;00-18-10
run_opt_test0_O0;2300000;48000;00-18-10
run_opt_test0_O0;2299976;48000;00-18-11
run_opt_test0_O0;2300000;48000;00-18-11
run_opt_test0_O0;2300000;48000;00-18-11
run_opt_test0_O0;2223751;48000;00-18-11
run_opt_test0_O0;2300000;48000;00-18-11
run_opt_test0_O0;2300000;48000;00-18-11
run_opt_test0_O0;2300000;48000;00-18-11
run_opt_test0_O0;2300000;48000;00-18-12
run_opt_test0_O0;2300023;48000;00-18-12
run_opt_test0_O0;2207066;48000;00-18-12
run_opt_test0_O0;2300023;48000;00-18-12
run_opt_test0_O0;2300000;48000;00-18-12
run_opt_test0_O0;2299976;48000;00-18-12
run_opt_test0_O0;2213971;48000;00-18-12
run_opt_test0_O0;2300000;48000;00-18-12
run_opt_test0_O0;2233130;48000;00-18-13
run_opt_test0_O0;2141571;48000;00-18-13
run_opt_test0_O0;2206328;48000;00-18-13
run_opt_test0_O0;2300000;48000;00-18-13
run_opt_test0_O0;2300000;48000;00-18-13
run_opt_test0_O0;2300000;48000;00-18-13
run_opt_test0_O0;2200166;48000;00-18-13
run_opt_test0_O0;2300023;48000;00-18-14
run_opt_test0_O0;2197512;48000;00-18-14
run_opt_test0_O0;2299976;48000;00-18-14
run_opt_test0_O0;2299953;48000;00-18-14
run_opt_test0_O0;2300023;48000;00-18-14
run_opt_test0_O0;2300000;48000;00-18-14
run_opt_test0_O0;2300000;48000;00-18-14
run_opt_test0_O0;2300184;48000;00-18-15
run_opt_test0_O0;2299976;48000;00-18-15
run_opt_test0_O0;2300000;48000;00-18-15
run_opt_test0_O0;2300000;48000;00-18-15
run_opt_test0_O0;2207937;48000;00-18-15
run_opt_test0_O0;2300000;48000;00-18-15
run_opt_test0_O0;2128864;48000;00-18-15
run_opt_test0_O0;2252435;48000;00-18-16
run_opt_test0_O0;2300000;48000;00-18-16
run_opt_test0_O0;2103918;48000;00-18-16
run_opt_test0_O0;2128261;48000;00-18-16
run_opt_test0_O0;2299976;48000;00-18-16
run_opt_test0_O0;2300000;48000;00-18-16
run_opt_test0_O0;2300000;48000;00-18-16
run_opt_test0_O0;2300023;48000;00-18-17
run_opt_test0_O0;2299976;48000;00-18-17
run_opt_test0_O0;2300000;48000;00-18-17
run_opt_test0_O0;2299976;48000;00-18-17
run_opt_test0_O0;2299953;48000;00-18-17
run_opt_test0_O0;2154417;48000;00-18-17
run_opt_test0_O0;2300000;48000;00-18-17
run_opt_test0_O0;2300023;48000;00-18-17
run_opt_test0_O0;2162634;48000;00-18-18
run_opt_test0_O0;2163583;48000;00-18-18
run_opt_test0_O0;2300000;48000;00-18-18
run_opt_test0_O0;2300000;48000;00-18-18
run_opt_test0_O0;2300023;48000;00-18-18
run_opt_test0_O0;2123460;48000;00-18-18
run_opt_test0_O0;2300023;48000;00-18-18
run_opt_test0_O0;2299976;48000;00-18-19
run_opt_test0_O0;2299976;48000;00-18-19
run_opt_test0_O0;2300000;48000;00-18-19
run_opt_test0_O0;2300000;48000;00-18-19
run_opt_test0_O0;2300000;48000;00-18-19
run_opt_test0_O0;2300000;48000;00-18-19
run_opt_test0_O0;2300000;48000;00-18-19
run_opt_test0_O0;2300000;48000;00-18-20
run_opt_test0_O0;2300000;48000;00-18-20
run_opt_test0_O0;2209543;48000;00-18-20
run_opt_test0_O0;2190255;48000;00-18-20
run_opt_test0_O0;2299976;48000;00-18-20
run_opt_test0_O0;2300000;48000;00-18-20
run_opt_test0_O0;2189877;48000;00-18-20
run_opt_test0_O0;2300000;48000;00-18-21
run_opt_test0_O0;2300000;48000;00-18-21
run_opt_test0_O0;2270591;48000;00-18-21
run_opt_test0_O0;2296064;48000;00-18-21
run_opt_test0_O0;2299976;48000;00-18-21
run_opt_test0_O0;2176535;48000;00-18-21
run_opt_test0_O0;2299976;48000;00-18-21
run_opt_test0_O0;2300000;48000;00-18-21
run_opt_test0_O0;2300000;48000;00-18-22
run_opt_test0_O0;2300023;48000;00-18-22
run_opt_test0_O0;2299976;48000;00-18-22
run_opt_test0_O0;2092964;48000;00-18-22
run_opt_test0_O0;2300000;48000;00-18-22
run_opt_test0_O0;2206674;48000;00-18-22
run_opt_test0_O0;2300023;48000;00-18-22
run_opt_test0_O0;2300023;48000;00-18-23
run_opt_test0_O0;2299976;48000;00-18-23
run_opt_test0_O0;2300000;48000;00-18-23
run_opt_test0_O0;2300023;48000;00-18-23
run_opt_test0_O0;2299976;48000;00-18-23
run_opt_test0_O0;2300023;48000;00-18-23
run_opt_test0_O0;2213952;48000;00-18-23
run_opt_test0_O0;2300000;48000;00-18-24
run_opt_test0_O0;2300000;48000;00-18-24
run_opt_test0_O0;2300000;48000;00-18-24
run_opt_test0_O0;2300023;48000;00-18-24
run_opt_test0_O0;2229312;48000;00-18-24
run_opt_test0_O0;2300023;48000;00-18-24
run_opt_test0_O0;2300000;48000;00-18-24
run_opt_test0_O0;2300000;48000;00-18-25
run_opt_test0_O0;2299953;48000;00-18-25
run_opt_test0_O0;2300000;48000;00-18-25
run_opt_test0_O0;2300000;48000;00-18-25
run_opt_test0_O0;2300000;48000;00-18-25
run_opt_test0_O0;2299976;48000;00-18-25
run_opt_test0_O0;2299976;48000;00-18-25
run_opt_test0_O0;2213759;48000;00-18-25
run_opt_test0_O0;2300000;48000;00-18-26
run_opt_test0_O0;2300000;48000;00-18-26
run_opt_test0_O0;2300046;48000;00-18-26
run_opt_test0_O0;2300000;48000;00-18-26
run_opt_test0_O0;2231490;48000;00-18-26
run_opt_test0_O0;2300000;48000;00-18-26
run_opt_test0_O0;2300023;48000;00-18-27
run_opt_test0_O0;2300023;48000;00-18-27
run_opt_test0_O0;2300000;48000;00-18-27
run_opt_test0_O0;2300000;48000;00-18-27
run_opt_test0_O0;2300023;48000;00-18-27
run_opt_test0_O0;2300000;48000;00-18-27
run_opt_test0_O0;2131589;48000;00-18-27
run_opt_test0_O0;2299976;48000;00-18-27
run_opt_test0_O0;2300000;48000;00-18-28
run_opt_test0_O0;2300000;48000;00-18-28
run_opt_test0_O0;2299976;48000;00-18-28
run_opt_test0_O0;2300000;46000;00-18-28
run_opt_test0_O0;2300000;46000;00-18-28
run_opt_test0_O0;2300000;46000;00-18-28
run_opt_test0_O0;2166490;46000;00-18-28
run_opt_test0_O0;2299976;46000;00-18-29
run_opt_test0_O0;2300000;46000;00-18-29
run_opt_test0_O0;2300023;46000;00-18-29
run_opt_test0_O0;2300023;46000;00-18-29
run_opt_test0_O0;2300000;48000;00-18-29
run_opt_test0_O0;2300023;48000;00-18-29
run_opt_test0_O0;2299976;48000;00-18-29
run_opt_test0_O0;2300000;48000;00-18-30
run_opt_test0_O0;2300000;48000;00-18-30
run_opt_test0_O0;2128698;48000;00-18-30
run_opt_test0_O0;2131272;48000;00-18-30
run_opt_test0_O0;2117286;48000;00-18-30
run_opt_test0_O0;2144058;46000;00-18-30
run_opt_test0_O0;2228714;46000;00-18-30
run_opt_test0_O0;2300023;46000;00-18-31
run_opt_test0_O0;2300000;46000;00-18-31
run_opt_test0_O0;2300023;46000;00-18-31
run_opt_test0_O0;2246170;46000;00-18-31
run_opt_test0_O0;2300000;46000;00-18-31
run_opt_test0_O0;2300184;46000;00-18-31
run_opt_test0_O0;2300046;48000;00-18-31
run_opt_test0_O0;2300000;48000;00-18-32
run_opt_test0_O0;2123190;48000;00-18-32
run_opt_test0_O0;2300000;48000;00-18-32
run_opt_test0_O0;2300023;48000;00-18-32
run_opt_test0_O0;2300000;48000;00-18-32
run_opt_test0_O0;2300000;48000;00-18-32
run_opt_test0_O0;2300023;48000;00-18-32
run_opt_test0_O0;2300023;46000;00-18-32
run_opt_test0_O0;2300000;46000;00-18-33
run_opt_test0_O0;2300023;46000;00-18-33
run_opt_test0_O0;2138680;46000;00-18-33
run_opt_test0_O0;2300184;46000;00-18-33
run_opt_test0_O0;2300000;46000;00-18-33
run_opt_test0_O0;2300023;46000;00-18-33
run_opt_test0_O0;2300000;46000;00-18-33
run_opt_test0_O0;2300000;48000;00-18-34
run_opt_test0_O2;5100000;60000;00-18-50
run_opt_test0_O2;4157240;60000;00-18-50
run_opt_test0_O2;2500000;60000;00-18-50
run_opt_test0_O2;2800000;60000;00-18-50
run_opt_test0_O2;2300000;60000;00-18-50
run_opt_test0_O2;2300000;60000;00-18-50
run_opt_test0_O2;2300000;60000;00-18-50
run_opt_test0_O2;2300000;60000;00-18-51
run_opt_test0_O2;2299976;48000;00-18-51
run_opt_test0_O2;2300000;48000;00-18-51
run_opt_test0_O2;2300000;48000;00-18-51
run_opt_test0_O2;2300023;48000;00-18-51
run_opt_test0_O2;2100021;48000;00-18-51
run_opt_test0_O2;2300000;48000;00-18-51
run_opt_test0_O2;2300000;48000;00-18-52
run_opt_test0_O2;2300000;48000;00-18-52
run_opt_test0_O2;2300023;48000;00-18-52
run_opt_test0_O2;2300000;48000;00-18-52
run_opt_test0_O2;2300000;48000;00-18-52
run_opt_test0_O2;2300023;48000;00-18-52
run_opt_test0_O2;2299976;48000;00-18-52
run_opt_test0_O2;2299976;48000;00-18-53
run_opt_test0_O2;2200000;48000;00-18-53
run_opt_test0_O2;2300000;48000;00-18-53
run_opt_test0_O2;1999979;48000;00-18-53
run_opt_test0_O2;2300000;48000;00-18-53
run_opt_test0_O2;2000020;48000;00-18-53
run_opt_test0_O2;2300046;48000;00-18-54
run_opt_test0_O2;2300000;48000;00-18-54
run_opt_test0_O2;2300023;48000;00-18-54
run_opt_test0_O2;2200000;46000;00-18-54
run_opt_test0_O2;2300000;46000;00-18-54
run_opt_test0_O2;2300023;46000;00-18-54
run_opt_test0_O2;2300000;46000;00-18-54
run_opt_test0_O2;2300023;46000;00-18-55
run_opt_test0_O2;2300023;46000;00-18-55
run_opt_test0_O2;2300023;46000;00-18-55
run_opt_test0_O2;2300023;46000;00-18-55
run_opt_test0_O2;2100000;46000;00-18-55
run_opt_test0_O2;2300000;46000;00-18-55
run_opt_test0_O2;2300023;46000;00-18-55
run_opt_test0_O2;2300000;46000;00-18-55
run_opt_test0_O2;2300000;46000;00-18-56
run_opt_test0_O2;2300000;46000;00-18-56
run_opt_test0_O2;2300023;46000;00-18-56
run_opt_test0_O2;2100000;46000;00-18-56
run_opt_test0_O2;2300000;48000;00-18-56
run_opt_test0_O2;2299976;48000;00-18-56
run_opt_test0_O2;2300000;48000;00-18-56
run_opt_test0_O2;2300000;48000;00-18-57
run_opt_test0_O2;2300023;48000;00-18-57
run_opt_test0_O2;2300000;48000;00-18-57
run_opt_test0_O2;2200000;48000;00-18-57
run_opt_test0_O2;2300000;48000;00-18-57
run_opt_test0_O2;2300000;46000;00-18-57
run_opt_test0_O2;2300000;46000;00-18-57
run_opt_test0_O2;2200022;46000;00-18-58
run_opt_test0_O2;2200000;46000;00-18-58
run_opt_test0_O2;2299976;46000;00-18-58
run_opt_test0_O2;2200000;46000;00-18-58
run_opt_test0_O2;2300023;46000;00-18-58
run_opt_test0_O2;2300000;46000;00-18-58
run_opt_test0_O2;2300000;46000;00-18-58
run_opt_test0_O2;2300023;46000;00-18-59
run_opt_test0_O2;2200000;46000;00-18-59
run_opt_test0_O2;2100021;46000;00-18-59
run_opt_test0_O2;2000000;46000;00-18-59
run_opt_test0_O2;2300023;46000;00-18-59
run_opt_test0_O2;2000020;46000;00-18-59
run_opt_test0_O2;2300000;46000;00-18-59
run_opt_test0_O2;2000020;48000;00-19-00
run_opt_test0_O2;2300000;48000;00-19-00
run_opt_test0_O2;2299976;48000;00-19-00
run_opt_test0_O2;2300000;48000;00-19-00
run_opt_test0_O2;2300000;48000;00-19-00
run_opt_test0_O2;2300000;48000;00-19-00
run_opt_test0_O2;2299976;48000;00-19-00
run_opt_test0_O2;2300000;48000;00-19-01
run_opt_test0_O2;1900019;48000;00-19-01
run_opt_test0_O2;2242883;48000;00-19-01
run_opt_test0_O2;2299976;48000;00-19-01
run_opt_test0_O2;2300000;48000;00-19-01
run_opt_test0_O2;2300000;48000;00-19-01
run_opt_test0_O2;2300000;48000;00-19-01
run_opt_test0_O2;2000000;48000;00-19-01
run_opt_test0_O2;2299953;48000;00-19-02
run_opt_test0_O2;2300000;48000;00-19-02
run_opt_test0_O2;2100021;48000;00-19-02
run_opt_test0_O2;2300023;48000;00-19-02
run_opt_test0_O2;2300000;48000;00-19-02
run_opt_test0_O2;2300000;48000;00-19-02
run_opt_test0_O2;2300000;48000;00-19-02
run_opt_test0_O2;2199977;48000;00-19-03
run_opt_test0_O2;2300000;48000;00-19-03
run_opt_test0_O2;2300000;46000;00-19-03
run_opt_test0_O2;2300000;46000;00-19-03
run_opt_test0_O2;2299976;46000;00-19-03
run_opt_test0_O2;2300000;46000;00-19-03
run_opt_test0_O2;1900019;46000;00-19-03
run_opt_test0_O2;2300000;46000;00-19-04
run_opt_test0_O2;2100000;46000;00-19-04
run_opt_test0_O2;2100000;46000;00-19-04
run_opt_test0_O2;2300000;46000;00-19-04
run_opt_test0_O2;2300000;46000;00-19-04
run_opt_test0_O2;2300000;46000;00-19-04
run_opt_test0_O2;2300023;46000;00-19-04
run_opt_test0_O2;2300000;46000;00-19-05
run_opt_test0_O2;2300000;46000;00-19-05
run_opt_test0_O2;2300000;46000;00-19-05
run_opt_test0_O2;2000020;46000;00-19-05
run_opt_test0_O2;2000000;46000;00-19-05
run_opt_test0_O2;2300000;46000;00-19-05
run_opt_test0_O2;2300000;46000;00-19-05
run_opt_test0_O2;2300000;46000;00-19-06
run_opt_test0_O2;2300023;46000;00-19-06
run_opt_test0_O2;2300000;46000;00-19-06
run_opt_test0_O2;2299976;46000;00-19-06
run_opt_test0_O2;2300000;46000;00-19-06
run_opt_test0_O2;2299976;48000;00-19-06
run_opt_test0_O2;2200000;48000;00-19-06
run_opt_test0_O2;2300000;48000;00-19-07
run_opt_test0_O2;2299976;48000;00-19-07
run_opt_test0_O2;2300023;48000;00-19-07
run_opt_test0_O2;2300023;48000;00-19-07
run_opt_test0_O2;2300000;48000;00-19-07
run_opt_test0_O2;2299976;48000;00-19-07
run_opt_test0_O2;2300023;48000;00-19-07
run_opt_test0_O2;2300000;48000;00-19-08
run_opt_test0_O2;2300000;48000;00-19-08
run_opt_test0_O2;2300023;48000;00-19-08
run_opt_test0_O2;2300023;48000;00-19-08
run_opt_test0_O2;2300000;48000;00-19-08
run_opt_test0_O2;2300000;48000;00-19-08
run_opt_test0_O2;2299976;48000;00-19-08
run_opt_test0_O2;2300000;46000;00-19-08
run_opt_test0_O2;2300023;46000;00-19-09
run_opt_test0_O2;2300023;46000;00-19-09
run_opt_test0_O2;2300023;46000;00-19-09
run_opt_test0_O2;2300023;46000;00-19-09
run_opt_test0_O2;2300000;46000;00-19-09
run_opt_test0_O2;2300000;46000;00-19-09
run_opt_test0_O2;2300023;46000;00-19-09
run_opt_test0_O2;2300000;46000;00-19-10
run_opt_test0_O2;1999979;46000;00-19-10
run_opt_test0_O2;2299976;46000;00-19-10
run_opt_test0_O2;2300000;46000;00-19-10
run_opt_test0_O2;2300023;46000;00-19-10
run_opt_test0_O2;2300000;46000;00-19-10
run_opt_test0_O2;2300023;46000;00-19-10
run_opt_test0_O2;2300000;46000;00-19-11
run_opt_test0_O2;2299976;48000;00-19-11
run_opt_test0_O2;2300000;48000;00-19-11
run_opt_test0_O2;2300000;48000;00-19-11
run_opt_test0_O2;2300000;48000;00-19-11
run_opt_test0_O2;2300000;48000;00-19-11
run_opt_test0_O2;2300000;48000;00-19-11
run_opt_test0_O2;2300000;48000;00-19-12
run_opt_test0_O2;2300000;48000;00-19-12
run_opt_test0_O2;2300000;48000;00-19-12
run_opt_test0_O2;2299976;48000;00-19-12
run_opt_test0_O2;2300023;48000;00-19-12
run_opt_test0_O2;2300000;48000;00-19-12
run_opt_test0_O2;2300000;48000;00-19-12
run_opt_test0_O2;2300023;48000;00-19-13
run_opt_test0_O2;2300000;48000;00-19-13
run_opt_test0_O2;2300000;48000;00-19-13
run_opt_test0_O2;2300000;48000;00-19-13
run_opt_test0_O2;2300023;48000;00-19-13
run_opt_test0_O2;2300023;48000;00-19-13
run_opt_test0_O2;2300000;48000;00-19-13
run_opt_test0_O2;2100000;48000;00-19-13
run_opt_test0_O2;2300000;48000;00-19-14
run_opt_test0_O2;2300046;48000;00-19-14
run_opt_test0_O2;2300023;46000;00-19-14
run_opt_test0_O2;2299976;46000;00-19-14
run_opt_test0_O2;2300000;46000;00-19-14
run_opt_test0_O2;2300023;46000;00-19-14
run_opt_test0_O2;2300023;46000;00-19-15
run_opt_test0_O2;2100021;46000;00-19-15
run_opt_test0_O2;2300000;46000;00-19-15
run_opt_test0_O2;2300000;46000;00-19-15
run_opt_test0_O2;2300000;46000;00-19-15
run_opt_test0_O2;2000020;46000;00-19-15
run_opt_test0_O2;2299976;46000;00-19-15
run_opt_test0_O2;2300023;46000;00-19-15
run_opt_test0_O2;2300000;46000;00-19-16
run_opt_test0_O2;2300023;46000;00-19-16
run_opt_test0_O2;2299976;46000;00-19-16
run_opt_test0_O2;2299976;46000;00-19-16
run_opt_test0_O2;2000000;46000;00-19-16
run_opt_test0_O2;2300023;46000;00-19-16
run_opt_test0_O2;2300000;46000;00-19-16
run_opt_test0_O2;2300000;46000;00-19-17
run_opt_test0_O2;2300000;46000;00-19-17
run_opt_test0_O2;2300000;46000;00-19-17
run_opt_test0_O2;2299976;46000;00-19-17
run_opt_test0_O2;2000000;46000;00-19-17
run_opt_test0_O2;2300000;46000;00-19-17
run_opt_test0_O2;2300000;46000;00-19-17
run_opt_test0_O2;2300000;46000;00-19-18
run_opt_test0_O2;2300023;46000;00-19-18
run_opt_test0_O2;2300023;46000;00-19-18
run_opt_test0_O2;2299976;46000;00-19-18
run_opt_test0_O2;2000020;46000;00-19-18
run_opt_test0_O2;2300000;48000;00-19-18
run_opt_test0_O2;2300000;48000;00-19-18
run_opt_test0_O2;2299976;48000;00-19-19
run_opt_test0_O2;2300000;48000;00-19-19
run_opt_test0_O2;2299976;48000;00-19-19
run_opt_test0_O2;2300000;48000;00-19-19
run_opt_test0_O2;2300000;48000;00-19-19
run_opt_test0_O2;2300000;48000;00-19-19
run_opt_test0_O2;2000000;46000;00-19-19
run_opt_test0_O2;2300023;46000;00-19-20
run_opt_test0_O2;2100000;46000;00-19-20
run_opt_test0_O2;2300000;46000;00-19-20
run_opt_test0_O2;2300000;46000;00-19-20
run_opt_test0_O2;2300000;46000;00-19-20
run_opt_test0_O2;2300000;46000;00-19-20
run_opt_test0_O2;2300000;46000;00-19-20
run_opt_test0_O2;2300023;48000;00-19-21
run_opt_test0_O2;2300000;48000;00-19-21
run_opt_test0_O2;2300000;48000;00-19-21
run_opt_test0_O2;2300000;48000;00-19-21
run_opt_test0_O2;2299953;48000;00-19-21
run_opt_test0_O2;2200000;48000;00-19-21
run_opt_test0_O2;2300023;48000;00-19-21
run_opt_test0_O2;2300000;48000;00-19-22
run_opt_test0_O2;2299976;46000;00-19-22
run_opt_test0_O2;2299976;46000;00-19-22
run_opt_test0_O2;2300000;46000;00-19-22
run_opt_test0_O2;2300000;46000;00-19-22
run_opt_test0_O2;2300000;46000;00-19-22
run_opt_test0_O2;2300000;46000;00-19-22
run_opt_test0_O2;2300000;46000;00-19-23
run_opt_test0_O2;2099978;46000;00-19-23
run_opt_test0_O2;2099978;48000;00-19-23
run_opt_test0_O2;2300000;48000;00-19-23
run_opt_test0_O2;2300000;48000;00-19-23
run_opt_test0_O2;2300000;48000;00-19-23
run_opt_test0_O2;2299976;48000;00-19-23
run_opt_test0_O2;2300000;48000;00-19-24
run_opt_test0_O2;2300000;48000;00-19-24
run_opt_test0_O2;2300000;48000;00-19-24
run_opt_test0_O2;2300000;48000;00-19-24
run_opt_test0_O2;2300000;48000;00-19-24
run_opt_test0_O2;2299976;48000;00-19-24
run_opt_test0_O2;2300000;48000;00-19-24
run_opt_test0_O2;2300000;48000;00-19-25
run_opt_test0_O2;2300000;48000;00-19-25
run_opt_test0_O2;2300023;48000;00-19-25
run_opt_test0_O2;2300023;46000;00-19-25
run_opt_test0_O2;2299976;46000;00-19-25
run_opt_test0_O2;2300000;46000;00-19-25
run_opt_test0_O2;2300000;46000;00-19-25
run_opt_test0_O2;2000020;46000;00-19-26
run_opt_test0_O2;2300000;46000;00-19-26
run_opt_test0_O2;2300000;46000;00-19-26
run_opt_test0_O2;2300023;46000;00-19-26
run_opt_test0_O2;2300000;46000;00-19-26
run_opt_test0_O2;2299976;46000;00-19-26
run_opt_test0_O2;2300000;46000;00-19-26
run_opt_test0_O2;2300000;46000;00-19-26
run_opt_test0_O2;2300000;46000;00-19-27
run_opt_test0_O2;2300000;46000;00-19-27
run_opt_test0_O2;2300000;46000;00-19-27
run_opt_test0_O2;2300000;46000;00-19-27
run_opt_test0_O2;2300000;48000;00-19-27
run_opt_test0_O2;2300000;48000;00-19-27
run_opt_test0_O2;2300000;48000;00-19-27
run_opt_test0_O2;2300000;48000;00-19-28
run_opt_test0_O2;2300000;48000;00-19-28
run_opt_test0_O2;2300000;48000;00-19-28
run_opt_test0_O2;2300000;48000;00-19-28
run_opt_test0_O2;2300000;48000;00-19-28
run_opt_test0_O2;2300000;46000;00-19-28
run_opt_test0_O2;2300000;46000;00-19-28
run_opt_test0_O2;2300000;46000;00-19-29
run_opt_test0_O2;1899980;46000;00-19-29
run_opt_test0_O2;2300023;46000;00-19-29
run_opt_test0_O2;2299976;46000;00-19-29
run_opt_test0_O2;2300000;46000;00-19-29
run_opt_test0_O2;2299976;46000;00-19-29
run_opt_test0_O2;2300000;46000;00-19-29
run_opt_test0_O2;2299976;46000;00-19-30
run_opt_test0_O2;2200000;46000;00-19-30
run_opt_test0_O2;2300000;46000;00-19-30
run_opt_test0_O2;2300000;46000;00-19-30
run_opt_test0_O2;2299976;46000;00-19-30
run_opt_test0_O2;2299976;46000;00-19-30
run_opt_test0_O2;2300023;46000;00-19-30
run_opt_test0_O2;2300000;48000;00-19-31
run_opt_test0_O2;2300000;48000;00-19-31
run_opt_test0_O2;2300000;48000;00-19-31
run_opt_test0_O2;2300000;48000;00-19-31
run_opt_test0_O2;2300023;48000;00-19-31
run_opt_test0_O2;2299976;48000;00-19-31
run_opt_test0_O2;2299976;48000;00-19-31
run_opt_test0_O2;2299976;48000;00-19-32
run_opt_test0_O2;2300000;46000;00-19-32
run_opt_test0_O2;2200000;46000;00-19-32
run_opt_test0_O2;2299976;46000;00-19-32
run_opt_test0_O2;2299976;46000;00-19-32
run_opt_test0_O2;2300000;46000;00-19-32
run_opt_test0_O2;2200000;46000;00-19-32
run_opt_test0_O2;2300000;46000;00-19-33
run_opt_test0_O2;2299976;46000;00-19-33
run_opt_test0_O2;2300000;46000;00-19-33
run_opt_test0_O2;2300000;46000;00-19-33
run_opt_test0_O2;2300023;46000;00-19-33
run_opt_test0_O2;2100000;46000;00-19-33
run_opt_test0_O2;2300023;46000;00-19-33
run_opt_test0_O2;2299976;46000;00-19-33
run_opt_test0_O2;2300000;46000;00-19-34
run_opt_test0_O2;2300000;46000;00-19-34
run_opt_test0_O2;2300000;46000;00-19-34
run_opt_test0_O2;2300023;46000;00-19-34
run_opt_test0_O2;2300000;46000;00-19-34
run_opt_test0_O2;2299976;46000;00-19-34
run_opt_test0_O2;2300000;46000;00-19-34
run_opt_test0_O2;2300000;46000;00-19-35
run_opt_test0_O2;2300000;46000;00-19-35
run_opt_test0_O2;2300000;46000;00-19-35
run_opt_test0_O2;2300000;46000;00-19-35
run_opt_test0_O2;2300023;46000;00-19-35
run_opt_test0_O2;2299976;46000;00-19-35
run_opt_test0_O2;2300000;46000;00-19-36
run_opt_test0_O2;2300000;46000;00-19-36
run_opt_test0_O2;2300023;46000;00-19-36
run_opt_test0_O2;2100021;46000;00-19-36
run_opt_test0_O2;2100000;46000;00-19-36
run_opt_test0_O2;2299976;46000;00-19-36
run_opt_test0_O2;2300000;46000;00-19-36
run_opt_test0_O2;2299976;46000;00-19-36
run_opt_test0_O2;2300023;46000;00-19-37
run_opt_test0_O2;2300000;46000;00-19-37
run_opt_test0_O2;1999979;46000;00-19-37
run_opt_test0_O2;2300000;46000;00-19-37
run_opt_test0_O2;2300023;48000;00-19-37
run_opt_test0_O2;2300000;48000;00-19-37
run_opt_test0_O2;2300000;48000;00-19-37
run_opt_test0_O2;2300000;48000;00-19-38
run_opt_test0_O2;2300000;48000;00-19-38
run_opt_test0_O2;2300000;48000;00-19-38
run_opt_test0_O2;2300000;48000;00-19-38
run_opt_test0_O2;2300000;48000;00-19-38
run_opt_test0_O2;2300023;48000;00-19-38
run_opt_test0_O2;2300023;48000;00-19-38
run_opt_test0_O2;2300000;48000;00-19-39
run_opt_test0_O2;2300000;48000;00-19-39
run_opt_test0_O2;2300000;48000;00-19-39
run_opt_test0_O2;2300000;48000;00-19-39
run_opt_test0_O2;2300000;48000;00-19-39
run_opt_test0_O2;2300000;48000;00-19-39
run_opt_test0_O2;2300023;46000;00-19-39
run_opt_test0_O2;2300023;46000;00-19-40
run_opt_test0_O2;2300000;46000;00-19-40
run_opt_test0_O2;2300000;46000;00-19-40
run_opt_test0_O2;2300000;46000;00-19-40
run_opt_test0_O2;2300023;46000;00-19-40
run_opt_test0_O2;2300000;46000;00-19-40
run_opt_test0_O2;2300023;46000;00-19-40
run_opt_test0_O2;2300000;48000;00-19-41
run_opt_test0_O2;2300000;48000;00-19-41
run_opt_test0_O2;2300000;48000;00-19-41
run_opt_test0_O2;2300000;48000;00-19-41
run_opt_test0_O2;2299976;48000;00-19-41
run_opt_test0_O2;2300000;48000;00-19-41
run_opt_test0_O2;2300000;48000;00-19-41
run_opt_test0_O2;2299976;48000;00-19-42
run_opt_test0_O2;2300000;48000;00-19-42
run_opt_test0_O2;2300000;48000;00-19-42
run_opt_test0_O2;2300000;48000;00-19-42
run_opt_test0_O2;2300000;48000;00-19-42
run_opt_test0_O2;2300023;48000;00-19-42
run_opt_test0_O2;2021080;48000;00-19-42
run_opt_test0_O2;2300000;48000;00-19-43
run_opt_test0_O2;2300000;48000;00-19-43
run_opt_test0_O2;2300023;46000;00-19-43
run_opt_test0_O2;2099978;46000;00-19-43
run_opt_test0_O2;2300000;46000;00-19-43
run_opt_test0_O2;2300000;46000;00-19-43
run_opt_test0_O2;2300000;46000;00-19-43
run_opt_test0_O2;2299976;46000;00-19-43
run_opt_test0_O2;2300000;46000;00-19-44
run_opt_test0_O2;2300000;46000;00-19-44
run_opt_test0_O2;2299976;48000;00-19-44
run_opt_test0_O2;2300000;48000;00-19-44
run_opt_test0_O2;2300000;48000;00-19-44
run_opt_test0_O2;2300000;48000;00-19-44
run_opt_test0_O2;2299976;48000;00-19-44
run_opt_test0_O2;2300000;48000;00-19-45
run_opt_test0_O2;2300000;48000;00-19-45
run_opt_test0_O2;2300023;48000;00-19-45
run_opt_test0_O2;2300000;48000;00-19-45
run_opt_test0_O2;2299953;48000;00-19-45
run_opt_test0_O2;2300000;48000;00-19-45
run_opt_test0_O2;2300000;48000;00-19-45
run_opt_test0_O2;2300023;48000;00-19-46
run_opt_test0_O2;2300000;48000;00-19-46
run_opt_test0_O2;2300000;48000;00-19-46
run_opt_test0_O2;2300000;48000;00-19-46
run_opt_test0_O2;2000020;48000;00-19-46
run_opt_test0_O2;2299976;48000;00-19-46
run_opt_test0_O2;2300000;48000;00-19-46
run_opt_test0_O2;2100000;48000;00-19-47
run_opt_test0_O2;2300000;48000;00-19-47
run_opt_test0_O2;2300000;48000;00-19-47
run_opt_test0_O2;2300023;48000;00-19-47
run_opt_test0_O2;2300000;48000;00-19-47
run_opt_test0_O2;2300023;48000;00-19-47
run_opt_test0_O2;2000020;48000;00-19-47
run_opt_test0_O2;2300023;48000;00-19-48
run_opt_test0_O2;2299976;48000;00-19-48
run_opt_test0_O2;2300000;48000;00-19-48
run_opt_test0_O2;2100021;48000;00-19-48
run_opt_test0_O2;2300000;48000;00-19-48
run_opt_test0_O2;2300023;48000;00-19-48
run_opt_test0_O2;2299976;48000;00-19-48
run_opt_test0_O2;2299976;48000;00-19-49
run_opt_test0_O2;2300000;48000;00-19-49
run_opt_test0_O2;2300000;48000;00-19-49
run_opt_test0_O2;2300000;48000;00-19-49
run_opt_test0_O2;2300000;48000;00-19-49
run_opt_test0_O2;2299976;48000;00-19-49
run_opt_test0_O2;2300000;48000;00-19-49
run_opt_test0_O2;2300023;48000;00-19-50
run_opt_test0_O2;2300000;48000;00-19-50
run_opt_test0_O2;2300023;48000;00-19-50
run_opt_test0_O2;2300023;48000;00-19-50
run_opt_test0_O2;2299976;48000;00-19-50
run_opt_test0_O2;2300000;48000;00-19-50
run_opt_test0_O2;2300023;48000;00-19-50
run_opt_test0_O2;2300000;48000;00-19-50
run_opt_test0_O2;2300023;48000;00-19-51
run_opt_test0_O2;2300023;48000;00-19-51
run_opt_test0_O2;2300000;48000;00-19-51
run_opt_test0_O2;2299976;48000;00-19-51
run_opt_test0_O2;2300000;48000;00-19-51
run_opt_test0_O2;2300000;48000;00-19-51
run_opt_test0_O2;2300000;48000;00-19-51
run_opt_test0_O2;2300000;48000;00-19-52
run_opt_test0_O2;2299976;48000;00-19-52
run_opt_test0_O2;2300000;48000;00-19-52
run_opt_test0_O2;2300000;48000;00-19-52
run_opt_test0_O2;2300023;48000;00-19-52
run_opt_test0_O2;2300023;48000;00-19-52
run_opt_test0_O2;2300000;48000;00-19-52
run_opt_test0_O2;2300000;48000;00-19-53
run_opt_test0_O2;2300023;48000;00-19-53
run_opt_test0_O2;2300000;48000;00-19-53
run_opt_test0_O2;2300000;48000;00-19-53
run_opt_test0_O2;2300000;48000;00-19-53
run_opt_test0_O2;2300000;48000;00-19-53
run_opt_test0_O2;2100000;48000;00-19-53
run_opt_test0_O2;2299976;48000;00-19-54
run_opt_test0_O2;2100021;48000;00-19-54
run_opt_test0_O2;2300000;48000;00-19-54
run_opt_test0_O2;2300023;48000;00-19-54
run_opt_test0_O2;2300000;48000;00-19-54
run_opt_test0_O2;2300000;48000;00-19-54
run_opt_test0_O2;2300000;48000;00-19-54
run_opt_test0_O2;2300000;48000;00-19-55
run_opt_test0_O2;2300000;48000;00-19-55
run_opt_test0_O2;2300000;48000;00-19-55
run_opt_test0_O2;2300000;48000;00-19-55
run_opt_test0_O2;2300000;48000;00-19-55
run_opt_test0_O2;2300000;48000;00-19-55
run_opt_test0_O2;2099978;48000;00-19-55
run_opt_test0_O2;2300000;48000;00-19-56
run_opt_test0_O2;2300000;48000;00-19-56
run_opt_test0_O2;2300000;48000;00-19-56
run_opt_test0_O2;2300000;48000;00-19-56
run_opt_test0_O2;2300023;48000;00-19-56
run_opt_test0_O2;2300023;48000;00-19-56
run_opt_test0_O2;2300000;48000;00-19-56
run_opt_test0_O2;2300000;48000;00-19-57
run_opt_test0_O2;2100000;48000;00-19-57
run_opt_test0_O2;2300000;48000;00-19-57
run_opt_test0_O2;2300000;48000;00-19-57
run_opt_test0_O2;2300023;50000;00-19-57
run_opt_test0_O2;2100000;50000;00-19-57
run_opt_test0_O2;2300000;50000;00-19-57
run_opt_test0_O2;2299976;50000;00-19-58
run_opt_test0_O2;2300000;50000;00-19-58
run_opt_test0_O2;2300000;50000;00-19-58
run_opt_test0_O2;2300023;50000;00-19-58
run_opt_test0_O2;2300000;50000;00-19-58
run_opt_test0_O2;2300000;50000;00-19-58
run_opt_test0_O2;2300023;50000;00-19-58
run_opt_test0_O2;2300000;50000;00-19-59
run_opt_test0_O2;2299976;50000;00-19-59
run_opt_test0_O2;2300000;50000;00-19-59
run_opt_test0_O2;1900000;50000;00-19-59
run_opt_test0_O2;2299976;50000;00-19-59
run_opt_test0_O2;2300000;50000;00-19-59
run_opt_test0_O2;2300000;50000;00-19-59
run_opt_test0_O2;2300000;50000;00-20-00
run_opt_test0_O2;2300046;50000;00-20-00
run_opt_test0_O2;2200000;50000;00-20-00
run_opt_test0_O2;2300000;50000;00-20-00
run_opt_test0_O2;2300000;50000;00-20-00
run_opt_test0_O2;2300000;50000;00-20-00
run_opt_test0_O2;2300000;50000;00-20-00
run_opt_test0_O2;2300000;50000;00-20-01
run_opt_test0_O2;2299976;50000;00-20-01
run_opt_test0_O2;2300000;50000;00-20-01
run_opt_test0_O2;2300000;50000;00-20-01
run_opt_test0_O2;2299976;50000;00-20-01
run_opt_test0_O2;2299976;50000;00-20-01
run_opt_test0_O2;2300023;50000;00-20-01
run_opt_test0_O2;2300000;50000;00-20-02
run_opt_test0_O2;2200000;50000;00-20-02
run_opt_test0_O2;2300000;50000;00-20-02
run_opt_test0_O2;2300023;50000;00-20-02
run_opt_test0_O2;2300023;50000;00-20-02
run_opt_test0_O2;2300023;50000;00-20-02
run_opt_test0_O2;2300000;50000;00-20-02
run_opt_test0_O2;2300023;50000;00-20-02
run_opt_test0_O2;2300000;50000;00-20-03
run_opt_test0_O2;2300000;50000;00-20-03
run_opt_test0_O2;2300000;50000;00-20-03
run_opt_test0_O2;2300000;50000;00-20-03
run_opt_test0_O2;2300000;50000;00-20-03
run_opt_test0_O2;2100000;50000;00-20-03
run_opt_test0_O2;2200022;50000;00-20-03
run_opt_test0_O2;2300000;50000;00-20-04
run_opt_test0_O2;2300023;50000;00-20-04
run_opt_test0_O2;2300000;50000;00-20-04
run_opt_test0_O2;2300000;50000;00-20-04
run_opt_test0_O2;2300000;50000;00-20-04
run_opt_test0_O2;2300000;50000;00-20-04
run_opt_test0_O2;2300023;50000;00-20-04
run_opt_test0_O2;2300000;50000;00-20-05
run_opt_test0_O2;2300000;50000;00-20-05
run_opt_test0_O2;2300000;50000;00-20-05
run_opt_test0_O2;2300000;50000;00-20-05
run_opt_test0_O2;2099978;50000;00-20-05
run_opt_test0_O2;2300000;50000;00-20-05
run_opt_test0_O2;2300000;50000;00-20-05
run_opt_test0_O2;2300000;50000;00-20-06
run_opt_test0_O2;2300000;50000;00-20-06
run_opt_test0_O2;2300000;50000;00-20-06
run_opt_test0_O2;2299976;50000;00-20-06
run_opt_test0_O2;2300000;50000;00-20-06
run_opt_test0_O2;2300023;50000;00-20-06
run_opt_test0_O2;2300000;50000;00-20-06
run_opt_test0_O2;2300000;50000;00-20-07
run_opt_test0_O2;2300000;50000;00-20-07
run_opt_test0_O2;2300000;50000;00-20-07
run_opt_test0_O2;2299976;50000;00-20-07
run_opt_test0_O2;2300000;50000;00-20-07
run_opt_test0_O2;2300000;50000;00-20-07
run_opt_test0_O2;2300023;50000;00-20-07
run_opt_test0_O2;2300000;50000;00-20-08
run_opt_test0_O2;2299976;50000;00-20-08
run_opt_test0_O2;2300000;50000;00-20-08
run_opt_test0_O2;2300023;50000;00-20-08
run_opt_test0_O2;2300000;50000;00-20-08
run_opt_test0_O2;2300000;50000;00-20-08
run_opt_test0_O2;1899980;50000;00-20-08
run_opt_test0_O2;2300023;50000;00-20-09
run_opt_test0_O2;2300046;50000;00-20-09
run_opt_test0_O2;2300000;50000;00-20-09
run_opt_test0_O2;2300000;50000;00-20-09
run_opt_test0_O2;2299976;50000;00-20-09
run_opt_test0_O2;2300000;50000;00-20-09
run_opt_test0_O2;2200000;50000;00-20-09
run_opt_test0_O2;2300000;50000;00-20-10
run_opt_test0_O2;2300000;50000;00-20-10
run_opt_test0_O2;2300000;50000;00-20-10
run_opt_test0_O2;2200022;50000;00-20-10
run_opt_test0_O2;2300000;50000;00-20-10
run_opt_test0_O2;2300023;50000;00-20-10
run_opt_test0_O2;2300000;50000;00-20-10
run_opt_test0_O2;2300000;50000;00-20-11
run_opt_test0_O2;2100000;50000;00-20-11
run_opt_test0_O2;2300000;50000;00-20-11
run_opt_test0_O2;2200022;50000;00-20-11
run_opt_test0_O2;2299976;50000;00-20-11
run_opt_test0_O2;2300000;50000;00-20-11
run_opt_test0_O2;2300000;50000;00-20-11
run_opt_test0_O2;2300000;50000;00-20-11
run_opt_test0_O2;2300000;52000;00-20-12
run_opt_test0_O2;2300000;52000;00-20-12
run_opt_test0_O2;2300023;52000;00-20-12
run_opt_test0_O2;2300000;52000;00-20-12
run_opt_test0_O2;2300000;52000;00-20-12
run_opt_test0_O2;2300000;52000;00-20-12
run_opt_test0_O2;2300000;52000;00-20-12
run_opt_test0_O2;2300000;52000;00-20-13
run_opt_test0_O2;2300000;52000;00-20-13
run_opt_test0_O2;2299976;52000;00-20-13
run_opt_test0_O2;2300023;52000;00-20-13
run_opt_test0_O2;2300000;52000;00-20-13
run_opt_test0_O2;2300023;52000;00-20-13
run_opt_test0_O2;2300000;52000;00-20-13
run_opt_test0_O2;2299953;52000;00-20-14
run_opt_test0_O2;2300023;52000;00-20-14
run_opt_test0_O2;2300000;52000;00-20-14
run_opt_test0_O2;1900000;52000;00-20-14
run_opt_test0_O2;2300023;52000;00-20-14
run_opt_test0_O2;2300000;52000;00-20-14
run_opt_test0_O2;2300000;52000;00-20-14
run_opt_test0_O2;2300000;52000;00-20-15
run_opt_test0_O2;2300000;52000;00-20-15
run_opt_test0_O2;2300000;52000;00-20-15
run_opt_test0_O2;2000000;50000;00-20-15
run_opt_test0_O2;2300023;50000;00-20-15
run_opt_test0_O2;2300023;50000;00-20-15
run_opt_test0_O2;2300000;50000;00-20-15
run_opt_test0_O2;2300000;50000;00-20-16
run_opt_test0_O2;1900019;50000;00-20-16
run_opt_test0_O2;2300000;50000;00-20-16
run_opt_test0_O2;2300023;50000;00-20-16
run_opt_test0_O2;2300000;52000;00-20-16
run_opt_test0_O2;2300000;52000;00-20-16
run_opt_test0_O2;2299976;52000;00-20-16
run_opt_test0_O2;2299976;52000;00-20-16
run_opt_test0_O2;2300000;52000;00-20-17
run_opt_test0_O2;2300000;52000;00-20-17
run_opt_test0_O2;2300000;52000;00-20-17
run_opt_test0_O2;2300000;52000;00-20-17
run_opt_test0_O2;2300000;52000;00-20-17
run_opt_test0_O2;2300000;52000;00-20-17
run_opt_test0_O2;2300023;52000;00-20-17
run_opt_test0_O2;2300000;52000;00-20-18
run_opt_test0_O2;2300000;52000;00-20-18
run_opt_test0_O2;2099978;52000;00-20-18
run_opt_test0_O2;2299976;52000;00-20-18
run_opt_test0_O2;2300000;52000;00-20-18
run_opt_test0_O2;2300000;52000;00-20-18
run_opt_test0_O2;2300000;52000;00-20-18
run_opt_test0_O2;2300023;52000;00-20-19
run_opt_test0_O2;2299976;52000;00-20-19
run_opt_test0_O2;2300000;52000;00-20-19
run_opt_test0_O2;2300023;52000;00-20-19
run_opt_test0_O2;2300000;52000;00-20-19
run_opt_test0_O2;2300023;52000;00-20-19
run_opt_test0_O2;2300000;52000;00-20-19
run_opt_test0_O2;2300000;52000;00-20-20
run_opt_test0_O2;2299976;52000;00-20-20
run_opt_test0_O2;2300000;52000;00-20-20
run_opt_test0_O2;2300000;52000;00-20-20
run_opt_test0_O2;2300023;52000;00-20-20
run_opt_test0_O2;2300000;52000;00-20-20
run_opt_test0_O2;2300000;52000;00-20-20
run_opt_test0_O2;2299953;52000;00-20-21
run_opt_test0_O2;2300000;52000;00-20-21
run_opt_test0_O2;2300000;52000;00-20-21
run_opt_test0_O2;2300000;52000;00-20-21
run_opt_test0_O2;2300000;52000;00-20-21
run_opt_test0_O2;2200000;52000;00-20-21
run_opt_test0_O2;2300000;52000;00-20-21
run_opt_test0_O2;2300000;52000;00-20-22
run_opt_test0_O2;2100000;52000;00-20-22
run_opt_test0_O2;2300000;52000;00-20-22
run_opt_test0_O2;2300000;52000;00-20-22
run_opt_test0_O2;2299976;52000;00-20-22
run_opt_test0_O2;2300023;52000;00-20-22
run_opt_test0_O2;2300000;52000;00-20-22
run_opt_test0_O2;2200000;52000;00-20-23
run_opt_test0_O2;2299976;52000;00-20-23
run_opt_test0_O2;2299976;52000;00-20-23
run_opt_test0_O2;2300023;52000;00-20-23
run_opt_test0_O2;2300000;52000;00-20-23
run_opt_test0_O2;2300000;52000;00-20-23
run_opt_test0_O2;2300023;52000;00-20-23
run_opt_test0_O2;2300000;52000;00-20-24
run_opt_test0_O2;2300000;52000;00-20-24
run_opt_test0_O2;2300000;52000;00-20-24
run_opt_test0_O2;2300046;52000;00-20-24
run_opt_test0_O2;2300000;52000;00-20-24
run_opt_test0_O2;2099978;52000;00-20-24
run_opt_test0_O2;2300000;52000;00-20-24
run_opt_test0_O2;2199977;52000;00-20-24
run_opt_test0_O2;2300000;52000;00-20-25
run_opt_test0_O2;2300023;52000;00-20-25
run_opt_test0_O2;2300000;52000;00-20-25
run_opt_test0_O2;2300000;52000;00-20-25
run_opt_test0_O2;2299976;52000;00-20-25
run_opt_test0_O2;2300000;52000;00-20-25
run_opt_test0_O2;2300000;52000;00-20-26
run_opt_test0_O2;2300000;52000;00-20-26
run_opt_test0_O2;2300000;52000;00-20-26
run_opt_test0_O2;2300000;52000;00-20-26
run_opt_test0_O2;2300000;52000;00-20-26
run_opt_test0_O2;2000000;52000;00-20-26
run_opt_test0_O2;2300023;52000;00-20-26
run_opt_test0_O2;2300023;52000;00-20-27
run_opt_test0_O2;2200000;52000;00-20-27
run_opt_test0_O2;2300000;52000;00-20-27
run_opt_test0_O2;2300000;52000;00-20-27
run_opt_test0_O2;2300000;52000;00-20-27
run_opt_test0_O2;2300023;52000;00-20-27
run_opt_test0_O2;2300000;52000;00-20-27
run_opt_test0_O2;2300023;52000;00-20-28
run_opt_test0_O2;2300000;52000;00-20-28
run_opt_test0_O2;2300023;52000;00-20-28
run_opt_test0_O2;2300000;52000;00-20-28
run_opt_test0_O2;2300000;52000;00-20-28
run_opt_test0_O2;2300000;52000;00-20-28
run_opt_test0_O2;2300023;52000;00-20-28
run_opt_test0_O2;2300000;52000;00-20-29
run_opt_test0_O2;2300023;52000;00-20-29
run_opt_test0_O2;2299976;52000;00-20-29
run_opt_test0_O2;2300000;52000;00-20-29
run_opt_test0_O2;2300000;52000;00-20-29
run_opt_test0_O2;2300000;52000;00-20-29
run_opt_test0_O2;2300000;52000;00-20-29
run_opt_test0_O2;2300000;52000;00-20-30
run_opt_test0_O2;2300000;52000;00-20-30
run_opt_test0_O2;2300000;52000;00-20-30
run_opt_test0_O2;2300000;52000;00-20-30
run_opt_test0_O2;2300023;52000;00-20-30
run_opt_test0_O2;2300000;52000;00-20-30
run_opt_test0_O2;2300023;52000;00-20-30
run_opt_test0_O2;2299976;52000;00-20-30
run_opt_test0_O2;2300000;52000;00-20-31
run_opt_test0_O2;2299976;52000;00-20-31
run_opt_test0_O2;2300000;52000;00-20-31
run_opt_test0_O2;1899980;52000;00-20-31
run_opt_test0_O2;2300023;52000;00-20-31
run_opt_test0_O2;2300000;52000;00-20-31
run_opt_test0_O2;2100021;52000;00-20-31
run_opt_test0_O2;2300000;52000;00-20-32
run_opt_test0_O2;2300000;52000;00-20-32
run_opt_test0_O2;2300023;52000;00-20-32
run_opt_test0_O2;2300023;52000;00-20-32
run_opt_test0_O2;2300023;52000;00-20-32
run_opt_test0_O2;2300000;52000;00-20-32
run_opt_test0_O2;2299976;52000;00-20-32
run_opt_test0_O2;2300023;52000;00-20-33
run_opt_test0_O2;2300000;52000;00-20-33
run_opt_test0_O2;2300000;52000;00-20-33
run_opt_test0_O2;2300023;52000;00-20-33
run_opt_test0_O2;2300000;52000;00-20-33
run_opt_test0_O2;2300000;52000;00-20-33
run_opt_test0_O2;2300000;52000;00-20-34
run_opt_test0_O2;2300000;52000;00-20-34
run_opt_test0_O2;2299976;52000;00-20-34
run_opt_test0_O2;2300000;52000;00-20-34
run_opt_test0_O2;2300000;52000;00-20-34
run_opt_test0_O2;2300000;52000;00-20-34
run_opt_test0_O2;2300000;54000;00-20-34
run_opt_test0_O2;2100000;54000;00-20-35
run_opt_test0_O2;2100000;54000;00-20-35
run_opt_test0_O2;2300023;54000;00-20-35
run_opt_test0_O2;2300023;54000;00-20-35
run_opt_test0_O2;2299976;54000;00-20-35
run_opt_test0_O2;2300023;54000;00-20-35
run_opt_test0_O2;2300000;54000;00-20-35
run_opt_test0_O2;2300023;54000;00-20-36
run_opt_test0_O2;2300000;54000;00-20-36
run_opt_test0_O2;2300000;54000;00-20-36
run_opt_test0_O2;2299976;54000;00-20-36
run_opt_test0_O2;2300023;54000;00-20-36
run_opt_test0_O2;2300000;54000;00-20-36
run_opt_test0_O2;2300023;54000;00-20-36
run_opt_test0_O2;2300023;54000;00-20-36
run_opt_test0_O2;2300023;54000;00-20-37
run_opt_test0_O2;2300000;54000;00-20-37
run_opt_test0_O2;2300000;54000;00-20-37
run_opt_test0_O2;2300000;54000;00-20-37
run_opt_test0_O2;2300023;54000;00-20-37
run_opt_test0_O2;2299976;54000;00-20-37
run_opt_test0_O2;2300000;54000;00-20-37
run_opt_test0_O2;2300000;54000;00-20-38
run_opt_test0_O2;2300000;54000;00-20-38
run_opt_test0_O2;2300000;54000;00-20-38
run_opt_test0_O2;2300000;54000;00-20-38
run_opt_test0_O2;2299976;54000;00-20-38
run_opt_test0_O2;2199977;54000;00-20-38
run_opt_test0_O2;2300000;54000;00-20-38
run_opt_test0_O2;2299976;54000;00-20-39
run_opt_test0_O2;2299976;54000;00-20-39
run_opt_test0_O2;2300000;54000;00-20-39
run_opt_test0_O2;2300000;54000;00-20-39
run_opt_test0_O2;2300000;54000;00-20-39
run_opt_test0_O2;2300046;54000;00-20-39
run_opt_test0_O2;2100000;54000;00-20-39
run_opt_test0_O2;2300000;54000;00-20-40
run_opt_test0_O2;2300023;54000;00-20-40
run_opt_test0_O2;2300000;54000;00-20-40
run_opt_test0_O2;2300000;54000;00-20-40
run_opt_test0_O2;2299976;54000;00-20-40
run_opt_test0_O2;2300023;54000;00-20-40
run_opt_test0_O2;2299976;54000;00-20-40
run_opt_test0_O2;2300000;54000;00-20-41
run_opt_test0_O2;2300000;54000;00-20-41
run_opt_test0_O2;2300023;54000;00-20-41
run_opt_test0_O2;2300000;54000;00-20-41
run_opt_test0_O2;2300000;54000;00-20-41
run_opt_test0_O2;2300000;54000;00-20-41
run_opt_test0_O2;2300000;54000;00-20-41
run_opt_test0_O2;2300000;54000;00-20-42
run_opt_test0_O2;2299976;54000;00-20-42
run_opt_test0_O2;2300000;54000;00-20-42
run_opt_test0_O2;2300023;54000;00-20-42
run_opt_test0_O2;2300023;54000;00-20-42
run_opt_test0_O2;2200000;54000;00-20-42
run_opt_test0_O2;2300000;54000;00-20-42
run_opt_test0_O2;2300000;54000;00-20-43
run_opt_test0_O2;2300023;54000;00-20-43
run_opt_test0_O2;2300000;54000;00-20-43
run_opt_test0_O2;2300000;54000;00-20-43
run_opt_test0_O2;2169657;54000;00-20-43
run_opt_test0_O2;2300000;54000;00-20-43
run_opt_test0_O2;2299976;54000;00-20-43
run_opt_test0_O2;2300000;54000;00-20-44
run_opt_test0_O2;2000020;54000;00-20-44
run_opt_test0_O2;2200000;54000;00-20-44
run_opt_test0_O2;2300000;54000;00-20-44
run_opt_test0_O2;2300000;54000;00-20-44
run_opt_test0_O2;2300000;56000;00-20-44
run_opt_test0_O2;2300023;56000;00-20-44
run_opt_test0_O2;2300000;56000;00-20-45
run_opt_test0_O2;2300000;56000;00-20-45
run_opt_test0_O2;2300000;56000;00-20-45
run_opt_test0_O2;2300000;56000;00-20-45
run_opt_test0_O2;2300000;56000;00-20-45
run_opt_test0_O2;2300000;56000;00-20-45
run_opt_test0_O2;2300000;56000;00-20-45
run_opt_test0_O2;2300000;56000;00-20-46
run_opt_test0_O2;2300023;56000;00-20-46
run_opt_test0_O2;2299976;56000;00-20-46
run_opt_test0_O2;2300000;56000;00-20-46
run_opt_test0_O2;2300000;56000;00-20-46
run_opt_test0_O2;2300000;56000;00-20-46
run_opt_test0_O2;2300023;56000;00-20-46
run_opt_test0_O2;2299976;54000;00-20-47
run_opt_test0_O2;2300000;54000;00-20-47
run_opt_test0_O2;2300000;54000;00-20-47
run_opt_test0_O2;2300000;54000;00-20-47
run_opt_test0_O2;2300023;54000;00-20-47
run_opt_test0_O2;2300000;54000;00-20-47
run_opt_test0_O2;2300000;54000;00-20-47
run_opt_test0_O2;2300023;56000;00-20-48
run_opt_test0_O2;2300000;56000;00-20-48
run_opt_test0_O2;2300000;56000;00-20-48
run_opt_test0_O2;2300000;56000;00-20-48
run_opt_test0_O2;2300023;56000;00-20-48
run_opt_test0_O2;2300000;56000;00-20-48
run_opt_test0_O2;2299976;56000;00-20-48
run_opt_test0_O2;2300023;56000;00-20-48
run_opt_test0_O2;2300000;54000;00-20-49
run_opt_test0_O2;2299976;54000;00-20-49
run_opt_test0_O2;2300000;54000;00-20-49
run_opt_test0_O2;2300000;54000;00-20-49
run_opt_test0_O2;2300000;54000;00-20-49
run_opt_test0_O2;2200000;54000;00-20-49
run_opt_test0_O2;2300000;54000;00-20-49
run_opt_test0_O2;2300000;54000;00-20-50
run_opt_test0_O2;2300000;54000;00-20-50
run_opt_test0_O2;2300000;54000;00-20-50
run_opt_test0_O2;2300000;54000;00-20-50
run_opt_test0_O2;2300000;54000;00-20-50
run_opt_test0_O2;2300000;54000;00-20-50
run_opt_test0_O2;2300000;54000;00-20-50
run_opt_test0_O2;2299976;54000;00-20-51
run_opt_test0_O2;2300000;54000;00-20-51
run_opt_test0_O2;2300000;56000;00-20-51
run_opt_test0_O2;2300000;56000;00-20-51
run_opt_test0_O2;2300000;56000;00-20-51
run_opt_test0_O2;2300023;56000;00-20-51
run_opt_test0_O2;2300000;56000;00-20-51
run_opt_test0_O2;2300000;56000;00-20-52
run_opt_test0_O2;2300000;56000;00-20-52
run_opt_test0_O2;2300000;54000;00-20-52
run_opt_test0_O2;2300000;54000;00-20-52
run_opt_test0_O2;2300000;54000;00-20-52
run_opt_test0_O2;2300023;54000;00-20-52
run_opt_test0_O2;2300000;54000;00-20-52
run_opt_test0_O2;2300023;54000;00-20-53
run_opt_test0_O2;2300000;54000;00-20-53
run_opt_test0_O2;2300023;54000;00-20-53
run_opt_test0_O2;2300000;56000;00-20-53
run_opt_test0_O2;2300000;56000;00-20-53
run_opt_test0_O2;2300000;56000;00-20-53
run_opt_test0_O2;2300023;56000;00-20-53
run_opt_test0_O2;2300000;56000;00-20-54
run_opt_test0_O2;2300000;56000;00-20-54
run_opt_test0_O2;1999979;56000;00-20-54
run_opt_test0_O2;2300023;56000;00-20-54
run_opt_test0_O2;2300000;56000;00-20-54
run_opt_test0_O2;2300000;56000;00-20-54
run_opt_test0_O2;2300000;56000;00-20-54
run_opt_test0_O2;2300000;56000;00-20-55
run_opt_test0_O2;2300000;56000;00-20-55
run_opt_test0_O2;2300000;56000;00-20-55
run_opt_test0_O2;2300000;56000;00-20-55
run_opt_test0_O2;2299976;56000;00-20-55
run_opt_test0_O2;2100000;56000;00-20-55
run_opt_test0_O2;2199977;56000;00-20-55
run_opt_test0_O2;2300000;56000;00-20-55
run_opt_test0_O2;2299976;56000;00-20-56
run_opt_test0_O2;2300000;56000;00-20-56
run_opt_test0_O2;2300023;56000;00-20-56
run_opt_test0_O2;2300000;56000;00-20-56
run_opt_test0_O2;2300023;56000;00-20-56
run_opt_test0_O2;2299976;54000;00-20-56
run_opt_test0_O2;2300000;54000;00-20-56
run_opt_test0_O2;2300000;54000;00-20-57
run_opt_test0_O2;2300023;54000;00-20-57
run_opt_test0_O2;2300000;54000;00-20-57
run_opt_test0_O2;2300023;54000;00-20-57
run_opt_test0_O2;2299976;54000;00-20-57
run_opt_test0_O2;2299976;54000;00-20-57
run_opt_test0_O2;2300000;54000;00-20-57
run_opt_test0_O2;2300000;54000;00-20-58
run_opt_test0_O2;2300000;54000;00-20-58
run_opt_test0_O2;2200000;54000;00-20-58
run_opt_test0_O2;2299976;54000;00-20-58
run_opt_test0_O2;2300000;54000;00-20-58
run_opt_test0_O2;2300000;54000;00-20-58
run_opt_test0_O2;2300000;54000;00-20-58
run_opt_test0_O2;2300000;54000;00-20-59
run_opt_test0_O2;2300000;54000;00-20-59
run_opt_test0_O2;2100000;54000;00-20-59
run_opt_test0_O2;2300023;54000;00-20-59
run_opt_test0_O2;2300000;54000;00-20-59
run_opt_test0_O2;2300000;54000;00-20-59
run_opt_test0_O2;2300000;54000;00-20-59
run_opt_test0_O2;2300000;54000;00-21-00
run_opt_test0_O2;2300023;54000;00-21-00
run_opt_test0_O2;2299976;54000;00-21-00
run_opt_test0_O2;2000000;54000;00-21-00
run_opt_test0_O2;2300000;54000;00-21-00
run_opt_test0_O2;2300000;54000;00-21-00
run_opt_test0_O2;2100000;54000;00-21-00
run_opt_test0_O2;2300000;52000;00-21-01
run_opt_test0_O2;2300000;52000;00-21-01
run_opt_test0_O2;2300000;52000;00-21-01
run_opt_test0_O2;2300023;52000;00-21-01
run_opt_test0_O2;2300000;52000;00-21-01
run_opt_test0_O2;2300000;52000;00-21-01
run_opt_test0_O2;2300000;52000;00-21-01
run_opt_test0_O2;2300000;52000;00-21-02
run_opt_test0_O2;2300000;52000;00-21-02
run_opt_test0_O2;2300000;52000;00-21-02
run_opt_test0_O2;2300000;52000;00-21-02
run_opt_test0_O2;2300000;52000;00-21-02
run_opt_test0_O2;2300023;52000;00-21-02
run_opt_test0_O2;2300023;52000;00-21-02
run_opt_test0_O2;2199977;52000;00-21-03
run_opt_test0_O2;2300000;52000;00-21-03
run_opt_test0_O2;2300000;52000;00-21-03
run_opt_test0_O2;2300023;52000;00-21-03
run_opt_test0_O2;2300023;52000;00-21-03
run_opt_test0_O2;2300023;52000;00-21-03
run_opt_test0_O2;2300023;52000;00-21-03
run_opt_test0_O2;2299976;52000;00-21-04
run_opt_test0_O2;2299976;52000;00-21-04
run_opt_test0_O2;2300023;52000;00-21-04
run_opt_test0_O2;2300000;52000;00-21-04
run_opt_test0_O2;2299976;52000;00-21-04
run_opt_test0_O2;2000000;52000;00-21-04
run_opt_test0_O2;2300000;52000;00-21-04
run_opt_test0_O2;2100000;52000;00-21-05
run_opt_test0_O2;2300000;52000;00-21-05
run_opt_test0_O2;2299976;52000;00-21-05
run_opt_test0_O2;2300000;52000;00-21-05
run_opt_test0_O2;2300000;52000;00-21-05
run_opt_test0_O2;2300000;52000;00-21-05
run_opt_test0_O2;2299976;52000;00-21-05
run_opt_test0_O2;2300000;52000;00-21-05
run_opt_test0_O2;2300000;52000;00-21-06
run_opt_test0_O2;2300000;52000;00-21-06
run_opt_test0_O2;2300000;52000;00-21-06
run_opt_test0_O2;2299976;52000;00-21-06
run_opt_test0_O2;2300000;52000;00-21-06
run_opt_test0_O2;2300000;52000;00-21-06
run_opt_test0_O2;2300023;52000;00-21-06
run_opt_test0_O2;2300000;52000;00-21-07
run_opt_test0_O2;2299976;52000;00-21-07
run_opt_test0_O2;2300000;52000;00-21-07
run_opt_test0_O2;2300000;52000;00-21-07
run_opt_test0_O2;2300000;52000;00-21-07
run_opt_test0_O2;2200000;52000;00-21-07
run_opt_test0_O2;2300000;52000;00-21-07
run_opt_test0_O2;2300000;52000;00-21-08
run_opt_test0_O2;2300000;52000;00-21-08
run_opt_test0_O2;2300023;52000;00-21-08
run_opt_test0_O2;2300000;52000;00-21-08
run_opt_test0_O2;1700000;52000;00-21-08
run_opt_test0_O2;2200000;52000;00-21-08
run_opt_test0_O2;2300000;52000;00-21-08
run_opt_test0_O2;2300023;52000;00-21-09
run_opt_test0_O2;2300000;52000;00-21-09
run_opt_test0_O2;2300000;52000;00-21-09
run_opt_test0_O2;2300000;52000;00-21-09
run_opt_test0_O2;2300000;52000;00-21-09
run_opt_test0_O2;2300023;52000;00-21-09
run_opt_test0_O2;2300000;52000;00-21-09
run_opt_test0_O2;2300000;52000;00-21-10
run_opt_test0_O2;2299976;52000;00-21-10
run_opt_test0_O2;2300000;52000;00-21-10
run_opt_test0_O2;2300023;52000;00-21-10
run_opt_test0_O2;2300000;52000;00-21-10
run_opt_test0_O2;2300000;52000;00-21-10
run_opt_test0_O2;2299976;52000;00-21-10
run_opt_test0_O2;2300000;52000;00-21-11
run_opt_test0_O2;2300023;52000;00-21-11
run_opt_test0_O2;2300000;52000;00-21-11
run_opt_test0_O2;2300000;52000;00-21-11
run_opt_test0_O2;2300000;52000;00-21-11
run_opt_test0_O2;2300000;52000;00-21-11
run_opt_test0_O2;2300000;52000;00-21-11
run_opt_test0_O2;2300000;52000;00-21-12
run_opt_test0_O2;2300000;52000;00-21-12
run_opt_test0_O2;2300000;52000;00-21-12
run_opt_test0_O2;2300000;52000;00-21-12
run_opt_test0_O2;2000000;52000;00-21-12
run_opt_test0_O2;2300000;52000;00-21-12
run_opt_test0_O2;2300000;52000;00-21-12
run_opt_test0_O2;2100000;52000;00-21-13
run_opt_test0_O2;1800000;52000;00-21-13
run_opt_test0_O2;2200022;52000;00-21-13
run_opt_test0_O2;2300023;52000;00-21-13
run_opt_test0_O2;2300000;52000;00-21-13
run_opt_test0_O2;2300000;52000;00-21-13
run_opt_test0_O2;2200000;52000;00-21-13
run_opt_test0_O2;2300023;52000;00-21-14
run_opt_test0_O2;2300000;52000;00-21-14
run_opt_test0_O2;2300000;52000;00-21-14
run_opt_test0_O2;2299976;52000;00-21-14
run_opt_test0_O2;2300000;52000;00-21-14
run_opt_test0_O2;2300000;52000;00-21-14
run_opt_test0_O2;2300000;52000;00-21-14
run_opt_test0_O2;2300000;52000;00-21-15
run_opt_test0_O2;2300000;52000;00-21-15
run_opt_test0_O2;2100000;52000;00-21-15
run_opt_test0_O2;2300000;52000;00-21-15
run_opt_test0_O2;2300023;52000;00-21-15
run_opt_test0_O2;2300000;52000;00-21-15
run_opt_test0_O2;2300023;52000;00-21-15
run_opt_test0_O2;2300000;52000;00-21-16
run_opt_test0_O2;2300000;52000;00-21-16
run_opt_test0_O2;2300000;52000;00-21-16
run_opt_test0_O2;2300000;52000;00-21-16
run_opt_test0_O2;2300000;52000;00-21-16
run_opt_test0_O2;2300000;52000;00-21-16
run_opt_test0_O2;2300000;52000;00-21-16
run_opt_test0_O2;2300000;52000;00-21-16
run_opt_test0_O2;2000000;52000;00-21-17
run_opt_test0_O2;2300000;52000;00-21-17
run_opt_test0_O2;2300000;52000;00-21-17
run_opt_test0_O2;2200000;52000;00-21-17
run_opt_test0_O2;2300000;50000;00-21-17
run_opt_test0_O2;2300023;50000;00-21-17
run_opt_test0_O2;2300000;50000;00-21-17
run_opt_test0_O2;2300000;50000;00-21-18
run_opt_test0_O2;2300000;50000;00-21-18
run_opt_test0_O2;2300000;50000;00-21-18
run_opt_test0_O2;2300000;50000;00-21-18
run_opt_test0_O2;2300000;50000;00-21-18
run_opt_test0_O2;2300023;52000;00-21-18
run_opt_test0_O2;2300000;52000;00-21-18
run_opt_test0_O2;2299976;52000;00-21-19
run_opt_test0_O2;2300000;52000;00-21-19
run_opt_test0_O2;2300000;52000;00-21-19
run_opt_test0_O2;2100000;52000;00-21-19
run_opt_test0_O2;2300000;52000;00-21-19
run_opt_test0_O2;2300023;52000;00-21-19
run_opt_test0_O2;2300023;52000;00-21-19
run_opt_test0_O2;2300000;52000;00-21-20
run_opt_test0_O2;2299976;52000;00-21-20
run_opt_test0_O2;2300000;52000;00-21-20
run_opt_test0_O2;2299976;52000;00-21-20
run_opt_test0_O2;2300000;52000;00-21-20
run_opt_test0_O2;2300000;52000;00-21-20
run_opt_test0_O2;2299976;52000;00-21-20
run_opt_test0_O2;2300023;50000;00-21-21
run_opt_test0_O2;2300023;50000;00-21-21
run_opt_test0_O2;2300000;50000;00-21-21
run_opt_test0_O2;2300023;50000;00-21-21
run_opt_test0_O2;2300023;50000;00-21-21
run_opt_test0_O2;1999979;50000;00-21-21
run_opt_test0_O2;2300000;50000;00-21-21
run_opt_test0_O2;2300000;50000;00-21-22
run_opt_test0_O2;2299976;50000;00-21-22
run_opt_test0_O2;2200022;50000;00-21-22
run_opt_test0_O2;2300000;50000;00-21-22
run_opt_test0_O2;2300023;50000;00-21-22
run_opt_test0_O2;2300000;50000;00-21-22
run_opt_test0_O2;2299953;50000;00-21-22
run_opt_test0_O2;2300000;50000;00-21-23
run_opt_test0_O2;2300023;50000;00-21-23
run_opt_test0_O2;2300023;50000;00-21-23
run_opt_test0_O2;2300000;50000;00-21-23
run_opt_test0_O2;2300000;50000;00-21-23
run_opt_test0_O2;2300000;50000;00-21-23
run_opt_test0_O2;2300000;50000;00-21-23
run_opt_test0_O2;2300000;50000;00-21-23
run_opt_test0_O2;2300000;50000;00-21-24
run_opt_test0_O2;2300000;50000;00-21-24
run_opt_test0_O2;2300023;50000;00-21-24
run_opt_test0_O2;2300023;50000;00-21-24
run_opt_test0_O2;2300000;50000;00-21-24
run_opt_test0_O2;2300000;50000;00-21-24
run_opt_test0_O2;2299976;50000;00-21-24
run_opt_test0_O2;2300000;50000;00-21-25
run_opt_test0_O2;2300000;50000;00-21-25
run_opt_test0_O2;2299976;50000;00-21-25
run_opt_test0_O2;2300000;50000;00-21-25
run_opt_test0_O2;2300023;50000;00-21-25
run_opt_test0_O2;2299976;50000;00-21-25
run_opt_test0_O2;2300000;50000;00-21-25
run_opt_test0_O2;2300000;50000;00-21-26
run_opt_test0_O2;2300000;50000;00-21-26
run_opt_test0_O2;2299976;50000;00-21-26
run_opt_test0_O2;2141222;50000;00-21-26
run_opt_test0_O2;2300000;50000;00-21-26
run_opt_test0_O2;2300000;50000;00-21-26
run_opt_test0_O2;2300000;50000;00-21-26
run_opt_test0_O2;2300023;50000;00-21-27
run_opt_test0_O2;2300000;50000;00-21-27
run_opt_test0_O2;2299976;50000;00-21-27
run_opt_test0_O2;2299976;50000;00-21-27
run_opt_test0_O2;2300000;50000;00-21-27
run_opt_test0_O2;2300000;50000;00-21-27
run_opt_test0_O2;2300000;50000;00-21-27
run_opt_test0_O2;2300000;50000;00-21-28
run_opt_test0_O2;2300023;50000;00-21-28
run_opt_test0_O2;2300000;50000;00-21-28
run_opt_test0_O2;2300023;50000;00-21-28
run_opt_test0_O2;2300000;50000;00-21-28
run_opt_test0_O2;2300000;50000;00-21-28
run_opt_test0_O2;2099978;50000;00-21-28
run_opt_test0_O2;2300023;50000;00-21-29
run_opt_test0_O2;2300000;50000;00-21-29
run_opt_test0_O2;2299976;50000;00-21-29
run_opt_test0_O2;2300023;50000;00-21-29
run_opt_test0_O2;2300000;50000;00-21-29
run_opt_test0_O2;2300000;50000;00-21-29
run_opt_test0_O2;2300023;50000;00-21-29
run_opt_test0_O2;2100000;50000;00-21-30
run_opt_test0_O2;2299976;50000;00-21-30
run_opt_test0_O2;2300000;50000;00-21-30
run_opt_test0_O2;2300000;50000;00-21-30
run_opt_test0_O2;2000020;50000;00-21-30
run_opt_test0_O2;2300023;50000;00-21-30
run_opt_test0_O2;2300000;50000;00-21-30
run_opt_test0_O2;2300000;50000;00-21-30
run_opt_test0_O2;2300000;50000;00-21-31
run_opt_test0_O2;2300000;50000;00-21-31
run_opt_test0_O2;2199977;50000;00-21-31
run_opt_test0_O2;2300000;50000;00-21-31
run_opt_test0_O2;2300000;50000;00-21-31
run_opt_test0_O2;2300000;50000;00-21-31
run_opt_test0_O2;2300000;50000;00-21-31
run_opt_test0_O2;2299976;50000;00-21-32
run_opt_test0_O2;2300023;50000;00-21-32
run_opt_test0_O2;2300000;50000;00-21-32
run_opt_test0_O2;2300000;50000;00-21-32
run_opt_test0_O2;2300023;50000;00-21-32
run_opt_test0_O2;2300000;50000;00-21-32
run_opt_test0_O2;2300023;50000;00-21-32
run_opt_test0_O2;2300000;50000;00-21-33
run_opt_test0_O2;2299976;50000;00-21-33
run_opt_test0_O2;2300000;50000;00-21-33
run_opt_test0_O2;2199977;50000;00-21-33
run_opt_test0_O2;2300000;50000;00-21-33
run_opt_test0_O2;2300000;50000;00-21-33
run_opt_test0_O2;2300000;50000;00-21-33
run_opt_test0_O2;2300023;50000;00-21-34
run_opt_test0_O2;2300000;50000;00-21-34
run_opt_test0_O2;2300023;50000;00-21-34
run_opt_test0_O2;2300000;50000;00-21-34
run_opt_test0_O2;2300000;50000;00-21-34
run_opt_test0_O2;2300000;50000;00-21-34
run_opt_test0_O2;2300000;50000;00-21-34
run_opt_test0_O2;2300000;50000;00-21-35
run_opt_test0_O2;2300000;50000;00-21-35
run_opt_test0_O2;2300000;50000;00-21-35
run_opt_test0_O2;2042001;50000;00-21-35
run_opt_test0_O2;2300023;50000;00-21-35
run_opt_test0_O2;2300000;50000;00-21-35
run_opt_test0_O2;2300023;50000;00-21-35
run_opt_test0_O2;2300000;50000;00-21-36
run_opt_test0_O2;2300000;50000;00-21-36
run_opt_test0_O2;2100000;50000;00-21-36
run_opt_test0_O2;2200000;50000;00-21-36
run_opt_test0_O2;2100000;50000;00-21-36
run_opt_test0_O2;2000000;50000;00-21-36
run_opt_test0_O2;2100000;50000;00-21-36
run_opt_test0_O2;2700000;50000;00-21-36
run_opt_test0_O2;2200022;50000;00-21-37
run_opt_test0_O2;2200000;50000;00-21-37
run_opt_test0_O2;2100000;50000;00-21-37
run_opt_test0_O2;2499974;50000;00-21-37
run_opt_test0_O2;2400000;50000;00-21-37
run_opt_test0_O2;2299976;50000;00-21-37
run_opt_test0_O2;2300000;50000;00-21-37
run_opt_test0_O2;2100000;50000;00-21-38
run_opt_test0_O2;2300023;50000;00-21-38
run_opt_test0_O2;2300000;50000;00-21-38
run_opt_test0_O2;2300023;50000;00-21-38
run_opt_test0_O2;2300000;50000;00-21-38
run_opt_test0_O2;2300000;50000;00-21-38
run_opt_test0_O2;2300000;50000;00-21-39
run_opt_test0_O2;2000000;50000;00-21-39
run_opt_test0_O2;2300023;50000;00-21-39
run_opt_test0_O2;2018182;50000;00-21-39
run_opt_test0_O2;2300000;50000;00-21-39
run_opt_test0_O2;2200022;50000;00-21-39
run_opt_test0_O2;2300000;50000;00-21-39
run_opt_test0_O2;2199977;50000;00-21-40
run_opt_test0_O2;2300000;50000;00-21-40
run_opt_test0_O2;2300000;50000;00-21-40
run_opt_test0_O2;2300000;50000;00-21-40
run_opt_test0_O2;2300000;50000;00-21-40
run_opt_test0_O2;2300000;50000;00-21-40
run_opt_test0_O2;2300023;50000;00-21-40
run_opt_test0_O2;2200000;50000;00-21-41
run_opt_test0_O2;2100000;50000;00-21-41
run_opt_test0_O2;2299976;50000;00-21-41
run_opt_test0_O2;2299976;50000;00-21-41
run_opt_test0_O2;2300000;50000;00-21-41
run_opt_test0_O2;2100000;50000;00-21-41
run_opt_test0_O2;1900000;50000;00-21-41
run_opt_test0_O2;2300000;50000;00-21-42
run_opt_test0_O2;2300000;50000;00-21-42
run_opt_test0_O2;2300000;50000;00-21-42
run_opt_test0_O2;2299976;50000;00-21-42
run_opt_test0_O2;2299976;50000;00-21-42
run_opt_test0_O2;2300000;50000;00-21-42
run_opt_test0_O2;2199977;50000;00-21-42
run_opt_test0_O2;2300023;50000;00-21-43
run_opt_test0_O2;2300000;50000;00-21-43
run_opt_test0_O2;2300000;50000;00-21-43
run_opt_test0_O2;2300000;50000;00-21-43
run_opt_test0_O2;2300000;50000;00-21-43
run_opt_test0_O2;2300000;50000;00-21-43
run_opt_test0_O2;2100000;50000;00-21-43
run_opt_test0_O2;2300023;50000;00-21-44
run_opt_test0_O2;2300000;50000;00-21-44
run_opt_test0_O2;2299976;50000;00-21-44
run_opt_test0_O2;2300000;50000;00-21-44
run_opt_test0_O2;2300000;50000;00-21-44
run_opt_test0_O2;2300023;50000;00-21-44
run_opt_test0_O2;2300023;50000;00-21-44
run_opt_test0_O2;2300000;50000;00-21-45
run_opt_test0_O2;2600026;50000;00-21-45
run_opt_test0_O2;2700000;50000;00-21-45
run_opt_test0_O2;2300000;50000;00-21-45
run_opt_test0_O2;2300000;50000;00-21-45
run_opt_test0_O2;2099978;50000;00-21-45
run_opt_test0_O2;2191452;50000;00-21-45
run_opt_test0_O2;2300000;50000;00-21-46
run_opt_test0_O2;2299976;50000;00-21-46
run_opt_test0_O2;2300000;50000;00-21-46
run_opt_test0_O2;2300000;50000;00-21-46
run_opt_test0_O2;2700000;50000;00-21-46
run_opt_test0_O2;2500000;50000;00-21-46
run_opt_test0_O2;2299976;50000;00-21-46
run_opt_test0_O2;2300000;50000;00-21-47
run_opt_test0_O2;2299953;50000;00-21-47
run_opt_test0_O2;2300000;50000;00-21-47
run_opt_test0_O2;2300000;50000;00-21-47
run_opt_test0_O2;2300000;50000;00-21-47
run_opt_test0_O2;2300000;50000;00-21-47
run_opt_test0_O2;2300000;50000;00-21-47
run_opt_test0_O2;2300000;50000;00-21-48
run_opt_test0_O2;2300000;50000;00-21-48
run_opt_test0_O2;2300000;50000;00-21-48
run_opt_test0_O2;2300000;50000;00-21-48
run_opt_test0_O2;2300023;50000;00-21-48
run_opt_test0_O2;2299976;50000;00-21-48
run_opt_test0_O2;2299976;50000;00-21-48
run_opt_test0_O2;2300000;50000;00-21-49
run_opt_test0_O2;1999979;50000;00-21-49
run_opt_test0_O2;2300000;50000;00-21-49
run_opt_test0_O2;2199977;50000;00-21-49
run_opt_test0_O2;2300000;50000;00-21-49
run_opt_test0_O2;2300023;50000;00-21-49
run_opt_test0_O2;2300000;50000;00-21-49
run_opt_test0_O2;2300000;50000;00-21-50
run_opt_test0_O2;2300000;50000;00-21-50
run_opt_test0_O2;2300023;50000;00-21-50
run_opt_test0_O2;2300000;50000;00-21-50
run_opt_test0_O2;2299976;48000;00-21-50
run_opt_test0_O2;2300000;48000;00-21-50
run_opt_test0_O2;2300000;48000;00-21-50
run_opt_test0_O2;2300000;48000;00-21-51
run_opt_test0_O2;2300000;48000;00-21-51
run_opt_test0_O2;2300000;48000;00-21-51
run_opt_test0_O2;2100021;48000;00-21-51
run_opt_test0_O2;2300023;48000;00-21-51
run_opt_test0_O2;2300000;50000;00-21-51
run_opt_test0_O2;2300023;50000;00-21-51
run_opt_test0_O2;2300023;50000;00-21-52
run_opt_test0_O2;2300000;50000;00-21-52
run_opt_test0_O2;2100000;50000;00-21-52
run_opt_test0_O2;2300000;50000;00-21-52
run_opt_test0_O2;2300000;50000;00-21-52
run_opt_test0_O2;2300000;50000;00-21-52
run_opt_test0_O2;2300023;50000;00-21-52
run_opt_test0_O2;2300000;50000;00-21-52
run_opt_test0_O2;2300000;50000;00-21-53
run_opt_test0_O2;2300000;50000;00-21-53
run_opt_test0_O2;2300000;50000;00-21-53
run_opt_test0_O2;2299976;50000;00-21-53
run_opt_test0_O2;2100021;50000;00-21-53
run_opt_test0_O2;2299976;50000;00-21-53
run_opt_test0_O2;2300000;48000;00-21-53
run_opt_test0_O2;2300000;48000;00-21-54
run_opt_test0_O2;2300000;48000;00-21-54
run_opt_test0_O2;2300000;48000;00-21-54
run_opt_test0_O2;2200000;48000;00-21-54
run_opt_test0_O2;2300000;48000;00-21-54
run_opt_test0_O2;2300023;48000;00-21-54
run_opt_test0_O2;2300000;48000;00-21-54
run_opt_test0_O2;2300000;50000;00-21-55
run_opt_test0_O2;2300000;50000;00-21-55
run_opt_test0_O2;2300000;50000;00-21-55
run_opt_test0_O2;2300000;50000;00-21-55
run_opt_test0_O2;2300000;50000;00-21-55
run_opt_test0_O2;2300000;50000;00-21-55
run_opt_test0_O2;2300000;50000;00-21-55
run_opt_test0_O2;2300023;50000;00-21-56
run_opt_test0_O2;2300000;48000;00-21-56
run_opt_test0_O2;2100000;48000;00-21-56
run_opt_test0_O2;2300000;48000;00-21-56
run_opt_test0_O2;2300000;48000;00-21-56
run_opt_test0_O2;2300000;48000;00-21-56
run_opt_test0_O2;2300000;48000;00-21-56
run_opt_test0_O2;2300023;48000;00-21-57
run_opt_test0_O2;2300000;50000;00-21-57
run_opt_test0_O2;2300000;50000;00-21-57
run_opt_test0_O2;2300023;50000;00-21-57
run_opt_test0_O2;2300000;50000;00-21-57
run_opt_test0_O2;2299976;50000;00-21-57
run_opt_test0_O2;1700000;50000;00-21-57
run_opt_test0_O2;2000000;50000;00-21-58
run_opt_test0_O2;2300023;50000;00-21-58
run_opt_test0_O2;2300000;50000;00-21-58
run_opt_test0_O2;2300000;50000;00-21-58
run_opt_test0_O2;2300000;50000;00-21-58
run_opt_test0_O2;2300000;50000;00-21-58
run_opt_test0_O2;2300000;50000;00-21-58
run_opt_test0_O2;2222370;50000;00-21-59
run_opt_test0_O2;2300023;50000;00-21-59
run_opt_test0_O2;2300000;50000;00-21-59
run_opt_test0_O2;2300000;50000;00-21-59
run_opt_test0_O2;2300000;50000;00-21-59
run_opt_test0_O2;2299976;50000;00-21-59
run_opt_test0_O2;2300000;50000;00-21-59
run_opt_test0_O2;2300000;50000;00-21-59
run_opt_test0_O2;2299976;50000;00-22-00
run_opt_test0_O2;2300000;50000;00-22-00
run_opt_test0_O2;2300023;50000;00-22-00
run_opt_test0_O2;2299976;50000;00-22-00
run_opt_test0_O2;2299976;50000;00-22-00
run_opt_test0_O2;2300000;50000;00-22-00
run_opt_test0_O2;2300000;50000;00-22-00
run_opt_test0_O2;2300000;50000;00-22-01
run_opt_test0_O2;2300000;50000;00-22-01
run_opt_test0_O2;2099978;50000;00-22-01
run_opt_test0_O2;2200000;50000;00-22-01
run_opt_test0_O2;2300000;50000;00-22-01
run_opt_test0_O2;2300023;50000;00-22-01
run_opt_test0_O2;2300000;50000;00-22-01
run_opt_test0_O2;2299976;50000;00-22-02
run_opt_test0_O2;2300000;50000;00-22-02
run_opt_test0_O2;2200000;50000;00-22-02
run_opt_test0_O2;2300000;50000;00-22-02
run_opt_test0_O2;2299976;50000;00-22-02
run_opt_test0_O2;2300000;48000;00-22-02
run_opt_test0_O2;2300023;48000;00-22-02
run_opt_test0_O2;2300000;48000;00-22-03
run_opt_test0_O2;2300023;48000;00-22-03
run_opt_test0_O2;2300000;48000;00-22-03
run_opt_test0_O2;2300000;48000;00-22-03
run_opt_test0_O2;2300000;48000;00-22-03
run_opt_test0_O2;2299976;48000;00-22-03
run_opt_test0_O2;2300000;48000;00-22-03
run_opt_test0_O2;2300023;48000;00-22-04
run_opt_test0_O2;2300000;48000;00-22-04
run_opt_test0_O2;2300000;48000;00-22-04
run_opt_test0_O2;2300000;48000;00-22-04
run_opt_test0_O2;2300000;48000;00-22-04
run_opt_test0_O2;2200000;48000;00-22-04
run_opt_test0_O2;2300000;48000;00-22-04
run_opt_test0_O2;2300000;48000;00-22-05
run_opt_test0_O2;2300000;48000;00-22-05
run_opt_test0_O2;2300000;48000;00-22-05
run_opt_test0_O2;2300000;48000;00-22-05
run_opt_test0_O2;2299976;48000;00-22-05
run_opt_test0_O2;2300000;48000;00-22-05
run_opt_test0_O2;2300000;48000;00-22-05
run_opt_test0_O2;2300000;48000;00-22-06
run_opt_test0_O2;2300000;48000;00-22-06
run_opt_test0_O2;2299976;48000;00-22-06
run_opt_test0_O2;2299976;48000;00-22-06
run_opt_test0_O2;2300000;48000;00-22-06
run_opt_test0_O2;2299976;48000;00-22-06
run_opt_test0_O2;2100000;48000;00-22-06
run_opt_test0_O2;2300000;48000;00-22-07
run_opt_test0_O2;2300000;48000;00-22-07
run_opt_test0_O2;2300023;48000;00-22-07
run_opt_test0_O2;2300000;48000;00-22-07
run_opt_test0_O2;2300000;48000;00-22-07
run_opt_test0_O2;2300000;48000;00-22-07
run_opt_test0_O2;2300023;48000;00-22-07
run_opt_test0_O2;2300000;48000;00-22-07
run_opt_test0_O2;2300000;48000;00-22-08
run_opt_test0_O2;2299976;50000;00-22-08
run_opt_test0_O2;2300000;50000;00-22-08
run_opt_test0_O2;2300000;50000;00-22-08
run_opt_test0_O2;2300000;50000;00-22-08
run_opt_test0_O2;2300000;50000;00-22-08
run_opt_test0_O2;2300000;50000;00-22-08
run_opt_test0_O2;2300000;50000;00-22-09
run_opt_test0_O2;2300000;50000;00-22-09
run_opt_test0_O2;2300000;48000;00-22-09
run_opt_test0_O2;2300000;48000;00-22-09
run_opt_test0_O2;2300000;48000;00-22-09
run_opt_test0_O2;2300000;48000;00-22-09
run_opt_test0_O2;2036345;48000;00-22-09
run_opt_test0_O2;2300000;48000;00-22-10
run_opt_test0_O2;2300023;48000;00-22-10
run_opt_test0_O2;2299976;48000;00-22-10
run_opt_test0_O2;2300000;48000;00-22-10
run_opt_test0_O2;2300000;48000;00-22-10
run_opt_test0_O2;2300000;48000;00-22-10
run_opt_test0_O2;2299976;48000;00-22-10
run_opt_test0_O2;2299976;48000;00-22-11
run_opt_test0_O2;2300000;48000;00-22-11
run_opt_test0_O2;2300000;48000;00-22-11
run_opt_test0_O2;2300000;48000;00-22-11
run_opt_test0_O2;2300000;50000;00-22-11
run_opt_test0_O2;2000000;50000;00-22-11
run_opt_test0_O2;2300000;50000;00-22-11
run_opt_test0_O2;2300000;50000;00-22-11
run_opt_test0_O2;2299953;50000;00-22-12
run_opt_test0_O2;2300023;50000;00-22-12
run_opt_test0_O2;2100021;50000;00-22-12
run_opt_test0_O2;2200000;50000;00-22-12
run_opt_test0_O2;2299976;48000;00-22-12
run_opt_test0_O2;2300000;48000;00-22-12
run_opt_test0_O2;2300000;48000;00-22-12
run_opt_test0_O2;2300023;48000;00-22-13
run_opt_test0_O2;2299976;48000;00-22-13
run_opt_test0_O2;2300000;48000;00-22-13
run_opt_test0_O2;2300000;48000;00-22-13
run_opt_test0_O2;2300023;48000;00-22-13
run_opt_test0_O2;2300023;48000;00-22-13
run_opt_test0_O2;2300000;48000;00-22-13
run_opt_test0_O2;2300000;48000;00-22-14
run_opt_test0_O2;2299976;48000;00-22-14
run_opt_test0_O2;2300023;48000;00-22-14
run_opt_test0_O2;2300000;48000;00-22-14
run_opt_test0_O2;2300000;48000;00-22-14
run_opt_test0_O2;2299976;48000;00-22-14
run_opt_test0_O2;2300000;48000;00-22-14
run_opt_test0_O2;2300000;48000;00-22-15
run_opt_test0_O2;2300023;48000;00-22-15
run_opt_test0_O2;2199977;48000;00-22-15
run_opt_test0_O2;2300000;48000;00-22-15
run_opt_test0_O2;2300000;48000;00-22-15
run_opt_test0_O2;2300000;48000;00-22-15
run_opt_test0_O2;2300000;48000;00-22-15
run_opt_test0_O2;2300000;48000;00-22-16
run_opt_test0_O2;2299976;48000;00-22-16
run_opt_test0_O2;2299976;48000;00-22-16
run_opt_test0_O2;2300000;48000;00-22-16
run_opt_test0_O2;2299976;48000;00-22-16
run_opt_test0_O2;2100021;48000;00-22-16
run_opt_test0_O2;2300000;48000;00-22-16
run_opt_test0_O2;2300000;48000;00-22-17
run_opt_test0_O2;2300000;48000;00-22-17
run_opt_test0_O2;2300000;48000;00-22-17
run_opt_test0_O2;2300000;48000;00-22-17
run_opt_test0_O2;2300000;48000;00-22-17
run_opt_test0_O2;2300000;48000;00-22-17
run_opt_test0_O2;2300000;48000;00-22-17
run_opt_test0_O2;2300000;48000;00-22-18
run_opt_test0_O2;2300000;48000;00-22-18
run_opt_test0_O2;2300023;48000;00-22-18
run_opt_test0_O2;2300000;48000;00-22-18
run_opt_test0_O2;2300023;48000;00-22-18
run_opt_test0_O2;2299976;48000;00-22-18
run_opt_test0_O2;2300000;48000;00-22-18
run_opt_test0_O2;2300023;48000;00-22-18
run_opt_test0_O2;2300000;48000;00-22-19
run_opt_test0_O2;2300000;48000;00-22-19
run_opt_test0_O2;2099978;48000;00-22-19
run_opt_test0_O2;2300000;48000;00-22-19
run_opt_test0_O2;2099978;48000;00-22-19
run_opt_test0_O2;2300000;48000;00-22-19
run_opt_test0_O2;2300000;48000;00-22-19
run_opt_test0_O2;2300023;48000;00-22-20
run_opt_test0_O2;2300000;48000;00-22-20
run_opt_test0_O2;2300023;48000;00-22-20
run_opt_test0_O2;2300000;48000;00-22-20
run_opt_test0_O2;2058607;48000;00-22-20
run_opt_test0_O2;2200000;48000;00-22-20
run_opt_test0_O2;2200022;48000;00-22-20
run_opt_test0_O2;2300023;48000;00-22-21
run_opt_test0_O2;2300000;48000;00-22-21
run_opt_test0_O2;2200022;48000;00-22-21
run_opt_test0_O2;2300000;48000;00-22-21
run_opt_test0_O2;2300000;48000;00-22-21
run_opt_test0_O2;2300023;48000;00-22-21
run_opt_test0_O2;2300000;48000;00-22-21
run_opt_test0_O2;2299976;48000;00-22-22
run_opt_test0_O2;2300000;48000;00-22-22
run_opt_test0_O2;2300023;48000;00-22-22
run_opt_test0_O2;2000020;48000;00-22-22
run_opt_test0_O2;2300000;48000;00-22-22
run_opt_test0_O2;2299976;48000;00-22-22
run_opt_test0_O2;2300023;48000;00-22-22
run_opt_test0_O2;2299976;48000;00-22-23
run_opt_test0_O2;2300000;48000;00-22-23
run_opt_test0_O2;2300000;48000;00-22-23
run_opt_test0_O2;2300023;48000;00-22-23
run_opt_test0_O2;2300000;48000;00-22-23
run_opt_test0_O2;2300000;48000;00-22-23
run_opt_test0_O2;2300023;48000;00-22-23
run_opt_test0_O2;2300023;48000;00-22-23
run_opt_test0_O2;2300000;48000;00-22-24
run_opt_test0_O2;2300000;48000;00-22-24
run_opt_test0_O2;2300023;48000;00-22-24
run_opt_test0_O2;2300000;48000;00-22-24
run_opt_test0_O2;2300023;48000;00-22-24
run_opt_test0_O2;2300023;48000;00-22-24
run_opt_test0_O2;2300000;48000;00-22-24
run_opt_test0_O2;2100000;48000;00-22-25
run_opt_test0_O2;2299976;48000;00-22-25
run_opt_test0_O2;2300000;48000;00-22-25
run_opt_test0_O2;2300000;48000;00-22-25
run_opt_test0_O2;2300000;48000;00-22-25
run_opt_test0_O2;2155215;48000;00-22-25
run_opt_test0_O2;2300000;48000;00-22-25
run_opt_test0_O2;2299976;48000;00-22-26
run_opt_test0_O2;2300000;48000;00-22-26
run_opt_test0_O2;2300000;48000;00-22-26
run_opt_test0_O2;2300000;48000;00-22-26
run_opt_test0_O2;2300000;48000;00-22-26
run_opt_test0_O2;2299976;48000;00-22-26
run_opt_test0_O2;2300023;48000;00-22-26
run_opt_test0_O2;2300000;48000;00-22-27
run_opt_test0_O2;2300000;48000;00-22-27
run_opt_test0_O2;2300023;48000;00-22-27
run_opt_test0_O2;2300000;48000;00-22-27
run_opt_test0_O2;2300000;48000;00-22-27
run_opt_test0_O2;2300000;48000;00-22-27
run_opt_test0_O2;2300023;48000;00-22-27
run_opt_test0_O2;2300000;48000;00-22-28
run_opt_test0_O2;2300023;48000;00-22-28
run_opt_test0_O2;2300000;48000;00-22-28
run_opt_test0_O2;2300023;48000;00-22-28
run_opt_test0_O2;2300023;48000;00-22-28
run_opt_test0_O2;2300000;48000;00-22-28
run_opt_test0_O2;2300000;48000;00-22-28
run_opt_test0_O2;2300000;48000;00-22-29
run_opt_test0_O2;2300000;48000;00-22-29
run_opt_test0_O2;2300000;48000;00-22-29
run_opt_test0_O2;2300023;48000;00-22-29
run_opt_test0_O2;2300000;48000;00-22-29
run_opt_test0_O2;2300000;48000;00-22-29
run_opt_test0_O2;2300000;48000;00-22-29
run_opt_test0_O2;2299976;48000;00-22-29
run_opt_test0_O2;2300000;48000;00-22-30
run_opt_test0_O2;2300000;48000;00-22-30
run_opt_test0_O2;2199977;48000;00-22-30
run_opt_test0_O2;2100000;48000;00-22-30
run_opt_test0_O2;2299976;48000;00-22-30
run_opt_test0_O2;2300000;48000;00-22-30
run_opt_test0_O2;2300000;48000;00-22-30
run_opt_test0_O2;2299976;48000;00-22-31
run_opt_test0_O2;2300000;48000;00-22-31
run_opt_test0_O2;2300000;48000;00-22-31
run_opt_test0_O2;2299976;48000;00-22-31
run_opt_test0_O2;2300023;48000;00-22-31
run_opt_test0_O2;2300000;48000;00-22-31
run_opt_test0_O2;2300000;48000;00-22-31
run_opt_test0_O2;2299976;48000;00-22-32
run_opt_test0_O2;2300023;48000;00-22-32
run_opt_test0_O2;2300000;48000;00-22-32
run_opt_test0_O2;2300000;48000;00-22-32
run_opt_test0_O2;2300000;48000;00-22-32
run_opt_test0_O2;2300000;48000;00-22-32
run_opt_test0_O2;2300023;48000;00-22-32
run_opt_test0_O2;2299976;48000;00-22-33
run_opt_test0_O2;2300023;48000;00-22-33
run_opt_test0_O2;2299976;48000;00-22-33
run_opt_test0_O2;2300000;48000;00-22-33
run_opt_test0_O2;2300000;48000;00-22-33
run_opt_test0_O2;2300000;48000;00-22-33
run_opt_test0_O2;2300000;48000;00-22-33
run_opt_test0_O2;2300000;48000;00-22-34
run_opt_test0_O2;2300000;48000;00-22-34
run_opt_test0_O2;2300000;48000;00-22-34
run_opt_test0_O2;2299976;48000;00-22-34
run_opt_test0_O2;2300000;48000;00-22-34
run_opt_test0_O2;2300000;48000;00-22-34
run_opt_test0_O2;2300000;48000;00-22-34
run_opt_test0_O2;2300000;48000;00-22-34
run_opt_test0_O2;2300000;48000;00-22-35
run_opt_test0_O2;2300000;48000;00-22-35
run_opt_test0_O2;2300023;48000;00-22-35
run_opt_test0_O2;2299976;48000;00-22-35
run_opt_test0_O2;2300023;48000;00-22-35
run_opt_test0_O2;2299976;48000;00-22-35
run_opt_test0_O2;2300000;48000;00-22-35
run_opt_test0_O2;2300000;48000;00-22-36
run_opt_test0_O2;2300000;48000;00-22-36
run_opt_test0_O2;2300000;48000;00-22-36
run_opt_test0_O2;2300000;48000;00-22-36
run_opt_test0_O2;2299976;48000;00-22-36
run_opt_test0_O2;2300000;48000;00-22-36
run_opt_test0_O2;2300000;48000;00-22-36
run_opt_test0_O2;2299976;48000;00-22-37
run_opt_test0_O2;2300000;48000;00-22-37
run_opt_test0_O2;2299976;48000;00-22-37
run_opt_test0_O2;2300000;48000;00-22-37
run_opt_test0_O2;2300023;48000;00-22-37
run_opt_test0_O2;2299976;48000;00-22-37
run_opt_test0_O2;2300000;48000;00-22-37
run_opt_test0_O2;2300000;48000;00-22-38
run_opt_test0_O2;2300000;48000;00-22-38
run_opt_test0_O2;2300000;48000;00-22-38
run_opt_test0_O2;2300000;48000;00-22-38
run_opt_test0_O2;2300000;48000;00-22-38
run_opt_test0_O2;2300000;48000;00-22-38
run_opt_test0_O2;2300000;48000;00-22-38
run_opt_test0_O2;2299976;48000;00-22-39
run_opt_test0_O2;1900000;48000;00-22-39
run_opt_test0_O2;2300023;48000;00-22-39
run_opt_test0_O2;2300000;48000;00-22-39
run_opt_test0_O2;2100000;48000;00-22-39
run_opt_test0_O2;2200000;48000;00-22-39
run_opt_test0_O2;2300000;48000;00-22-39
run_opt_test0_O2;2300000;48000;00-22-40
run_opt_test0_O2;2299976;48000;00-22-40
run_opt_test0_O2;2300000;48000;00-22-40
run_opt_test0_O2;2300000;48000;00-22-40
run_opt_test0_O2;2300000;48000;00-22-40
run_opt_test0_O2;2300000;48000;00-22-40
run_opt_test0_O2;2300000;48000;00-22-40
run_opt_test0_O2;2300000;48000;00-22-41
run_opt_test0_O2;2300000;48000;00-22-41
run_opt_test0_O2;2300000;48000;00-22-41
run_opt_test0_O2;2300023;48000;00-22-41
run_opt_test0_O2;2000000;48000;00-22-41
run_opt_test0_O2;2300023;48000;00-22-41
run_opt_test0_O2;2300000;48000;00-22-41
run_opt_test0_O2;2300000;48000;00-22-41
run_opt_test0_O2;2100021;48000;00-22-42
run_opt_test0_O2;2100000;48000;00-22-42
run_opt_test0_O2;2300000;48000;00-22-42
run_opt_test0_O2;2300023;48000;00-22-42
run_opt_test0_O2;2300000;48000;00-22-42
run_opt_test0_O2;2300023;48000;00-22-42
run_opt_test0_O2;2199977;48000;00-22-42
run_opt_test0_O2;2300000;48000;00-22-43
run_opt_test0_O2;2300000;48000;00-22-43
run_opt_test0_O2;2100000;48000;00-22-43
run_opt_test0_O2;2300000;48000;00-22-43
run_opt_test0_O2;2299976;48000;00-22-43
run_opt_test0_O2;2300000;48000;00-22-43
run_opt_test0_O2;1799981;48000;00-22-43
run_opt_test0_O2;2300023;48000;00-22-44
run_opt_test0_O2;2300000;48000;00-22-44
run_opt_test0_O2;2300023;48000;00-22-44
run_opt_test0_O2;2300000;48000;00-22-44
run_opt_test0_O2;2300023;48000;00-22-44
run_opt_test0_O2;2300000;48000;00-22-44
run_opt_test0_O2;2300000;48000;00-22-44
run_opt_test0_O2;2300000;48000;00-22-45
run_opt_test0_O2;2300000;48000;00-22-45
run_opt_test0_O2;2300023;48000;00-22-45
run_opt_test0_O2;2300000;48000;00-22-45
run_opt_test0_O2;2300000;48000;00-22-45
run_opt_test0_O2;2300000;48000;00-22-45
run_opt_test0_O2;2300000;48000;00-22-45
run_opt_test0_O2;2300000;48000;00-22-46
run_opt_test0_O2;2300000;48000;00-22-46
run_opt_test0_O2;2300023;48000;00-22-46
run_opt_test0_O2;2300000;48000;00-22-46
run_opt_test0_O2;2300023;48000;00-22-46
run_opt_test0_O2;2299976;48000;00-22-46
run_opt_test0_O2;2300000;48000;00-22-46
run_opt_test0_O2;2300000;48000;00-22-47
run_opt_test0_O2;2299976;48000;00-22-47
run_opt_test0_O2;2300023;48000;00-22-47
run_opt_test0_O2;2300000;48000;00-22-47
run_opt_test0_O2;2300000;48000;00-22-47
run_opt_test0_O2;2300000;48000;00-22-47
run_opt_test0_O2;2300000;48000;00-22-47
run_opt_test0_O2;2300000;48000;00-22-47
run_opt_test0_O2;2300000;48000;00-22-48
run_opt_test0_O2;2300000;48000;00-22-48
run_opt_test0_O2;2300000;48000;00-22-48
run_opt_test0_O2;2000000;48000;00-22-48
run_opt_test0_O2;2300023;48000;00-22-48
run_opt_test0_O2;2300000;48000;00-22-48
run_opt_test0_O2;2300000;48000;00-22-48
run_opt_test0_O2;2300000;48000;00-22-49
run_opt_test0_O2;2299976;48000;00-22-49
run_opt_test0_O2;2300000;48000;00-22-49
run_opt_test0_O2;2300000;48000;00-22-49
run_opt_test0_O2;2300000;48000;00-22-49
run_opt_test0_O2;2300000;48000;00-22-49
run_opt_test0_O2;2300000;48000;00-22-49
run_opt_test0_O2;2300023;48000;00-22-50
run_opt_test0_O2;2300000;48000;00-22-50
run_opt_test0_O2;2300000;48000;00-22-50
run_opt_test0_O2;2300184;48000;00-22-50
run_opt_test0_O2;1600000;48000;00-22-50
run_opt_test0_O2;2149456;48000;00-22-50
run_opt_test0_O2;2300000;48000;00-22-50
run_opt_test0_O2;2299976;48000;00-22-51
run_opt_test0_O2;2300023;48000;00-22-51
run_opt_test0_O2;2299976;48000;00-22-51
run_opt_test0_O2;2200000;48000;00-22-51
run_opt_test0_O2;2299976;48000;00-22-51
run_opt_test0_O2;2300000;48000;00-22-51
run_opt_test0_O2;2299976;48000;00-22-51
run_opt_test0_O2;2300000;48000;00-22-52
run_opt_test0_O2;2299976;48000;00-22-52
run_opt_test0_O2;2300000;48000;00-22-52
run_opt_test0_O2;2300023;48000;00-22-52
run_opt_test0_O2;1900000;48000;00-22-52
run_opt_test0_O2;2300000;48000;00-22-52
run_opt_test0_O2;2300023;48000;00-22-52
run_opt_test0_O2;2000000;48000;00-22-53
run_opt_test0_O2;2300000;48000;00-22-53
run_opt_test0_O2;2300000;48000;00-22-53
run_opt_test0_O2;2300000;48000;00-22-53
run_opt_test0_O2;1800000;48000;00-22-53
run_opt_test0_O2;2300000;46000;00-22-53
run_opt_test0_O2;2300000;46000;00-22-53
run_opt_test0_O2;2299953;46000;00-22-54
run_opt_test0_O2;2300000;46000;00-22-54
run_opt_test0_O2;2300000;46000;00-22-54
run_opt_test0_O2;2300000;46000;00-22-54
run_opt_test0_O2;2300000;46000;00-22-54
run_opt_test0_O2;2300000;46000;00-22-54
run_opt_test0_O2;2299976;48000;00-22-54
run_opt_test0_O2;2300000;48000;00-22-55
run_opt_test0_O2;2299976;48000;00-22-55
run_opt_test0_O2;2300023;48000;00-22-55
run_opt_test0_O2;2300023;48000;00-22-55
run_opt_test0_O2;2300000;48000;00-22-55
run_opt_test0_O2;2299976;48000;00-22-55
run_opt_test0_O2;2300023;48000;00-22-55
run_opt_test0_O2;2300000;48000;00-22-56
run_opt_test0_O2;2300000;48000;00-22-56
run_opt_test0_O2;2300000;48000;00-22-56
run_opt_test0_O2;2000000;48000;00-22-56
run_opt_test0_O2;2300023;48000;00-22-56
run_opt_test0_O2;2300023;48000;00-22-56
run_opt_test0_O2;2300000;48000;00-22-56
run_opt_test0_O2;2000000;48000;00-22-57
run_opt_test0_O2;2300000;48000;00-22-57
run_opt_test0_O2;2300000;48000;00-22-57
run_opt_test0_O2;2300000;48000;00-22-57
run_opt_test0_O2;2300000;48000;00-22-57
run_opt_test0_O2;2300023;48000;00-22-57
run_opt_test0_O2;2300000;48000;00-22-57
run_opt_test0_O2;2300000;48000;00-22-58
run_opt_test0_O2;2300023;48000;00-22-58
run_opt_test0_O2;2300023;48000;00-22-58
run_opt_test0_O2;2300000;48000;00-22-58
run_opt_test0_O2;2299976;48000;00-22-58
run_opt_test0_O2;2300000;48000;00-22-58
run_opt_test0_O2;2300000;48000;00-22-58
run_opt_test0_O2;2300000;48000;00-22-59
run_opt_test0_O2;2200022;48000;00-22-59
run_opt_test0_O2;2300000;48000;00-22-59
run_opt_test0_O2;2299976;48000;00-22-59
run_opt_test0_O2;2300000;48000;00-22-59
run_opt_test0_O2;2299953;48000;00-22-59
run_opt_test0_O2;2300000;48000;00-22-59
run_opt_test0_O2;2300000;48000;00-22-59
run_opt_test0_O2;2300000;48000;00-23-00
run_opt_test0_O2;2299976;48000;00-23-00
run_opt_test0_O2;2099978;48000;00-23-00
run_opt_test0_O2;2300000;48000;00-23-00
run_opt_test0_O2;2300000;48000;00-23-00
run_opt_test0_O2;2300046;48000;00-23-00
run_opt_test0_O2;2300000;48000;00-23-00
run_opt_test0_O2;2300000;48000;00-23-01
run_opt_test0_O2;2100000;48000;00-23-01
run_opt_test0_O2;2300000;48000;00-23-01
run_opt_test0_O2;2300000;48000;00-23-01
run_opt_test0_O2;2300000;48000;00-23-01
run_opt_test0_O2;2299976;48000;00-23-01
run_opt_test0_O2;2300000;48000;00-23-01
run_opt_test0_O2;2300000;48000;00-23-02
run_opt_test0_O2;2300023;48000;00-23-02
run_opt_test0_O2;2300023;48000;00-23-02
run_opt_test0_O2;2300023;48000;00-23-02
run_opt_test0_O2;2000020;48000;00-23-02
run_opt_test0_O2;2299976;48000;00-23-02
run_opt_test0_O2;2299976;48000;00-23-02
run_opt_test0_O2;2300000;48000;00-23-03
run_opt_test0_O2;2300000;48000;00-23-03
run_opt_test0_O2;2300000;48000;00-23-03
run_opt_test0_O2;2300000;48000;00-23-03
run_opt_test0_O2;2299976;48000;00-23-03
run_opt_test0_O2;2300000;48000;00-23-03
run_opt_test0_O2;2200000;48000;00-23-03
run_opt_test0_O2;2300000;48000;00-23-04
run_opt_test0_O2;2299953;48000;00-23-04
run_opt_test0_O2;2300023;48000;00-23-04
run_opt_test0_O2;2300000;48000;00-23-04
run_opt_test0_O2;2300000;48000;00-23-04
run_opt_test0_O2;2300000;48000;00-23-04
run_opt_test0_O2;2300000;48000;00-23-04
run_opt_test0_O2;2300000;48000;00-23-05
run_opt_test0_O2;2300000;48000;00-23-05
run_opt_test0_O2;2300000;48000;00-23-05
run_opt_test0_O2;2300000;48000;00-23-05
run_opt_test0_O2;2300000;48000;00-23-05
run_opt_test0_O2;2200000;48000;00-23-05
run_opt_test0_O2;2300000;48000;00-23-05
run_opt_test0_O2;2300000;48000;00-23-06
run_opt_test0_O2;2300000;48000;00-23-06
run_opt_test0_O2;2300000;48000;00-23-06
run_opt_test0_O2;2300000;48000;00-23-06
run_opt_test0_O2;2300000;48000;00-23-06
run_opt_test0_O2;2000000;48000;00-23-06
run_opt_test0_O2;2100000;48000;00-23-06
run_opt_test0_O2;2300000;48000;00-23-07
run_opt_test0_O2;2300023;48000;00-23-07
run_opt_test0_O2;2300023;48000;00-23-07
run_opt_test0_O2;2300000;48000;00-23-07
run_opt_test0_O2;2299953;48000;00-23-07
run_opt_test0_O2;2300185;48000;00-23-07
run_opt_test0_O2;2300000;48000;00-23-07
run_opt_test0_O2;2300000;48000;00-23-07
run_opt_test0_O2;1899980;48000;00-23-08
run_opt_test0_O2;2299953;48000;00-23-08
run_opt_test0_O2;2300000;48000;00-23-08
run_opt_test0_O2;2300000;48000;00-23-08
run_opt_test0_O2;2300000;48000;00-23-08
run_opt_test0_O2;2300046;48000;00-23-08
run_opt_test0_O2;2300000;48000;00-23-08
run_opt_test0_O2;2300000;48000;00-23-09
run_opt_test0_O2;2299976;48000;00-23-09
run_opt_test0_O2;2299976;48000;00-23-09
run_opt_test0_O2;2300000;48000;00-23-09
run_opt_test0_O2;2200000;48000;00-23-09
run_opt_test0_O2;2100021;48000;00-23-09
run_opt_test0_O2;2300000;48000;00-23-09
run_opt_test0_O2;2299976;48000;00-23-10
run_opt_test0_O2;2300023;48000;00-23-10
run_opt_test0_O2;2300023;48000;00-23-10
run_opt_test0_O2;2300000;48000;00-23-10
run_opt_test0_O2;2300000;48000;00-23-10
run_opt_test0_O2;2300000;48000;00-23-10
run_opt_test0_O2;2300000;48000;00-23-10
run_opt_test0_O2;2300000;48000;00-23-11
run_opt_test0_O2;2300023;48000;00-23-11
run_opt_test0_O2;2300000;48000;00-23-11
run_opt_test0_O2;2300023;48000;00-23-11
run_opt_test0_O2;2300000;48000;00-23-11
run_opt_test0_O2;2300023;48000;00-23-11
run_opt_test0_O2;2300023;48000;00-23-11
run_opt_test0_O2;2300000;48000;00-23-12
run_opt_test0_O2;2000020;48000;00-23-12
run_opt_test0_O2;2300000;48000;00-23-12
run_opt_test0_O2;2299976;48000;00-23-12
run_opt_test0_O2;2299815;48000;00-23-12
run_opt_test0_O2;2300000;48000;00-23-12
run_opt_test0_O2;2300023;48000;00-23-12
run_opt_test0_O2;1899980;48000;00-23-12
run_opt_test0_O2;2300000;48000;00-23-13
run_opt_test0_O2;2299976;48000;00-23-13
run_opt_test0_O2;2300023;48000;00-23-13
run_opt_test0_O2;2300000;48000;00-23-13
run_opt_test0_O2;2300000;48000;00-23-13
run_opt_test0_O2;2300000;48000;00-23-13
run_opt_test0_O2;2300023;48000;00-23-13
run_opt_test0_O2;2299976;48000;00-23-14
run_opt_test0_O2;2299976;48000;00-23-14
run_opt_test0_O2;2300023;48000;00-23-14
run_opt_test0_O2;2300000;48000;00-23-14
run_opt_test0_O2;2300023;48000;00-23-14
run_opt_test0_O2;2300000;48000;00-23-14
run_opt_test0;1793989;48000;00-23-14
run_opt_test0_O2;5100000;60000;00-23-28
run_opt_test0_O2;3922230;60000;00-23-28
run_opt_test0_O2;2500025;60000;00-23-28
run_opt_test0_O2;2600026;60000;00-23-29
run_opt_test0_O2;2300000;60000;00-23-29
run_opt_test0_O2;2300000;60000;00-23-29
run_opt_test0_O2;2300023;60000;00-23-29
run_opt_test0_O2;2300000;60000;00-23-29
run_opt_test0_O2;2300000;48000;00-23-29
run_opt_test0_O2;2300000;48000;00-23-29
run_opt_test0_O2;1900000;48000;00-23-30
run_opt_test0_O2;2299976;48000;00-23-30
run_opt_test0_O2;2300000;48000;00-23-30
run_opt_test0_O2;2299976;48000;00-23-30
run_opt_test0_O2;2300000;48000;00-23-30
run_opt_test0_O2;2300023;48000;00-23-30
run_opt_test0_O2;2300000;46000;00-23-30
run_opt_test0_O2;2299976;46000;00-23-31
run_opt_test0_O2;2300000;46000;00-23-31
run_opt_test0_O2;2300000;46000;00-23-31
run_opt_test0_O2;2300000;46000;00-23-31
run_opt_test0_O2;2300023;46000;00-23-31
run_opt_test0_O2;2300000;46000;00-23-31
run_opt_test0_O2;2300000;46000;00-23-31
run_opt_test0_O2;2199977;48000;00-23-32
run_opt_test0_O2;2000000;48000;00-23-32
run_opt_test0_O2;2300000;48000;00-23-32
run_opt_test0_O2;2300000;48000;00-23-32
run_opt_test0_O2;2300000;48000;00-23-32
run_opt_test0_O2;2300000;48000;00-23-32
run_opt_test0_O2;2300000;48000;00-23-32
run_opt_test0_O2;2300000;48000;00-23-33
run_opt_test0_O2;2300000;46000;00-23-33
run_opt_test0_O2;2299976;46000;00-23-33
run_opt_test0_O2;2299976;46000;00-23-33
run_opt_test0_O2;2300000;46000;00-23-33
run_opt_test0_O2;2300023;46000;00-23-33
run_opt_test0_O2;2299976;46000;00-23-33
run_opt_test0_O2;2300000;46000;00-23-34
run_opt_test0_O2;2300023;46000;00-23-34
run_opt_test0_O2;2299976;46000;00-23-34
run_opt_test0_O2;2300000;46000;00-23-34
run_opt_test0_O2;2300000;46000;00-23-34
run_opt_test0_O2;2300000;46000;00-23-34
run_opt_test0_O2;2300000;46000;00-23-34
run_opt_test0_O2;2299976;46000;00-23-35
run_opt_test0_O2;2300023;46000;00-23-35
run_opt_test0_O2;2300000;46000;00-23-35
run_opt_test0_O2;2300000;46000;00-23-35
run_opt_test0_O2;2300000;46000;00-23-35
run_opt_test0_O2;2300000;46000;00-23-35
run_opt_test0_O2;2200000;46000;00-23-35
run_opt_test0_O2;2300000;46000;00-23-35
run_opt_test0_O2;2300000;46000;00-23-36
run_opt_test0_O2;2299976;46000;00-23-36
run_opt_test0_O2;2300000;46000;00-23-36
run_opt_test0_O2;2300000;48000;00-23-36
run_opt_test0_O2;2300023;48000;00-23-36
run_opt_test0_O2;2300000;48000;00-23-36
run_opt_test0_O2;2300000;48000;00-23-36
run_opt_test0_O2;2299976;48000;00-23-37
run_opt_test0_O2;2300000;48000;00-23-37
run_opt_test0_O2;2299976;48000;00-23-37
run_opt_test0_O2;2300000;48000;00-23-37
run_opt_test0_O2;2300000;46000;00-23-37
run_opt_test0_O2;2300000;46000;00-23-37
run_opt_test0_O2;2300023;46000;00-23-37
run_opt_test0_O2;2300000;46000;00-23-38
run_opt_test0_O2;2299976;46000;00-23-38
run_opt_test0_O2;2300023;46000;00-23-38
run_opt_test0_O2;2300023;46000;00-23-38
run_opt_test0_O2;1900000;46000;00-23-38
run_opt_test0_O2;2300000;48000;00-23-38
run_opt_test0_O2;2300000;48000;00-23-38
run_opt_test0_O2;2100000;48000;00-23-38
run_opt_test0_O2;2300023;48000;00-23-39
run_opt_test0_O2;2199977;48000;00-23-39
run_opt_test0_O2;2300000;48000;00-23-39
run_opt_test0_O2;2300000;48000;00-23-39
run_opt_test0_O2;1800018;48000;00-23-39
run_opt_test0_O2;2300000;48000;00-23-39
run_opt_test0_O2;2300000;48000;00-23-39
run_opt_test0_O2;2300000;48000;00-23-40
run_opt_test0_O2;2300000;48000;00-23-40
run_opt_test0_O2;2000000;48000;00-23-40
run_opt_test0_O2;2300000;48000;00-23-40
run_opt_test0_O2;2300000;48000;00-23-40
run_opt_test0_O2;2300000;48000;00-23-40
run_opt_test0_O2;2300000;46000;00-23-40
run_opt_test0_O2;2299976;46000;00-23-41
run_opt_test0_O2;2300000;46000;00-23-41
run_opt_test0_O2;2299976;46000;00-23-41
run_opt_test0_O2;2300000;46000;00-23-41
run_opt_test0_O2;2000020;46000;00-23-41
run_opt_test0_O2;2300000;46000;00-23-41
run_opt_test0_O2;2299976;46000;00-23-41
run_opt_test0_O2;2300000;48000;00-23-42
run_opt_test0_O2;1900019;48000;00-23-42
run_opt_test0_O2;2300000;48000;00-23-42
run_opt_test0_O2;2300023;48000;00-23-42
run_opt_test0_O2;2100000;48000;00-23-42
run_opt_test0_O2;2299976;48000;00-23-42
run_opt_test0_O2;2300000;48000;00-23-42
run_opt_test0_O2;2299976;48000;00-23-43
run_opt_test0_O2;2300000;46000;00-23-43
run_opt_test0_O2;2299976;46000;00-23-43
run_opt_test0_O2;2300000;46000;00-23-43
run_opt_test0_O2;2300023;46000;00-23-43
run_opt_test0_O2;2299953;46000;00-23-43
run_opt_test0_O2;2299976;46000;00-23-43
run_opt_test0_O2;2300000;46000;00-23-43
run_opt_test0_O2;2000000;46000;00-23-44
run_opt_test0_O2;2300000;48000;00-23-44
run_opt_test0_O2;2300023;48000;00-23-44
run_opt_test0_O2;2300000;48000;00-23-44
run_opt_test0_O2;2300000;48000;00-23-44
run_opt_test0_O2;2300000;48000;00-23-44
run_opt_test0_O2;2300000;48000;00-23-44
run_opt_test0_O2;2300000;48000;00-23-45
run_opt_test0_O2;2300000;48000;00-23-45
run_opt_test0_O2;2200000;46000;00-23-45
run_opt_test0_O2;2300046;46000;00-23-45
run_opt_test0_O2;2300000;46000;00-23-45
run_opt_test0_O2;2300000;46000;00-23-45
run_opt_test0_O2;2300000;46000;00-23-45
run_opt_test0_O2;2300023;46000;00-23-46
run_opt_test0_O2;1999979;46000;00-23-46
run_opt_test0_O2;2300000;46000;00-23-46
run_opt_test0_O2;2300000;46000;00-23-46
run_opt_test0_O2;2300000;46000;00-23-46
run_opt_test0_O2;2299976;46000;00-23-46
run_opt_test0_O2;2300000;46000;00-23-46
run_opt_test0_O2;2300000;46000;00-23-47
run_opt_test0_O2;2300000;46000;00-23-47
run_opt_test0_O2;2300000;46000;00-23-47
run_opt_test0_O2;2100000;46000;00-23-47
run_opt_test0_O2;2300023;48000;00-23-47
run_opt_test0_O2;2300000;48000;00-23-47
run_opt_test0_O2;2100000;48000;00-23-47
run_opt_test0_O2;2300000;48000;00-23-48
run_opt_test0_O2;2299976;48000;00-23-48
run_opt_test0_O2;2300000;48000;00-23-48
run_opt_test0_O2;2300023;48000;00-23-48
run_opt_test0_O2;1899980;48000;00-23-48
run_opt_test0_O2;2100000;48000;00-23-48
run_opt_test0_O2;2300023;48000;00-23-48
run_opt_test0_O2;2000020;48000;00-23-48
run_opt_test0_O2;2300000;48000;00-23-49
run_opt_test0_O2;2299976;48000;00-23-49
run_opt_test0_O2;2300000;48000;00-23-49
run_opt_test0_O2;2300023;48000;00-23-49
run_opt_test0_O2;2300000;48000;00-23-49
run_opt_test0_O2;2300000;48000;00-23-49
run_opt_test0_O2;2000020;48000;00-23-49
run_opt_test0_O2;2300000;48000;00-23-50
run_opt_test0_O2;2300000;48000;00-23-50
run_opt_test0_O2;2300000;48000;00-23-50
run_opt_test0_O2;2300000;48000;00-23-50
run_opt_test0_O2;2300000;48000;00-23-50
run_opt_test0_O2;2300023;48000;00-23-50
run_opt_test0_O2;2300023;48000;00-23-50
run_opt_test0_O2;2300023;48000;00-23-51
run_opt_test0_O2;2300000;48000;00-23-51
run_opt_test0_O2;2300000;48000;00-23-51
run_opt_test0_O2;2300000;48000;00-23-51
run_opt_test0_O2;2299976;48000;00-23-51
run_opt_test0_O2;2300000;48000;00-23-51
run_opt_test0_O2;2300000;48000;00-23-51
run_opt_test0_O2;2300023;46000;00-23-52
run_opt_test0_O2;2299976;46000;00-23-52
run_opt_test0_O2;2300023;46000;00-23-52
run_opt_test0_O2;2300000;46000;00-23-52
run_opt_test0_O2;2300000;46000;00-23-52
run_opt_test0_O2;2100021;46000;00-23-52
run_opt_test0_O2;2299976;46000;00-23-52
run_opt_test0_O2;2100000;46000;00-23-53
run_opt_test0_O2;2299976;46000;00-23-53
run_opt_test0_O2;2300023;46000;00-23-53
run_opt_test0_O2;2300000;46000;00-23-53
run_opt_test0_O2;2300000;46000;00-23-53
run_opt_test0_O2;2300023;46000;00-23-53
run_opt_test0_O2;2300000;46000;00-23-53
run_opt_test0_O2;2300000;46000;00-23-53
run_opt_test0_O2;2300000;46000;00-23-54
run_opt_test0_O2;2300023;46000;00-23-54
run_opt_test0_O2;2300000;46000;00-23-54
run_opt_test0_O2;2300000;46000;00-23-54
run_opt_test0_O2;2200000;46000;00-23-54
run_opt_test0_O2;2300000;46000;00-23-54
run_opt_test0_O2;2300023;46000;00-23-54
run_opt_test0_O2;2300000;46000;00-23-55
run_opt_test0_O2;2300023;46000;00-23-55
run_opt_test0_O2;2300000;46000;00-23-55
run_opt_test0_O2;2300000;46000;00-23-55
run_opt_test0_O2;2300000;46000;00-23-55
run_opt_test0_O2;2300000;46000;00-23-55
run_opt_test0_O2;2300000;46000;00-23-55
run_opt_test0_O2;2300000;46000;00-23-56
run_opt_test0_O2;2299976;46000;00-23-56
run_opt_test0_O2;1999979;46000;00-23-56
run_opt_test0_O2;2200022;46000;00-23-56
run_opt_test0_O2;2300000;46000;00-23-56
run_opt_test0_O2;2300000;46000;00-23-56
run_opt_test0_O2;1999979;46000;00-23-56
run_opt_test0_O2;1999979;46000;00-23-57
run_opt_test0_O2;2299976;46000;00-23-57
run_opt_test0_O2;2300000;46000;00-23-57
run_opt_test0_O2;2300023;46000;00-23-57
run_opt_test0_O2;2300000;48000;00-23-57
run_opt_test0_O2;2300000;48000;00-23-57
run_opt_test0_O2;2299976;48000;00-23-57
run_opt_test0_O2;1800000;48000;00-23-58
run_opt_test0_O2;2300000;48000;00-23-58
run_opt_test0_O2;2200022;48000;00-23-58
run_opt_test0_O2;2300023;48000;00-23-58
run_opt_test0_O2;2300023;48000;00-23-58
run_opt_test0_O2;2300000;46000;00-23-58
run_opt_test0_O2;2300000;46000;00-23-58
run_opt_test0_O2;2300000;46000;00-23-58
run_opt_test0_O2;2300000;46000;00-23-59
run_opt_test0_O2;2300000;46000;00-23-59
run_opt_test0_O2;2300000;46000;00-23-59
run_opt_test0_O2;2300000;46000;00-23-59
run_opt_test0_O2;2300000;46000;00-23-59
run_opt_test0_O2;2300000;48000;00-23-59
run_opt_test0_O2;1900000;48000;00-23-59
run_opt_test0_O2;2300023;48000;00-24-00
run_opt_test0_O2;2300000;48000;00-24-00
run_opt_test0_O2;2299976;48000;00-24-00
run_opt_test0_O2;2300000;48000;00-24-00
run_opt_test0_O2;2300023;48000;00-24-00
run_opt_test0_O2;2300000;48000;00-24-00
run_opt_test0_O2;2300000;48000;00-24-00
run_opt_test0_O2;2300023;48000;00-24-01
run_opt_test0_O2;2300000;48000;00-24-01
run_opt_test0_O2;2300000;48000;00-24-01
run_opt_test0_O2;2300023;48000;00-24-01
run_opt_test0_O2;2300000;48000;00-24-01
run_opt_test0_O2;2200022;48000;00-24-01
run_opt_test0_O2;2300000;48000;00-24-01
run_opt_test0_O2;1999979;48000;00-24-02
run_opt_test0_O2;2300000;48000;00-24-02
run_opt_test0_O2;2300000;48000;00-24-02
run_opt_test0_O2;2300000;48000;00-24-02
run_opt_test0_O2;2300000;48000;00-24-02
run_opt_test0_O2;2300000;48000;00-24-02
run_opt_test0_O2;2300000;48000;00-24-02
run_opt_test0_O2;2100021;46000;00-24-03
run_opt_test0_O2;1999979;46000;00-24-03
run_opt_test0_O2;2300000;46000;00-24-03
run_opt_test0_O2;2300000;46000;00-24-03
run_opt_test0_O2;2300000;46000;00-24-03
run_opt_test0_O2;2300000;46000;00-24-03
run_opt_test0_O2;2299976;46000;00-24-03
run_opt_test0_O2;2300023;46000;00-24-04
run_opt_test0_O2;2300000;46000;00-24-04
run_opt_test0_O2;2300023;46000;00-24-04
run_opt_test0_O2;2300000;46000;00-24-04
run_opt_test0_O2;2300000;46000;00-24-04
run_opt_test0_O2;2300000;46000;00-24-04
run_opt_test0_O2;2300000;46000;00-24-04
run_opt_test0_O2;2000020;46000;00-24-05
run_opt_test0_O2;2000020;46000;00-24-05
run_opt_test0_O2;2300000;46000;00-24-05
run_opt_test0_O2;2300023;46000;00-24-05
run_opt_test0_O2;2000000;46000;00-24-05
run_opt_test0_O2;2300000;46000;00-24-05
run_opt_test0_O2;2299976;46000;00-24-05
run_opt_test0_O2;1899980;46000;00-24-06
run_opt_test0_O2;2299976;46000;00-24-06
run_opt_test0_O2;2299976;46000;00-24-06
run_opt_test0_O2;2300000;48000;00-24-06
run_opt_test0_O2;2300000;48000;00-24-06
run_opt_test0_O2;2300000;48000;00-24-06
run_opt_test0_O2;2299976;48000;00-24-06
run_opt_test0_O2;2300000;48000;00-24-07
run_opt_test0_O2;2300000;48000;00-24-07
run_opt_test0_O2;2299976;48000;00-24-07
run_opt_test0_O2;2300023;48000;00-24-07
run_opt_test0_O2;2300000;46000;00-24-07
run_opt_test0_O2;2300000;46000;00-24-07
run_opt_test0_O2;2300023;46000;00-24-07
run_opt_test0_O2;2300000;46000;00-24-08
run_opt_test0_O2;2300023;46000;00-24-08
run_opt_test0_O2;2100000;46000;00-24-08
run_opt_test0_O2;2200000;46000;00-24-08
run_opt_test0_O2;2299976;46000;00-24-08
run_opt_test0_O2;2300000;48000;00-24-08
run_opt_test0_O2;2300000;48000;00-24-08
run_opt_test0_O2;2299976;48000;00-24-08
run_opt_test0_O2;2300000;48000;00-24-09
run_opt_test0_O2;2300000;48000;00-24-09
run_opt_test0_O2;2300000;48000;00-24-09
run_opt_test0_O2;2300000;48000;00-24-09
run_opt_test0_O2;2300000;48000;00-24-09
run_opt_test0_O2;2299976;48000;00-24-09
run_opt_test0_O2;2300000;48000;00-24-09
run_opt_test0_O2;2300023;48000;00-24-10
run_opt_test0_O2;2300000;48000;00-24-10
run_opt_test0_O2;2300023;48000;00-24-10
run_opt_test0_O2;2300023;48000;00-24-10
run_opt_test0_O2;2300023;48000;00-24-10
run_opt_test0_O2;2300000;48000;00-24-10
run_opt_test0_O2;2300000;48000;00-24-10
run_opt_test0_O2;2299976;48000;00-24-11
run_opt_test0_O2;2099978;48000;00-24-11
run_opt_test0_O2;2300023;48000;00-24-11
run_opt_test0_O2;2300000;48000;00-24-11
run_opt_test0_O2;2195092;48000;00-24-11
run_opt_test0_O2;2300000;48000;00-24-11
run_opt_test0_O2;2300000;48000;00-24-11
run_opt_test0_O2;2300023;48000;00-24-12
run_opt_test0_O2;2300000;48000;00-24-12
run_opt_test0_O2;2300000;48000;00-24-12
run_opt_test0_O2;1899980;48000;00-24-12
run_opt_test0_O2;2300000;48000;00-24-12
run_opt_test0_O2;2300000;48000;00-24-12
run_opt_test0_O2;2300000;48000;00-24-12
run_opt_test0_O2;2300000;48000;00-24-12
run_opt_test0_O2;2300000;48000;00-24-13
run_opt_test0_O2;2300000;48000;00-24-13
run_opt_test0_O2;2099978;48000;00-24-13
run_opt_test0_O2;2200022;48000;00-24-13
run_opt_test0_O2;2300023;48000;00-24-13
run_opt_test0_O2;2300000;48000;00-24-13
run_opt_test0_O2;2100021;48000;00-24-13
run_opt_test0_O2;2300000;48000;00-24-14
run_opt_test0_O2;2300000;48000;00-24-14
run_opt_test0_O2;2300000;48000;00-24-14
run_opt_test0_O2;2300000;48000;00-24-14
run_opt_test0_O2;2300023;48000;00-24-14
run_opt_test0_O2;2300000;48000;00-24-14
run_opt_test0_O2;2300023;48000;00-24-14
run_opt_test0_O2;2299976;48000;00-24-15
run_opt_test0_O2;2300000;48000;00-24-15
run_opt_test0_O2;2300000;48000;00-24-15
run_opt_test0_O2;2300023;48000;00-24-15
run_opt_test0_O2;2300000;48000;00-24-15
run_opt_test0_O2;2300000;48000;00-24-15
run_opt_test0_O2;2300023;48000;00-24-15
run_opt_test0_O2;2300000;48000;00-24-16
run_opt_test0_O2;2300000;48000;00-24-16
run_opt_test0_O2;2299976;48000;00-24-16
run_opt_test0_O2;2099978;50000;00-24-16
run_opt_test0_O2;1900000;50000;00-24-16
run_opt_test0_O2;2300000;50000;00-24-16
run_opt_test0_O2;2300000;50000;00-24-16
run_opt_test0_O2;2300000;50000;00-24-17
run_opt_test0_O2;2199977;50000;00-24-17
run_opt_test0_O2;2299976;50000;00-24-17
run_opt_test0_O2;2299976;50000;00-24-17
run_opt_test0_O2;2300000;48000;00-24-17
run_opt_test0_O2;2300000;48000;00-24-17
run_opt_test0_O2;2300000;48000;00-24-17
run_opt_test0_O2;2300000;48000;00-24-17
run_opt_test0_O2;2300000;48000;00-24-18
run_opt_test0_O2;2300000;48000;00-24-18
run_opt_test0_O2;2300000;48000;00-24-18
run_opt_test0_O2;2100000;48000;00-24-18
run_opt_test0_O2;2300000;50000;00-24-18
run_opt_test0_O2;2300000;50000;00-24-18
run_opt_test0_O2;2300000;50000;00-24-18
run_opt_test0_O2;2300000;50000;00-24-19
run_opt_test0_O2;2300000;50000;00-24-19
run_opt_test0_O2;2300000;50000;00-24-19
run_opt_test0_O2;2300000;50000;00-24-19
run_opt_test0_O2;2300023;50000;00-24-19
run_opt_test0_O2;2300023;50000;00-24-19
run_opt_test0_O2;2100000;50000;00-24-19
run_opt_test0_O2;2299976;50000;00-24-20
run_opt_test0_O2;2300023;50000;00-24-20
run_opt_test0_O2;2300023;50000;00-24-20
run_opt_test0_O2;2300000;50000;00-24-20
run_opt_test0_O2;2300000;50000;00-24-20
run_opt_test0_O2;2199977;50000;00-24-20
run_opt_test0_O2;2300000;50000;00-24-20
run_opt_test0_O2;2300000;50000;00-24-21
run_opt_test0_O2;2300000;50000;00-24-21
run_opt_test0_O2;2300000;50000;00-24-21
run_opt_test0_O2;2299976;50000;00-24-21
run_opt_test0_O2;1700000;50000;00-24-21
run_opt_test0_O2;2300000;50000;00-24-21
run_opt_test0_O2;2300023;50000;00-24-21
run_opt_test0_O2;2300000;48000;00-24-22
run_opt_test0_O2;2300000;48000;00-24-22
run_opt_test0_O2;2300000;48000;00-24-22
run_opt_test0_O2;2300023;48000;00-24-22
run_opt_test0_O2;2300000;48000;00-24-22
run_opt_test0_O2;2300000;48000;00-24-22
run_opt_test0_O2;2300000;48000;00-24-22
run_opt_test0_O2;2300000;48000;00-24-22
run_opt_test0_O2;2300000;50000;00-24-23
run_opt_test0_O2;2300023;50000;00-24-23
run_opt_test0_O2;2300000;50000;00-24-23
run_opt_test0_O2;2300000;50000;00-24-23
run_opt_test0_O2;2300000;50000;00-24-23
run_opt_test0_O2;2300000;50000;00-24-23
run_opt_test0_O2;2300000;50000;00-24-23
run_opt_test0_O2;2300000;50000;00-24-24
run_opt_test0_O2;2300023;50000;00-24-24
run_opt_test0_O2;2300023;50000;00-24-24
run_opt_test0_O2;2300000;50000;00-24-24
run_opt_test0_O2;2300000;50000;00-24-24
run_opt_test0_O2;2299976;50000;00-24-24
run_opt_test0_O2;2300000;50000;00-24-24
run_opt_test0_O2;2300000;50000;00-24-25
run_opt_test0_O2;2299976;50000;00-24-25
run_opt_test0_O2;2300000;50000;00-24-25
run_opt_test0_O2;2299976;50000;00-24-25
run_opt_test0_O2;2300023;50000;00-24-25
run_opt_test0_O2;2299976;50000;00-24-25
run_opt_test0_O2;2300000;50000;00-24-25
run_opt_test0_O2;2299976;50000;00-24-26
run_opt_test0_O2;2299976;50000;00-24-26
run_opt_test0_O2;2300000;50000;00-24-26
run_opt_test0_O2;2300000;50000;00-24-26
run_opt_test0_O2;2300000;50000;00-24-26
run_opt_test0_O2;2300000;50000;00-24-26
run_opt_test0_O2;2300000;50000;00-24-26
run_opt_test0_O2;2300023;50000;00-24-26
run_opt_test0_O2;2300000;50000;00-24-27
run_opt_test0_O2;2300000;50000;00-24-27
run_opt_test0_O2;2300000;50000;00-24-27
run_opt_test0_O2;2299976;52000;00-24-27
run_opt_test0_O2;2300000;52000;00-24-27
run_opt_test0_O2;2300023;52000;00-24-27
run_opt_test0_O2;2299976;52000;00-24-27
run_opt_test0_O2;2100000;52000;00-24-28
run_opt_test0_O2;2300000;52000;00-24-28
run_opt_test0_O2;2300000;52000;00-24-28
run_opt_test0_O2;2300000;52000;00-24-28
run_opt_test0_O2;2299976;50000;00-24-28
run_opt_test0_O2;2300000;50000;00-24-28
run_opt_test0_O2;2300000;50000;00-24-28
run_opt_test0_O2;2300000;50000;00-24-29
run_opt_test0_O2;2300023;50000;00-24-29
run_opt_test0_O2;2300000;50000;00-24-29
run_opt_test0_O2;2300000;50000;00-24-29
run_opt_test0_O2;2299976;50000;00-24-29
run_opt_test0_O2;2300000;50000;00-24-29
run_opt_test0_O2;2100021;50000;00-24-29
run_opt_test0_O2;2300000;50000;00-24-30
run_opt_test0_O2;2299976;50000;00-24-30
run_opt_test0_O2;2300000;50000;00-24-30
run_opt_test0_O2;2300000;50000;00-24-30
run_opt_test0_O2;2300023;50000;00-24-30
run_opt_test0_O2;2100000;50000;00-24-30
run_opt_test0_O2;2100000;50000;00-24-30
run_opt_test0_O2;2300000;50000;00-24-31
run_opt_test0_O2;2100000;50000;00-24-31
run_opt_test0_O2;2300000;50000;00-24-31
run_opt_test0_O2;2300000;50000;00-24-31
run_opt_test0_O2;2300000;50000;00-24-31
run_opt_test0_O2;2257923;50000;00-24-31
run_opt_test0_O2;2299976;50000;00-24-31
run_opt_test0_O2;2300000;50000;00-24-32
run_opt_test0_O2;2299976;50000;00-24-32
run_opt_test0_O2;2300023;50000;00-24-32
run_opt_test0_O2;2300000;50000;00-24-32
run_opt_test0_O2;2300000;50000;00-24-32
run_opt_test0_O2;2300000;50000;00-24-32
run_opt_test0_O2;2300023;50000;00-24-32
run_opt_test0_O2;2300023;50000;00-24-33
run_opt_test0_O2;2300000;50000;00-24-33
run_opt_test0_O2;2300000;50000;00-24-33
run_opt_test0_O2;2300000;50000;00-24-33
run_opt_test0_O2;2300000;50000;00-24-33
run_opt_test0_O2;2300000;50000;00-24-33
run_opt_test0_O2;2300000;50000;00-24-33
run_opt_test0_O2;2200022;50000;00-24-34
run_opt_test0_O2;2300000;50000;00-24-34
run_opt_test0_O2;2300023;52000;00-24-34
run_opt_test0_O2;1900019;52000;00-24-34
run_opt_test0_O2;2300023;52000;00-24-34
run_opt_test0_O2;2300000;52000;00-24-34
run_opt_test0_O2;2300000;52000;00-24-34
run_opt_test0_O2;2300000;52000;00-24-35
run_opt_test0_O2;2200000;52000;00-24-35
run_opt_test0_O2;2299953;52000;00-24-35
run_opt_test0_O2;2300000;52000;00-24-35
run_opt_test0_O2;2299976;52000;00-24-35
run_opt_test0_O2;2300023;52000;00-24-35
run_opt_test0_O2;2300000;52000;00-24-35
run_opt_test0_O2;2300000;52000;00-24-35
run_opt_test0_O2;2300000;52000;00-24-36
run_opt_test0_O2;2299976;52000;00-24-36
run_opt_test0_O2;2300000;52000;00-24-36
run_opt_test0_O2;2300000;52000;00-24-36
run_opt_test0_O2;2300000;52000;00-24-36
run_opt_test0_O2;2300000;52000;00-24-36
run_opt_test0_O2;2300000;52000;00-24-36
run_opt_test0_O2;2300000;52000;00-24-37
run_opt_test0_O2;2299976;52000;00-24-37
run_opt_test0_O2;2200000;52000;00-24-37
run_opt_test0_O2;2300000;52000;00-24-37
run_opt_test0_O2;2300000;52000;00-24-37
run_opt_test0_O2;2300000;52000;00-24-37
run_opt_test0_O2;2300000;52000;00-24-37
run_opt_test0_O2;2300000;52000;00-24-38
run_opt_test0_O2;2299976;52000;00-24-38
run_opt_test0_O2;2300000;52000;00-24-38
run_opt_test0_O2;2300023;52000;00-24-38
run_opt_test0_O2;2300023;52000;00-24-38
run_opt_test0_O2;2300000;52000;00-24-38
run_opt_test0_O2;2299976;52000;00-24-38
run_opt_test0_O2;2000000;52000;00-24-39
run_opt_test0_O2;2300000;52000;00-24-39
run_opt_test0_O2;2300000;52000;00-24-39
run_opt_test0_O2;2300000;52000;00-24-39
run_opt_test0_O2;2100000;52000;00-24-39
run_opt_test0_O2;2300000;52000;00-24-39
run_opt_test0_O2;2300000;52000;00-24-39
run_opt_test0_O2;2300023;52000;00-24-40
run_opt_test0_O2;2300000;52000;00-24-40
run_opt_test0_O2;2300000;52000;00-24-40
run_opt_test0_O2;2299976;52000;00-24-40
run_opt_test0_O2;2299976;52000;00-24-40
run_opt_test0_O2;2300023;52000;00-24-40
run_opt_test0_O2;2300023;52000;00-24-40
run_opt_test0_O2;2300000;52000;00-24-40
run_opt_test0_O2;2200000;52000;00-24-41
run_opt_test0_O2;2300023;52000;00-24-41
run_opt_test0_O2;2300000;52000;00-24-41
run_opt_test0_O2;2299976;52000;00-24-41
run_opt_test0_O2;2300046;52000;00-24-41
run_opt_test0_O2;2000000;52000;00-24-41
run_opt_test0_O2;2199977;52000;00-24-41
run_opt_test0_O2;2300000;52000;00-24-42
run_opt_test0_O2;2299976;52000;00-24-42
run_opt_test0_O2;2300023;52000;00-24-42
run_opt_test0_O2;2300023;52000;00-24-42
run_opt_test0_O2;2299976;52000;00-24-42
run_opt_test0_O2;2300000;52000;00-24-42
run_opt_test0_O2;2300000;52000;00-24-42
run_opt_test0_O2;2299976;52000;00-24-43
run_opt_test0_O2;2300000;52000;00-24-43
run_opt_test0_O2;2300000;52000;00-24-43
run_opt_test0_O2;2300023;52000;00-24-43
run_opt_test0_O2;2299976;52000;00-24-43
run_opt_test0_O2;2300000;52000;00-24-43
run_opt_test0_O2;1900000;52000;00-24-43
run_opt_test0_O2;1900000;52000;00-24-44
run_opt_test0_O2;2300000;52000;00-24-44
run_opt_test0_O2;2200000;52000;00-24-44
run_opt_test0_O2;2300023;52000;00-24-44
run_opt_test0_O2;2000000;52000;00-24-44
run_opt_test0_O2;2300000;52000;00-24-44
run_opt_test0_O2;2300000;52000;00-24-44
run_opt_test0_O2;2300000;52000;00-24-45
run_opt_test0_O2;2000020;52000;00-24-45
run_opt_test0_O2;2300023;52000;00-24-45
run_opt_test0_O2;2300000;52000;00-24-45
run_opt_test0_O2;2100000;52000;00-24-45
run_opt_test0_O2;2300000;52000;00-24-45
run_opt_test0_O2;2299976;52000;00-24-45
run_opt_test0_O2;2300000;52000;00-24-46
run_opt_test0_O2;2300000;52000;00-24-46
run_opt_test0_O2;2300023;52000;00-24-46
run_opt_test0_O2;2299976;52000;00-24-46
run_opt_test0_O2;2299976;52000;00-24-46
run_opt_test0_O2;2300000;52000;00-24-46
run_opt_test0_O2;2300000;52000;00-24-46
run_opt_test0_O2;2000020;52000;00-24-47
run_opt_test0_O2;2300000;52000;00-24-47
run_opt_test0_O2;2300000;52000;00-24-47
run_opt_test0_O2;2300000;52000;00-24-47
run_opt_test0_O2;2300000;52000;00-24-47
run_opt_test0_O2;2300000;52000;00-24-47
run_opt_test0_O2;2300000;52000;00-24-47
run_opt_test0_O2;2299976;52000;00-24-48
run_opt_test0_O2;2300000;52000;00-24-48
run_opt_test0_O2;2300000;52000;00-24-48
run_opt_test0_O2;2300000;52000;00-24-48
run_opt_test0_O2;2300000;52000;00-24-48
run_opt_test0_O2;1999979;52000;00-24-48
run_opt_test0_O2;2300000;52000;00-24-48
run_opt_test0_O2;2300000;52000;00-24-48
run_opt_test0_O2;2300000;52000;00-24-49
run_opt_test0_O2;2300000;52000;00-24-49
run_opt_test0_O2;2300000;52000;00-24-49
run_opt_test0_O2;2300000;52000;00-24-49
run_opt_test0_O2;2300023;52000;00-24-49
run_opt_test0_O2;2300000;52000;00-24-49
run_opt_test0_O2;2200022;52000;00-24-49
run_opt_test0_O2;2300000;52000;00-24-50
run_opt_test0_O2;2300000;52000;00-24-50
run_opt_test0_O2;2300000;52000;00-24-50
run_opt_test0_O2;2300000;52000;00-24-50
run_opt_test0_O2;2300000;52000;00-24-50
run_opt_test0_O2;2300000;52000;00-24-50
run_opt_test0_O2;2299976;52000;00-24-50
run_opt_test0_O2;2300000;52000;00-24-51
run_opt_test0_O2;2300000;52000;00-24-51
run_opt_test0_O2;2300046;52000;00-24-51
run_opt_test0_O2;2300000;52000;00-24-51
run_opt_test0_O2;2300000;52000;00-24-51
run_opt_test0_O2;2300000;52000;00-24-51
run_opt_test0_O2;2300000;52000;00-24-51
run_opt_test0_O2;2300000;52000;00-24-52
run_opt_test0_O2;2299976;52000;00-24-52
run_opt_test0_O2;2300000;52000;00-24-52
run_opt_test0_O2;2300000;52000;00-24-52
run_opt_test0_O2;2300000;52000;00-24-52
run_opt_test0_O2;2300000;52000;00-24-52
run_opt_test0_O2;2299976;52000;00-24-52
run_opt_test0_O2;2000000;52000;00-24-53
run_opt_test0_O2;2300000;52000;00-24-53
run_opt_test0_O2;2300000;52000;00-24-53
run_opt_test0_O2;2300000;52000;00-24-53
run_opt_test0_O2;2300000;52000;00-24-53
run_opt_test0_O2;2300023;52000;00-24-53
run_opt_test0_O2;2300000;52000;00-24-53
run_opt_test0_O2;2299976;52000;00-24-54
run_opt_test0_O2;2300000;52000;00-24-54
run_opt_test0_O2;2300000;52000;00-24-54
run_opt_test0_O2;2300000;54000;00-24-54
run_opt_test0_O2;2300023;54000;00-24-54
run_opt_test0_O2;2300000;54000;00-24-54
run_opt_test0_O2;2300000;54000;00-24-54
run_opt_test0_O2;2299976;54000;00-24-55
run_opt_test0_O2;2300000;54000;00-24-55
run_opt_test0_O2;2300000;54000;00-24-55
run_opt_test0_O2;2300000;52000;00-24-55
run_opt_test0_O2;2300023;52000;00-24-55
run_opt_test0_O2;2300000;52000;00-24-55
run_opt_test0_O2;2300023;52000;00-24-55
run_opt_test0_O2;2299976;52000;00-24-56
run_opt_test0_O2;2300000;52000;00-24-56
run_opt_test0_O2;2200022;52000;00-24-56
run_opt_test0_O2;2300000;54000;00-24-56
run_opt_test0_O2;2300000;54000;00-24-56
run_opt_test0_O2;2300000;54000;00-24-56
run_opt_test0_O2;2300000;54000;00-24-56
run_opt_test0_O2;2300000;54000;00-24-57
run_opt_test0_O2;2300023;54000;00-24-57
run_opt_test0_O2;2300000;54000;00-24-57
run_opt_test0_O2;2299976;54000;00-24-57
run_opt_test0_O2;2300023;54000;00-24-57
run_opt_test0_O2;2300023;54000;00-24-57
run_opt_test0_O2;2300000;54000;00-24-57
run_opt_test0_O2;2300000;54000;00-24-58
run_opt_test0_O2;2300000;54000;00-24-58
run_opt_test0_O2;2300000;54000;00-24-58
run_opt_test0_O2;2300000;54000;00-24-58
run_opt_test0_O2;2300000;54000;00-24-58
run_opt_test0_O2;2300000;54000;00-24-58
run_opt_test0_O2;2300000;54000;00-24-58
run_opt_test0_O2;2300000;54000;00-24-59
run_opt_test0_O2;2300000;54000;00-24-59
run_opt_test0_O2;2300000;54000;00-24-59
run_opt_test0_O2;2299976;54000;00-24-59
run_opt_test0_O2;2300000;54000;00-24-59
run_opt_test0_O2;2299976;54000;00-24-59
run_opt_test0_O2;2300000;54000;00-24-59
run_opt_test0_O2;2299976;54000;00-25-00
run_opt_test0_O2;2300000;54000;00-25-00
run_opt_test0_O2;2000000;54000;00-25-00
run_opt_test0_O2;2300000;54000;00-25-00
run_opt_test0_O2;2300000;54000;00-25-00
run_opt_test0_O2;2199977;54000;00-25-00
run_opt_test0_O2;2300000;54000;00-25-00
run_opt_test0_O2;2300000;54000;00-25-01
run_opt_test0_O2;2300000;54000;00-25-01
run_opt_test0_O2;2300000;54000;00-25-01
run_opt_test0_O2;2300000;54000;00-25-01
run_opt_test0_O2;2300000;54000;00-25-01
run_opt_test0_O2;2300000;54000;00-25-01
run_opt_test0_O2;2300000;54000;00-25-01
run_opt_test0_O2;2299976;54000;00-25-02
run_opt_test0_O2;2300000;54000;00-25-02
run_opt_test0_O2;2300000;54000;00-25-02
run_opt_test0_O2;2300000;54000;00-25-02
run_opt_test0_O2;2300023;54000;00-25-02
run_opt_test0_O2;2299976;54000;00-25-02
run_opt_test0_O2;2300023;54000;00-25-02
run_opt_test0_O2;2000000;54000;00-25-03
run_opt_test0_O2;2300023;54000;00-25-03
run_opt_test0_O2;2300023;54000;00-25-03
run_opt_test0_O2;2300000;54000;00-25-03
run_opt_test0_O2;2300000;54000;00-25-03
run_opt_test0_O2;2300000;54000;00-25-03
run_opt_test0_O2;2300000;54000;00-25-03
run_opt_test0_O2;2299976;54000;00-25-04
run_opt_test0_O2;2300000;54000;00-25-04
run_opt_test0_O2;2300000;54000;00-25-04
run_opt_test0_O2;2300000;54000;00-25-04
run_opt_test0_O2;2300000;54000;00-25-04
run_opt_test0_O2;2300000;54000;00-25-04
run_opt_test0_O2;2200000;54000;00-25-04
run_opt_test0_O2;2000000;54000;00-25-05
run_opt_test0_O2;2300000;54000;00-25-05
run_opt_test0_O2;2300000;54000;00-25-05
run_opt_test0_O2;2300000;54000;00-25-05
run_opt_test0_O2;2300000;54000;00-25-05
run_opt_test0_O2;2300000;54000;00-25-05
run_opt_test0_O2;2300000;54000;00-25-05
run_opt_test0_O2;2300000;54000;00-25-06
run_opt_test0_O2;2300000;54000;00-25-06
run_opt_test0_O2;2300000;54000;00-25-06
run_opt_test0_O2;2300000;54000;00-25-06
run_opt_test0_O2;2300000;54000;00-25-06
run_opt_test0_O2;2300000;54000;00-25-06
run_opt_test0_O2;1899980;54000;00-25-06
run_opt_test0_O2;2200000;54000;00-25-07
run_opt_test0_O2;2300000;54000;00-25-07
run_opt_test0_O2;2300000;54000;00-25-07
run_opt_test0_O2;2300000;54000;00-25-07
run_opt_test0_O2;2300000;54000;00-25-07
run_opt_test0_O2;1700000;54000;00-25-07
run_opt_test0_O2;2300000;54000;00-25-07
run_opt_test0_O2;2300023;54000;00-25-07
run_opt_test0_O2;2300000;56000;00-25-08
run_opt_test0_O2;2300000;56000;00-25-08
run_opt_test0_O2;2300000;56000;00-25-08
run_opt_test0_O2;2299976;56000;00-25-08
run_opt_test0_O2;2300000;56000;00-25-08
run_opt_test0_O2;2300023;56000;00-25-08
run_opt_test0_O2;2300000;56000;00-25-08
run_opt_test0_O2;2300000;56000;00-25-09
run_opt_test0_O2;2300000;56000;00-25-09
run_opt_test0_O2;2300000;56000;00-25-09
run_opt_test0_O2;2299976;56000;00-25-09
run_opt_test0_O2;2300000;56000;00-25-09
run_opt_test0_O2;2300000;56000;00-25-09
run_opt_test0_O2;2300000;56000;00-25-10
run_opt_test0_O2;2300023;56000;00-25-10
run_opt_test0_O2;2299976;56000;00-25-10
run_opt_test0_O2;2300023;56000;00-25-10
run_opt_test0_O2;2300023;56000;00-25-10
run_opt_test0_O2;2300000;56000;00-25-10
run_opt_test0_O2;2300000;56000;00-25-10
run_opt_test0_O2;1899980;56000;00-25-10
run_opt_test0_O2;2300000;56000;00-25-11
run_opt_test0_O2;2300000;56000;00-25-11
run_opt_test0_O2;2300000;56000;00-25-11
run_opt_test0_O2;2300023;56000;00-25-11
run_opt_test0_O2;2300000;56000;00-25-11
run_opt_test0_O2;1999979;56000;00-25-11
run_opt_test0_O2;2299976;56000;00-25-11
run_opt_test0_O2;2300000;56000;00-25-12
run_opt_test0_O2;2300000;56000;00-25-12
run_opt_test0_O2;2300000;56000;00-25-12
run_opt_test0_O2;2300000;56000;00-25-12
run_opt_test0_O2;2300000;56000;00-25-12
run_opt_test0_O2;2300000;56000;00-25-12
run_opt_test0_O2;2300000;56000;00-25-12
run_opt_test0_O2;2300000;56000;00-25-13
run_opt_test0_O2;2299976;56000;00-25-13
run_opt_test0_O2;2299976;56000;00-25-13
run_opt_test0_O2;2300023;56000;00-25-13
run_opt_test0_O2;1999979;54000;00-25-13
run_opt_test0_O2;2299976;54000;00-25-13
run_opt_test0_O2;2300023;54000;00-25-13
run_opt_test0_O2;2300000;54000;00-25-14
run_opt_test0_O2;2300000;54000;00-25-14
run_opt_test0_O2;2300000;54000;00-25-14
run_opt_test0_O2;2300000;54000;00-25-14
run_opt_test0_O2;2300023;54000;00-25-14
run_opt_test0_O2;2300000;56000;00-25-14
run_opt_test0_O2;2200022;56000;00-25-14
run_opt_test0_O2;2000000;56000;00-25-15
run_opt_test0_O2;2300000;56000;00-25-15
run_opt_test0_O2;2300000;56000;00-25-15
run_opt_test0_O2;2300000;56000;00-25-15
run_opt_test0_O2;2300000;56000;00-25-15
run_opt_test0_O2;2300000;56000;00-25-15
run_opt_test0_O2;2300000;56000;00-25-15
run_opt_test0_O2;2300000;56000;00-25-16
run_opt_test0_O2;2000020;56000;00-25-16
run_opt_test0_O2;2300000;56000;00-25-16
run_opt_test0_O2;2300000;56000;00-25-16
run_opt_test0_O2;2200000;56000;00-25-16
run_opt_test0_O2;2200000;56000;00-25-16
run_opt_test0_O2;2300000;56000;00-25-16
run_opt_test0_O2;2300000;56000;00-25-17
run_opt_test0_O2;2300000;56000;00-25-17
run_opt_test0_O2;2299976;56000;00-25-17
run_opt_test0_O2;2300000;56000;00-25-17
run_opt_test0_O2;2300000;56000;00-25-17
run_opt_test0_O2;2300023;56000;00-25-17
run_opt_test0_O2;2299976;56000;00-25-17
run_opt_test0_O2;2300000;56000;00-25-18
run_opt_test0_O2;2300000;56000;00-25-18
run_opt_test0_O2;2300000;56000;00-25-18
run_opt_test0_O2;2300000;56000;00-25-18
run_opt_test0_O2;2300023;56000;00-25-18
run_opt_test0_O2;2300000;56000;00-25-18
run_opt_test0_O2;2000000;56000;00-25-18
run_opt_test0_O2;2300000;56000;00-25-19
run_opt_test0_O2;2299976;54000;00-25-19
run_opt_test0_O2;2300000;54000;00-25-19
run_opt_test0_O2;2300023;54000;00-25-19
run_opt_test0_O2;2300000;54000;00-25-19
run_opt_test0_O2;2300000;54000;00-25-19
run_opt_test0_O2;2300000;54000;00-25-19
run_opt_test0_O2;2300000;54000;00-25-20
run_opt_test0_O2;2300000;54000;00-25-20
run_opt_test0_O2;2300023;54000;00-25-20
run_opt_test0_O2;2300000;54000;00-25-20
run_opt_test0_O2;2099978;54000;00-25-20
run_opt_test0_O2;2300000;54000;00-25-20
run_opt_test0_O2;2199977;54000;00-25-20
run_opt_test0_O2;2100021;54000;00-25-21
run_opt_test0_O2;2300000;54000;00-25-21
run_opt_test0_O2;2200022;54000;00-25-21
run_opt_test0_O2;2300000;54000;00-25-21
run_opt_test0_O2;2300023;54000;00-25-21
run_opt_test0_O2;2300000;54000;00-25-21
run_opt_test0_O2;2000020;54000;00-25-21
run_opt_test0_O2;2300000;54000;00-25-21
run_opt_test0_O2;2300000;54000;00-25-22
run_opt_test0_O2;2300000;54000;00-25-22
run_opt_test0_O2;2300000;54000;00-25-22
run_opt_test0_O2;2299976;54000;00-25-22
run_opt_test0_O2;2300000;54000;00-25-22
run_opt_test0_O2;2299976;54000;00-25-22
run_opt_test0_O2;2300000;54000;00-25-22
run_opt_test0_O2;2300000;54000;00-25-23
run_opt_test0_O2;2200000;54000;00-25-23
run_opt_test0_O2;2300000;54000;00-25-23
run_opt_test0_O2;2299976;54000;00-25-23
run_opt_test0_O2;2300000;52000;00-25-23
run_opt_test0_O2;2299976;52000;00-25-23
run_opt_test0_O2;2300000;52000;00-25-23
run_opt_test0_O2;2300000;52000;00-25-24
run_opt_test0_O2;2300000;52000;00-25-24
run_opt_test0_O2;2300000;52000;00-25-24
run_opt_test0_O2;2300000;52000;00-25-24
run_opt_test0_O2;2300023;52000;00-25-24
run_opt_test0_O2;2300000;54000;00-25-24
run_opt_test0_O2;2200000;54000;00-25-24
run_opt_test0_O2;2300000;54000;00-25-25
run_opt_test0_O2;2300000;54000;00-25-25
run_opt_test0_O2;2300000;54000;00-25-25
run_opt_test0_O2;2300023;54000;00-25-25
run_opt_test0_O2;2300000;54000;00-25-25
run_opt_test0_O2;2099978;54000;00-25-25
run_opt_test0_O2;2300000;52000;00-25-25
run_opt_test0_O2;2300000;52000;00-25-26
run_opt_test0_O2;2300000;52000;00-25-26
run_opt_test0_O2;2300000;52000;00-25-26
run_opt_test0_O2;2299976;52000;00-25-26
run_opt_test0_O2;2300000;52000;00-25-26
run_opt_test0_O2;2300023;52000;00-25-26
run_opt_test0_O2;2300000;52000;00-25-26
run_opt_test0_O2;2300000;52000;00-25-27
run_opt_test0_O2;2300000;52000;00-25-27
run_opt_test0_O2;2299976;52000;00-25-27
run_opt_test0_O2;2300023;52000;00-25-27
run_opt_test0_O2;2300023;52000;00-25-27
run_opt_test0_O2;2299976;52000;00-25-27
run_opt_test0_O2;2300000;52000;00-25-27
run_opt_test0_O2;2300023;52000;00-25-28
run_opt_test0_O2;2300000;52000;00-25-28
run_opt_test0_O2;2300000;52000;00-25-28
run_opt_test0_O2;2299976;52000;00-25-28
run_opt_test0_O2;2300023;52000;00-25-28
run_opt_test0_O2;2300000;52000;00-25-28
run_opt_test0_O2;2299976;52000;00-25-28
run_opt_test0_O2;2300000;52000;00-25-28
run_opt_test0_O2;2300000;52000;00-25-29
run_opt_test0_O2;2300023;52000;00-25-29
run_opt_test0_O2;2300000;52000;00-25-29
run_opt_test0_O2;2300000;52000;00-25-29
run_opt_test0_O2;2299976;52000;00-25-29
run_opt_test0_O2;2300000;52000;00-25-29
run_opt_test0_O2;2300000;52000;00-25-29
run_opt_test0_O2;2300000;52000;00-25-30
run_opt_test0_O2;2300000;52000;00-25-30
run_opt_test0_O2;2299976;52000;00-25-30
run_opt_test0_O2;2300023;52000;00-25-30
run_opt_test0_O2;2300000;52000;00-25-30
run_opt_test0_O2;2300000;52000;00-25-30
run_opt_test0_O2;2300000;52000;00-25-30
run_opt_test0_O2;2300000;52000;00-25-31
run_opt_test0_O2;2300000;52000;00-25-31
run_opt_test0_O2;2300023;52000;00-25-31
run_opt_test0_O2;2300000;52000;00-25-31
run_opt_test0_O2;2299976;52000;00-25-31
run_opt_test0_O2;1900000;52000;00-25-31
run_opt_test0_O2;2300000;52000;00-25-31
run_opt_test0_O2;2000000;52000;00-25-32
run_opt_test0_O2;2300000;52000;00-25-32
run_opt_test0_O2;2300000;52000;00-25-32
run_opt_test0_O2;2299976;52000;00-25-32
run_opt_test0_O2;2300000;52000;00-25-32
run_opt_test0_O2;2199977;52000;00-25-32
run_opt_test0_O2;2300000;52000;00-25-32
run_opt_test0_O2;2300000;52000;00-25-33
run_opt_test0_O2;2300000;52000;00-25-33
run_opt_test0_O2;2200022;52000;00-25-33
run_opt_test0_O2;2300000;52000;00-25-33
run_opt_test0_O2;2300000;52000;00-25-33
run_opt_test0_O2;2300023;52000;00-25-33
run_opt_test0_O2;2300000;52000;00-25-33
run_opt_test0_O2;1900000;52000;00-25-33
run_opt_test0_O2;2300023;52000;00-25-34
run_opt_test0_O2;2299976;52000;00-25-34
run_opt_test0_O2;2300000;52000;00-25-34
run_opt_test0_O2;2000020;52000;00-25-34
run_opt_test0_O2;2300000;52000;00-25-34
run_opt_test0_O2;2299976;52000;00-25-34
run_opt_test0_O2;2300000;52000;00-25-34
run_opt_test0_O2;2300000;52000;00-25-35
run_opt_test0_O2;2300000;52000;00-25-35
run_opt_test0_O2;2300023;52000;00-25-35
run_opt_test0_O2;2300000;52000;00-25-35
run_opt_test0_O2;2299976;52000;00-25-35
run_opt_test0_O2;2300000;52000;00-25-35
run_opt_test0_O2;2299976;52000;00-25-35
run_opt_test0_O2;2300000;52000;00-25-36
run_opt_test0_O2;2300000;52000;00-25-36
run_opt_test0_O2;2300023;52000;00-25-36
run_opt_test0_O2;2300000;52000;00-25-36
run_opt_test0_O2;1700017;52000;00-25-36
run_opt_test0_O2;2300000;52000;00-25-36
run_opt_test0_O2;2300000;52000;00-25-36
run_opt_test0_O2;2299953;50000;00-25-37
run_opt_test0_O2;2300023;50000;00-25-37
run_opt_test0_O2;2000020;50000;00-25-37
run_opt_test0_O2;2300000;50000;00-25-37
run_opt_test0_O2;2300000;50000;00-25-37
run_opt_test0_O2;2300000;50000;00-25-37
run_opt_test0_O2;2300000;50000;00-25-37
run_opt_test0_O2;2299976;50000;00-25-38
run_opt_test0_O2;2299976;52000;00-25-38
run_opt_test0_O2;2300000;52000;00-25-38
run_opt_test0_O2;2300000;52000;00-25-38
run_opt_test0_O2;2300000;52000;00-25-38
run_opt_test0_O2;1800000;52000;00-25-38
run_opt_test0_O2;2300000;52000;00-25-38
run_opt_test0_O2;2300000;52000;00-25-38
run_opt_test0_O2;2300000;52000;00-25-39
run_opt_test0_O2;2300000;52000;00-25-39
run_opt_test0_O2;2300000;52000;00-25-39
run_opt_test0_O2;2300023;52000;00-25-39
run_opt_test0_O2;2300000;52000;00-25-39
run_opt_test0_O2;2299976;52000;00-25-39
run_opt_test0_O2;2299976;52000;00-25-39
run_opt_test0_O2;2300000;52000;00-25-40
run_opt_test0_O2;2299976;52000;00-25-40
run_opt_test0_O2;2300000;50000;00-25-40
run_opt_test0_O2;2300000;50000;00-25-40
run_opt_test0_O2;2300000;50000;00-25-40
run_opt_test0_O2;2300000;50000;00-25-40
run_opt_test0_O2;2299976;50000;00-25-40
run_opt_test0_O2;2300000;50000;00-25-41
run_opt_test0_O2;2300023;50000;00-25-41
run_opt_test0_O2;2200000;50000;00-25-41
run_opt_test0_O2;2099978;52000;00-25-41
run_opt_test0_O2;2300000;52000;00-25-41
run_opt_test0_O2;2300000;52000;00-25-41
run_opt_test0_O2;2300000;52000;00-25-41
run_opt_test0_O2;2300000;52000;00-25-42
run_opt_test0_O2;2300000;52000;00-25-42
run_opt_test0_O2;2300023;52000;00-25-42
run_opt_test0_O2;2300023;52000;00-25-42
run_opt_test0_O2;2300000;50000;00-25-42
run_opt_test0_O2;2300000;50000;00-25-42
run_opt_test0_O2;2299976;50000;00-25-42
run_opt_test0_O2;2300000;50000;00-25-42
run_opt_test0_O2;2299976;50000;00-25-43
run_opt_test0_O2;2299976;50000;00-25-43
run_opt_test0_O2;2300000;50000;00-25-43
run_opt_test0_O2;2299976;50000;00-25-43
run_opt_test0_O2;2300000;50000;00-25-43
run_opt_test0_O2;2300000;50000;00-25-43
run_opt_test0_O2;2300000;50000;00-25-43
run_opt_test0_O2;2300023;50000;00-25-44
run_opt_test0_O2;2300023;50000;00-25-44
run_opt_test0_O2;2300000;50000;00-25-44
run_opt_test0_O2;2299976;50000;00-25-44
run_opt_test0_O2;2300000;50000;00-25-44
run_opt_test0_O2;2300023;50000;00-25-44
run_opt_test0_O2;2200022;50000;00-25-44
run_opt_test0_O2;2299976;50000;00-25-45
run_opt_test0_O2;2300023;50000;00-25-45
run_opt_test0_O2;2300000;50000;00-25-45
run_opt_test0_O2;2300023;50000;00-25-45
run_opt_test0_O2;2299976;50000;00-25-45
run_opt_test0_O2;2299976;50000;00-25-45
run_opt_test0_O2;2300023;50000;00-25-45
run_opt_test0_O2;2300000;50000;00-25-46
run_opt_test0_O2;2300000;50000;00-25-46
run_opt_test0_O2;2300000;50000;00-25-46
run_opt_test0_O2;2300000;50000;00-25-46
run_opt_test0_O2;2299976;50000;00-25-46
run_opt_test0_O2;2299976;50000;00-25-46
run_opt_test0_O2;2300000;50000;00-25-46
run_opt_test0_O2;2300000;50000;00-25-47
run_opt_test0_O2;2300023;50000;00-25-47
run_opt_test0_O2;2300000;50000;00-25-47
run_opt_test0_O2;2300000;50000;00-25-47
run_opt_test0_O2;2000000;50000;00-25-47
run_opt_test0_O2;2299976;50000;00-25-47
run_opt_test0_O2;2300000;50000;00-25-47
run_opt_test0_O2;2100021;50000;00-25-48
run_opt_test0_O2;2300000;50000;00-25-48
run_opt_test0_O2;2299976;50000;00-25-48
run_opt_test0_O2;2300000;50000;00-25-48
run_opt_test0_O2;2300000;50000;00-25-48
run_opt_test0_O2;2300000;50000;00-25-48
run_opt_test0_O2;2300000;50000;00-25-48
run_opt_test0_O2;2300000;50000;00-25-49
run_opt_test0_O2;2300000;50000;00-25-49
run_opt_test0_O2;2300000;50000;00-25-49
run_opt_test0_O2;2000000;50000;00-25-49
run_opt_test0_O2;2300023;50000;00-25-49
run_opt_test0_O2;2300000;50000;00-25-49
run_opt_test0_O2;2300000;50000;00-25-49
run_opt_test0_O2;2300000;50000;00-25-49
run_opt_test0_O2;2300000;50000;00-25-50
run_opt_test0_O2;2299976;50000;00-25-50
run_opt_test0_O2;2300000;50000;00-25-50
run_opt_test0_O2;2300000;50000;00-25-50
run_opt_test0_O2;2300023;50000;00-25-50
run_opt_test0_O2;2099978;50000;00-25-50
run_opt_test0_O2;2299976;50000;00-25-50
run_opt_test0_O2;2300000;50000;00-25-51
run_opt_test0_O2;2300023;50000;00-25-51
run_opt_test0_O2;2300000;50000;00-25-51
run_opt_test0_O2;2300000;50000;00-25-51
run_opt_test0_O2;2300000;50000;00-25-51
run_opt_test0_O2;2300000;50000;00-25-51
run_opt_test0_O2;2300000;50000;00-25-51
run_opt_test0_O2;2300000;50000;00-25-52
run_opt_test0_O2;2100000;50000;00-25-52
run_opt_test0_O2;2300023;50000;00-25-52
run_opt_test0_O2;2300000;50000;00-25-52
run_opt_test0_O2;2300000;50000;00-25-52
run_opt_test0_O2;2300000;50000;00-25-52
run_opt_test0_O2;2100021;50000;00-25-52
run_opt_test0_O2;2300023;50000;00-25-53
run_opt_test0_O2;2300000;50000;00-25-53
run_opt_test0_O2;2300000;50000;00-25-53
run_opt_test0_O2;2300023;50000;00-25-53
run_opt_test0_O2;2300000;50000;00-25-53
run_opt_test0_O2;2200000;50000;00-25-53
run_opt_test0_O2;2300000;50000;00-25-53
run_opt_test0_O2;2299976;50000;00-25-54
run_opt_test0_O2;2300000;50000;00-25-54
run_opt_test0_O2;2200022;50000;00-25-54
run_opt_test0_O2;2300000;50000;00-25-54
run_opt_test0_O2;2300000;50000;00-25-54
run_opt_test0_O2;2300000;50000;00-25-54
run_opt_test0_O2;2300000;50000;00-25-54
run_opt_test0_O2;2300000;50000;00-25-54
run_opt_test0_O2;2300000;50000;00-25-55
run_opt_test0_O2;2300023;50000;00-25-55
run_opt_test0_O2;2100000;50000;00-25-55
run_opt_test0_O2;2300023;50000;00-25-55
run_opt_test0_O2;2300000;50000;00-25-55
run_opt_test0_O2;2300023;50000;00-25-55
run_opt_test0_O2;2300023;50000;00-25-55
run_opt_test0_O2;2299976;50000;00-25-56
run_opt_test0_O2;2300000;50000;00-25-56
run_opt_test0_O2;2300000;50000;00-25-56
run_opt_test0_O2;2300023;50000;00-25-56
run_opt_test0_O2;2300000;50000;00-25-56
run_opt_test0_O2;2300023;50000;00-25-56
run_opt_test0_O2;2000020;50000;00-25-56
run_opt_test0_O2;2300000;50000;00-25-57
run_opt_test0_O2;2300000;50000;00-25-57
run_opt_test0_O2;2300000;50000;00-25-57
run_opt_test0_O2;2300000;50000;00-25-57
run_opt_test0_O2;2300000;50000;00-25-57
run_opt_test0_O2;2100000;50000;00-25-57
run_opt_test0_O2;2300023;50000;00-25-57
run_opt_test0_O2;2300023;50000;00-25-58
run_opt_test0_O2;2300000;50000;00-25-58
run_opt_test0_O2;2300000;50000;00-25-58
run_opt_test0_O2;2300000;50000;00-25-58
run_opt_test0_O2;2300023;50000;00-25-58
run_opt_test0_O2;2300023;50000;00-25-58
run_opt_test0_O2;2300000;50000;00-25-58
run_opt_test0_O2;2300000;50000;00-25-59
run_opt_test0_O2;2300000;50000;00-25-59
run_opt_test0_O2;2300023;50000;00-25-59
run_opt_test0_O2;2300023;50000;00-25-59
run_opt_test0_O2;2000020;50000;00-25-59
run_opt_test0_O2;2299976;50000;00-25-59
run_opt_test0_O2;2200000;50000;00-25-59
run_opt_test0_O2;2299976;50000;00-26-00
run_opt_test0_O2;2300000;50000;00-26-00
run_opt_test0_O2;2299976;50000;00-26-00
run_opt_test0_O2;2299976;50000;00-26-00
run_opt_test0_O2;2300023;50000;00-26-00
run_opt_test0_O2;2300000;50000;00-26-00
run_opt_test0_O2;2300000;50000;00-26-00
run_opt_test0_O2;2300023;50000;00-26-00
run_opt_test0_O2;2300023;50000;00-26-01
run_opt_test0_O2;2200000;50000;00-26-01
run_opt_test0_O2;2300000;50000;00-26-01
run_opt_test0_O2;2300000;50000;00-26-01
run_opt_test0_O2;2300000;50000;00-26-01
run_opt_test0_O2;2300023;50000;00-26-01
run_opt_test0_O2;2300023;50000;00-26-01
run_opt_test0_O2;1900000;50000;00-26-02
run_opt_test0_O2;2000000;50000;00-26-02
run_opt_test0_O2;2100000;50000;00-26-02
run_opt_test0_O2;2200000;50000;00-26-02
run_opt_test0_O2;2300000;50000;00-26-02
run_opt_test0_O2;2299584;50000;00-26-02
run_opt_test0_O2;2300000;50000;00-26-02
run_opt_test0_O2;2300000;50000;00-26-03
run_opt_test0_O2;2300000;50000;00-26-03
run_opt_test0_O2;2300000;50000;00-26-03
run_opt_test0_O2;2300023;50000;00-26-03
run_opt_test0_O2;2300000;50000;00-26-03
run_opt_test0_O2;2299976;50000;00-26-03
run_opt_test0_O2;2300000;50000;00-26-03
run_opt_test0_O2;2300023;50000;00-26-04
run_opt_test0_O2;2300000;50000;00-26-04
run_opt_test0_O2;2300000;50000;00-26-04
run_opt_test0_O2;2299976;50000;00-26-04
run_opt_test0_O2;2300023;50000;00-26-04
run_opt_test0_O2;2300000;50000;00-26-04
run_opt_test0_O2;2300000;50000;00-26-04
run_opt_test0_O2;2300000;50000;00-26-05
run_opt_test0_O2;1900000;50000;00-26-05
run_opt_test0_O2;2300000;50000;00-26-05
run_opt_test0_O2;2300000;50000;00-26-05
run_opt_test0_O2;2300000;50000;00-26-05
run_opt_test0_O2;2300000;50000;00-26-05
run_opt_test0_O2;2300023;50000;00-26-05
run_opt_test0_O2;2300023;50000;00-26-06
run_opt_test0_O2;2300000;50000;00-26-06
run_opt_test0_O2;2300000;50000;00-26-06
run_opt_test0_O2;2300000;50000;00-26-06
run_opt_test0_O2;2300023;50000;00-26-06
run_opt_test0_O2;2300000;50000;00-26-06
run_opt_test0_O2;2300000;50000;00-26-06
run_opt_test0_O2;2300000;50000;00-26-07
run_opt_test0_O2;2300000;50000;00-26-07
run_opt_test0_O2;2300000;50000;00-26-07
run_opt_test0_O2;2300000;50000;00-26-07
run_opt_test0_O2;2299976;50000;00-26-07
run_opt_test0_O2;2300000;50000;00-26-07
run_opt_test0_O2;2299976;50000;00-26-07
run_opt_test0_O2;2300000;50000;00-26-07
run_opt_test0_O2;2300000;50000;00-26-08
run_opt_test0_O2;2300000;50000;00-26-08
run_opt_test0_O2;2300000;50000;00-26-08
run_opt_test0_O2;2300000;50000;00-26-08
run_opt_test0_O2;2300000;50000;00-26-08
run_opt_test0_O2;2300000;50000;00-26-08
run_opt_test0_O2;2300000;50000;00-26-08
run_opt_test0_O2;2300023;50000;00-26-09
run_opt_test0_O2;2300000;50000;00-26-09
run_opt_test0_O2;2300000;50000;00-26-09
run_opt_test0_O2;2299976;50000;00-26-09
run_opt_test0_O2;2300000;50000;00-26-09
run_opt_test0_O2;2300000;50000;00-26-09
run_opt_test0_O2;2300023;50000;00-26-09
run_opt_test0_O2;2000020;50000;00-26-10
run_opt_test0_O2;2300000;50000;00-26-10
run_opt_test0_O2;2300000;50000;00-26-10
run_opt_test0_O2;2300000;48000;00-26-10
run_opt_test0_O2;2300000;48000;00-26-10
run_opt_test0_O2;2300023;48000;00-26-10
run_opt_test0_O2;2300000;48000;00-26-10
run_opt_test0_O2;2300000;48000;00-26-11
run_opt_test0_O2;2300000;48000;00-26-11
run_opt_test0_O2;2299976;48000;00-26-11
run_opt_test0_O2;2300000;48000;00-26-11
run_opt_test0_O2;2300000;50000;00-26-11
run_opt_test0_O2;2300023;50000;00-26-11
run_opt_test0_O2;2300000;50000;00-26-11
run_opt_test0_O2;2200000;50000;00-26-12
run_opt_test0_O2;2300000;50000;00-26-12
run_opt_test0_O2;2300000;50000;00-26-12
run_opt_test0_O2;2300000;50000;00-26-12
run_opt_test0_O2;2300000;50000;00-26-12
run_opt_test0_O2;2286352;50000;00-26-12
run_opt_test0_O2;2200000;50000;00-26-12
run_opt_test0_O2;2300000;50000;00-26-12
run_opt_test0_O2;2300000;50000;00-26-13
run_opt_test0_O2;2300023;50000;00-26-13
run_opt_test0_O2;2300000;50000;00-26-13
run_opt_test0_O2;2300000;50000;00-26-13
run_opt_test0_O2;2300000;50000;00-26-13
run_opt_test0_O2;2300023;50000;00-26-13
run_opt_test0_O2;2300000;50000;00-26-14
run_opt_test0_O2;2300000;50000;00-26-14
run_opt_test0_O2;2300000;50000;00-26-14
run_opt_test0_O2;2299976;50000;00-26-14
run_opt_test0_O2;2100021;50000;00-26-14
run_opt_test0_O2;2300000;50000;00-26-14
run_opt_test0_O2;2300000;50000;00-26-14
run_opt_test0_O2;2300000;50000;00-26-14
run_opt_test0_O2;2300000;50000;00-26-15
run_opt_test0_O2;2299976;50000;00-26-15
run_opt_test0_O2;2299976;50000;00-26-15
run_opt_test0_O2;2300000;50000;00-26-15
run_opt_test0_O2;2300000;50000;00-26-15
run_opt_test0_O2;2300000;50000;00-26-15
run_opt_test0_O2;2300023;48000;00-26-15
run_opt_test0_O2;2300000;48000;00-26-16
run_opt_test0_O2;2300000;48000;00-26-16
run_opt_test0_O2;2300000;48000;00-26-16
run_opt_test0_O2;2299976;48000;00-26-16
run_opt_test0_O2;2200000;48000;00-26-16
run_opt_test0_O2;2300023;48000;00-26-16
run_opt_test0_O2;2300000;48000;00-26-16
run_opt_test0_O2;2299976;48000;00-26-17
run_opt_test0_O2;2300000;48000;00-26-17
run_opt_test0_O2;2300000;48000;00-26-17
run_opt_test0_O2;2300023;48000;00-26-17
run_opt_test0_O2;2300000;48000;00-26-17
run_opt_test0_O2;2300000;48000;00-26-17
run_opt_test0_O2;2300000;48000;00-26-17
run_opt_test0_O2;2299976;48000;00-26-18
run_opt_test0_O2;2299976;48000;00-26-18
run_opt_test0_O2;2300023;48000;00-26-18
run_opt_test0_O2;2300000;48000;00-26-18
run_opt_test0_O2;2300000;48000;00-26-18
run_opt_test0_O2;2300000;48000;00-26-18
run_opt_test0_O2;2200000;48000;00-26-18
run_opt_test0_O2;2100000;48000;00-26-19
run_opt_test0_O2;2300023;48000;00-26-19
run_opt_test0_O2;2300000;48000;00-26-19
run_opt_test0_O2;2300000;48000;00-26-19
run_opt_test0_O2;2300000;48000;00-26-19
run_opt_test0_O2;2300000;48000;00-26-19
run_opt_test0_O2;2300023;48000;00-26-19
run_opt_test0_O2;2299976;48000;00-26-19
run_opt_test0_O2;2300000;48000;00-26-20
run_opt_test0_O2;2299976;48000;00-26-20
run_opt_test0_O2;2300000;50000;00-26-20
run_opt_test0_O2;2300023;50000;00-26-20
run_opt_test0_O2;2300000;50000;00-26-20
run_opt_test0_O2;2300000;50000;00-26-20
run_opt_test0_O2;2299976;50000;00-26-20
run_opt_test0_O2;2300000;50000;00-26-21
run_opt_test0_O2;2300000;50000;00-26-21
run_opt_test0_O2;2299976;50000;00-26-21
run_opt_test0_O2;2300000;48000;00-26-21
run_opt_test0_O2;2300000;48000;00-26-21
run_opt_test0_O2;2300000;48000;00-26-21
run_opt_test0_O2;2300000;48000;00-26-21
run_opt_test0_O2;2300000;48000;00-26-22
run_opt_test0_O2;2300000;48000;00-26-22
run_opt_test0_O2;2300000;48000;00-26-22
run_opt_test0_O2;2300000;48000;00-26-22
run_opt_test0_O2;2100000;48000;00-26-22
run_opt_test0_O2;2299976;48000;00-26-22
run_opt_test0_O2;2299976;48000;00-26-22
run_opt_test0_O2;2299976;48000;00-26-23
run_opt_test0_O2;2300000;48000;00-26-23
run_opt_test0_O2;2300000;48000;00-26-23
run_opt_test0_O2;2300000;48000;00-26-23
run_opt_test0_O2;2300000;48000;00-26-23
run_opt_test0_O2;2300000;48000;00-26-23
run_opt_test0_O2;2300023;48000;00-26-23
run_opt_test0_O2;2300023;48000;00-26-24
run_opt_test0_O2;2300000;48000;00-26-24
run_opt_test0_O2;2300000;48000;00-26-24
run_opt_test0_O2;2300000;48000;00-26-24
run_opt_test0_O2;2300000;48000;00-26-24
run_opt_test0_O2;2300000;48000;00-26-24
run_opt_test0_O2;2300023;50000;00-26-24
run_opt_test0_O2;2300000;50000;00-26-24
run_opt_test0_O2;2299976;50000;00-26-25
run_opt_test0_O2;2299976;50000;00-26-25
run_opt_test0_O2;2299976;50000;00-26-25
run_opt_test0_O2;2000000;50000;00-26-25
run_opt_test0_O2;2279213;50000;00-26-25
run_opt_test0_O2;2300000;50000;00-26-25
run_opt_test0_O2;2300000;48000;00-26-25
run_opt_test0_O2;2299953;48000;00-26-26
run_opt_test0_O2;2099978;48000;00-26-26
run_opt_test0_O2;2300000;48000;00-26-26
run_opt_test0_O2;2300000;48000;00-26-26
run_opt_test0_O2;2199977;48000;00-26-26
run_opt_test0_O2;2300000;48000;00-26-26
run_opt_test0_O2;2300000;48000;00-26-26
run_opt_test0_O2;2100000;48000;00-26-27
run_opt_test0_O2;2300000;48000;00-26-27
run_opt_test0_O2;2300000;48000;00-26-27
run_opt_test0_O2;2300000;48000;00-26-27
run_opt_test0_O2;2300000;48000;00-26-27
run_opt_test0_O2;2000020;48000;00-26-27
run_opt_test0_O2;2300023;48000;00-26-27
run_opt_test0_O2;2300000;48000;00-26-28
run_opt_test0_O2;2300046;48000;00-26-28
run_opt_test0_O2;2300023;48000;00-26-28
run_opt_test0_O2;2300000;48000;00-26-28
run_opt_test0_O2;2300023;48000;00-26-28
run_opt_test0_O2;2300000;48000;00-26-28
run_opt_test0_O2;2299976;48000;00-26-28
run_opt_test0_O2;2300000;48000;00-26-29
run_opt_test0_O2;2300000;48000;00-26-29
run_opt_test0_O2;2300000;48000;00-26-29
run_opt_test0_O2;2299953;48000;00-26-29
run_opt_test0_O2;2300000;48000;00-26-29
run_opt_test0_O2;2300000;48000;00-26-29
run_opt_test0_O2;2300000;48000;00-26-29
run_opt_test0_O2;2300000;48000;00-26-30
run_opt_test0_O2;2300023;48000;00-26-30
run_opt_test0_O2;2300000;48000;00-26-30
run_opt_test0_O2;2300000;48000;00-26-30
run_opt_test0_O2;2299976;48000;00-26-30
run_opt_test0_O2;2300000;48000;00-26-30
run_opt_test0_O2;2300000;48000;00-26-30
run_opt_test0_O2;2300000;48000;00-26-31
run_opt_test0_O2;2300000;48000;00-26-31
run_opt_test0_O2;2300000;48000;00-26-31
run_opt_test0_O2;2300000;48000;00-26-31
run_opt_test0_O2;2300000;48000;00-26-31
run_opt_test0_O2;2299976;48000;00-26-31
run_opt_test0_O2;2300000;48000;00-26-31
run_opt_test0_O2;2299976;48000;00-26-32
run_opt_test0_O2;2300023;48000;00-26-32
run_opt_test0_O2;2300000;48000;00-26-32
run_opt_test0_O2;2300000;48000;00-26-32
run_opt_test0_O2;2300000;48000;00-26-32
run_opt_test0_O2;2200000;48000;00-26-32
run_opt_test0_O2;2300000;48000;00-26-32
run_opt_test0_O2;2299976;48000;00-26-32
run_opt_test0_O2;2200022;48000;00-26-33
run_opt_test0_O2;2300000;48000;00-26-33
run_opt_test0_O2;2100021;48000;00-26-33
run_opt_test0_O2;2300000;48000;00-26-33
run_opt_test0_O2;2300000;48000;00-26-33
run_opt_test0_O2;2300000;48000;00-26-33
run_opt_test0_O2;2300000;48000;00-26-33
run_opt_test0_O2;2300000;48000;00-26-34
run_opt_test0_O2;2300000;48000;00-26-34
run_opt_test0_O2;2300000;48000;00-26-34
run_opt_test0_O2;2100000;48000;00-26-34
run_opt_test0_O2;2300000;48000;00-26-34
run_opt_test0_O2;2300000;48000;00-26-34
run_opt_test0_O2;2300023;48000;00-26-34
run_opt_test0_O2;2299976;48000;00-26-35
run_opt_test0_O2;2300000;48000;00-26-35
run_opt_test0_O2;2100000;48000;00-26-35
run_opt_test0_O2;2299976;48000;00-26-35
run_opt_test0_O2;2300000;48000;00-26-35
run_opt_test0_O2;2200000;48000;00-26-35
run_opt_test0_O2;2000000;48000;00-26-35
run_opt_test0_O2;1900019;48000;00-26-36
run_opt_test0_O2;2300000;48000;00-26-36
run_opt_test0_O2;2300000;48000;00-26-36
run_opt_test0_O2;2299976;48000;00-26-36
run_opt_test0_O2;2300000;48000;00-26-36
run_opt_test0_O2;2300000;48000;00-26-36
run_opt_test0_O2;2300000;48000;00-26-36
run_opt_test0_O2;2300000;48000;00-26-37
run_opt_test0_O2;2200022;48000;00-26-37
run_opt_test0_O2;2300000;48000;00-26-37
run_opt_test0_O2;2300000;48000;00-26-37
run_opt_test0_O2;2300000;48000;00-26-37
run_opt_test0_O2;2300000;48000;00-26-37
run_opt_test0_O2;1900000;48000;00-26-37
run_opt_test0_O2;2299976;48000;00-26-38
run_opt_test0_O2;2300000;48000;00-26-38
run_opt_test0_O2;2100021;48000;00-26-38
run_opt_test0_O2;2300023;48000;00-26-38
run_opt_test0_O2;2000020;48000;00-26-38
run_opt_test0_O2;2299976;48000;00-26-38
run_opt_test0_O2;2300023;48000;00-26-38
run_opt_test0_O2;2300000;48000;00-26-39
run_opt_test0_O2;2300000;48000;00-26-39
run_opt_test0_O2;2300000;48000;00-26-39
run_opt_test0_O2;2000020;48000;00-26-39
run_opt_test0_O2;2300000;48000;00-26-39
run_opt_test0_O2;2300000;48000;00-26-39
run_opt_test0_O2;2300000;48000;00-26-39
run_opt_test0_O2;2300000;48000;00-26-40
run_opt_test0_O2;2299976;48000;00-26-40
run_opt_test0_O2;2300000;48000;00-26-40
run_opt_test0_O2;2299976;48000;00-26-40
run_opt_test0_O2;2299976;48000;00-26-40
run_opt_test0_O2;2300000;48000;00-26-40
run_opt_test0_O2;2300023;48000;00-26-40
run_opt_test0_O2;2300000;48000;00-26-41
run_opt_test0_O2;2299976;48000;00-26-41
run_opt_test0_O2;2300000;48000;00-26-41
run_opt_test0_O2;2299976;48000;00-26-41
run_opt_test0_O2;2000000;48000;00-26-41
run_opt_test0_O2;2200000;48000;00-26-41
run_opt_test0_O2;2299976;48000;00-26-41
run_opt_test0_O2;2300000;48000;00-26-41
run_opt_test0_O2;2300000;48000;00-26-42
run_opt_test0_O2;2299976;48000;00-26-42
run_opt_test0_O2;2300000;48000;00-26-42
run_opt_test0_O2;2300023;48000;00-26-42
run_opt_test0_O2;2300000;48000;00-26-42
run_opt_test0_O2;2300000;48000;00-26-42
run_opt_test0_O2;2300023;48000;00-26-42
run_opt_test0_O2;2300000;48000;00-26-43
run_opt_test0_O2;2299976;48000;00-26-43
run_opt_test0_O2;2300000;48000;00-26-43
run_opt_test0_O2;2300023;48000;00-26-43
run_opt_test0_O2;2300023;48000;00-26-43
run_opt_test0_O2;2299976;48000;00-26-43
run_opt_test0_O2;2200000;48000;00-26-43
run_opt_test0_O2;2300000;48000;00-26-44
run_opt_test0_O2;2300000;48000;00-26-44
run_opt_test0_O2;2300023;48000;00-26-44
run_opt_test0_O2;2299976;48000;00-26-44
run_opt_test0_O2;2300000;48000;00-26-44
run_opt_test0_O2;2299976;48000;00-26-44
run_opt_test0_O2;2300000;48000;00-26-44
run_opt_test0_O2;2300000;48000;00-26-45
run_opt_test0_O2;2300000;48000;00-26-45
run_opt_test0_O2;2300000;48000;00-26-45
run_opt_test0_O2;2300000;48000;00-26-45
run_opt_test0_O2;2299976;48000;00-26-45
run_opt_test0_O2;2300000;48000;00-26-45
run_opt_test0_O2;2299976;48000;00-26-45
run_opt_test0_O2;2300000;48000;00-26-45
run_opt_test0_O2;2300000;48000;00-26-46
run_opt_test0_O2;2300000;48000;00-26-46
run_opt_test0_O2;2300000;48000;00-26-46
run_opt_test0_O2;2300000;48000;00-26-46
run_opt_test0_O2;2299976;48000;00-26-46
run_opt_test0_O2;1900000;48000;00-26-46
run_opt_test0_O2;2300000;48000;00-26-46
run_opt_test0_O2;2300000;48000;00-26-47
run_opt_test0_O2;2300000;48000;00-26-47
run_opt_test0_O2;2300000;48000;00-26-47
run_opt_test0_O2;2099978;48000;00-26-47
run_opt_test0_O2;2300000;48000;00-26-47
run_opt_test0_O2;2300000;48000;00-26-47
run_opt_test0_O2;2300023;48000;00-26-47
run_opt_test0_O2;2300000;48000;00-26-48
run_opt_test0_O2;2300000;48000;00-26-48
run_opt_test0_O2;2300000;48000;00-26-48
run_opt_test0_O2;2300000;48000;00-26-48
run_opt_test0_O2;2300000;48000;00-26-48
run_opt_test0_O2;2299976;48000;00-26-48
run_opt_test0_O2;2299976;48000;00-26-48
run_opt_test0_O2;2300000;48000;00-26-49
run_opt_test0_O2;2299976;48000;00-26-49
run_opt_test0_O2;2300000;48000;00-26-49
run_opt_test0_O2;2300046;48000;00-26-49
run_opt_test0_O2;2300000;48000;00-26-49
run_opt_test0_O2;2300000;48000;00-26-49
run_opt_test0_O2;2299976;48000;00-26-49
run_opt_test0_O2;2300000;48000;00-26-50
run_opt_test0_O2;2300023;48000;00-26-50
run_opt_test0_O2;2300000;48000;00-26-50
run_opt_test0_O2;2300000;48000;00-26-50
run_opt_test0_O2;2299953;48000;00-26-50
run_opt_test0_O2;2300000;48000;00-26-50
run_opt_test0_O2;2300000;48000;00-26-50
run_opt_test0_O2;2300000;48000;00-26-51
run_opt_test0_O2;2300000;48000;00-26-51
run_opt_test0_O2;2300000;48000;00-26-51
run_opt_test0_O2;2300000;48000;00-26-51
run_opt_test0_O2;2299976;48000;00-26-51
run_opt_test0_O2;2300000;48000;00-26-51
run_opt_test0_O2;2300000;48000;00-26-51
run_opt_test0_O2;2300023;48000;00-26-52
run_opt_test0_O2;2300000;48000;00-26-52
run_opt_test0_O2;2300000;48000;00-26-52
run_opt_test0_O2;2300023;48000;00-26-52
run_opt_test0_O2;2299976;48000;00-26-52
run_opt_test0_O2;2300000;48000;00-26-52
run_opt_test0_O2;2300000;48000;00-26-52
run_opt_test0_O2;2300000;48000;00-26-53
run_opt_test0_O2;2300000;48000;00-26-53
run_opt_test0_O2;2300000;48000;00-26-53
run_opt_test0_O2;2000000;48000;00-26-53
run_opt_test0_O2;2300023;48000;00-26-53
run_opt_test0_O2;2300000;48000;00-26-53
run_opt_test0_O2;2300000;48000;00-26-53
run_opt_test0_O2;2300000;48000;00-26-53
run_opt_test0_O2;2300000;48000;00-26-54
run_opt_test0_O2;2300000;48000;00-26-54
run_opt_test0_O2;2300000;48000;00-26-54
run_opt_test0_O2;2300000;48000;00-26-54
run_opt_test0_O2;2300023;48000;00-26-54
run_opt_test0_O2;2300000;48000;00-26-54
run_opt_test0_O2;2199977;48000;00-26-54
run_opt_test0_O2;2199977;48000;00-26-55
run_opt_test0_O2;2300000;48000;00-26-55
run_opt_test0_O2;1999979;48000;00-26-55
run_opt_test0_O2;2300000;48000;00-26-55
run_opt_test0_O2;2300000;48000;00-26-55
run_opt_test0_O2;2299976;48000;00-26-55
run_opt_test0_O2;2300000;48000;00-26-55
run_opt_test0_O2;2300000;48000;00-26-56
run_opt_test0_O2;2300000;48000;00-26-56
run_opt_test0_O2;2300000;48000;00-26-56
run_opt_test0_O2;2300023;48000;00-26-56
run_opt_test0_O2;2300000;48000;00-26-56
run_opt_test0_O2;2300000;48000;00-26-56
run_opt_test0_O2;2300000;48000;00-26-56
run_opt_test0_O2;2300000;48000;00-26-57
run_opt_test0_O2;2300023;48000;00-26-57
run_opt_test0_O2;2300000;48000;00-26-57
run_opt_test0_O2;2300023;48000;00-26-57
run_opt_test0_O2;2300000;48000;00-26-57
run_opt_test0_O2;2300000;48000;00-26-57
run_opt_test0_O2;2300023;48000;00-26-57
run_opt_test0_O2;2299976;48000;00-26-57
run_opt_test0_O2;2300023;48000;00-26-58
run_opt_test0_O2;2299976;48000;00-26-58
run_opt_test0_O2;2300000;48000;00-26-58
run_opt_test0_O2;2000020;48000;00-26-58
run_opt_test0_O2;2300000;48000;00-26-58
run_opt_test0_O2;2299976;48000;00-26-58
run_opt_test0_O2;2300000;48000;00-26-58
run_opt_test0_O2;2300023;48000;00-26-59
run_opt_test0_O2;2300000;48000;00-26-59
run_opt_test0_O2;2300023;48000;00-26-59
run_opt_test0_O2;2300000;48000;00-26-59
run_opt_test0_O2;2300000;48000;00-26-59
run_opt_test0_O2;2299976;48000;00-26-59
run_opt_test0_O2;2300000;48000;00-26-59
run_opt_test0_O2;2299976;48000;00-27-00
run_opt_test0_O2;2300000;48000;00-27-00
run_opt_test0_O2;2300000;48000;00-27-00
run_opt_test0_O2;2300000;48000;00-27-00
run_opt_test0_O2;2299953;48000;00-27-00
run_opt_test0_O2;2300000;48000;00-27-00
run_opt_test0_O2;2243925;48000;00-27-00
run_opt_test0_O2;2200000;48000;00-27-01
run_opt_test0_O2;2300000;48000;00-27-01
run_opt_test0_O2;2300000;48000;00-27-01
run_opt_test0_O2;2300000;48000;00-27-01
run_opt_test0_O2;2300023;48000;00-27-01
run_opt_test0_O2;2300000;48000;00-27-01
run_opt_test0_O2;2300000;48000;00-27-01
run_opt_test0_O2;2300023;48000;00-27-02
run_opt_test0_O2;2299976;48000;00-27-02
run_opt_test0_O2;2300000;48000;00-27-02
run_opt_test0_O2;2300023;48000;00-27-02
run_opt_test0_O2;2300000;48000;00-27-02
run_opt_test0_O2;2299976;48000;00-27-02
run_opt_test0_O2;2299976;48000;00-27-02
run_opt_test0_O2;2300000;48000;00-27-02
run_opt_test0_O2;2300000;48000;00-27-03
run_opt_test0_O2;2200000;48000;00-27-03
run_opt_test0_O2;2300000;48000;00-27-03
run_opt_test0_O2;2300000;48000;00-27-03
run_opt_test0_O2;2099978;48000;00-27-03
run_opt_test0_O2;2300000;48000;00-27-03
run_opt_test0_O2;2299953;48000;00-27-03
run_opt_test0_O2;2300000;48000;00-27-04
run_opt_test0_O2;2300000;48000;00-27-04
run_opt_test0_O2;2300000;48000;00-27-04
run_opt_test0_O2;2300000;48000;00-27-04
run_opt_test0_O2;2300000;48000;00-27-04
run_opt_test0_O2;2100000;48000;00-27-04
run_opt_test0_O2;2299976;48000;00-27-04
run_opt_test0_O2;2300000;48000;00-27-05
run_opt_test0_O2;2300000;48000;00-27-05
run_opt_test0_O2;2300023;48000;00-27-05
run_opt_test0_O2;2300000;48000;00-27-05
run_opt_test0_O2;2300023;48000;00-27-05
run_opt_test0_O2;2300000;48000;00-27-05
run_opt_test0_O2;2300023;48000;00-27-05
run_opt_test0_O2;2300023;48000;00-27-06
run_opt_test0_O2;2300000;48000;00-27-06
run_opt_test0_O2;2299976;48000;00-27-06
run_opt_test0_O2;2300000;48000;00-27-06
run_opt_test0_O2;2300000;48000;00-27-06
run_opt_test0_O2;2300000;48000;00-27-06
run_opt_test0_O2;2300000;48000;00-27-06
run_opt_test0_O2;2300000;48000;00-27-07
run_opt_test0_O2;2300000;48000;00-27-07
run_opt_test0_O2;2300000;48000;00-27-07
run_opt_test0_O2;2300000;48000;00-27-07
run_opt_test0_O2;2300000;48000;00-27-07
run_opt_test0_O2;2299976;48000;00-27-07
run_opt_test0_O2;2300000;48000;00-27-07
run_opt_test0_O2;2300000;48000;00-27-08
run_opt_test0_O2;2300000;48000;00-27-08
run_opt_test0_O2;2300000;48000;00-27-08
run_opt_test0_O2;2000000;48000;00-27-08
run_opt_test0_O2;2300000;48000;00-27-08
run_opt_test0_O2;2300000;48000;00-27-08
run_opt_test0_O2;2300000;48000;00-27-08
run_opt_test0_O2;2300000;48000;00-27-08
run_opt_test0_O2;2300000;48000;00-27-09
run_opt_test0_O2;2300000;48000;00-27-09
run_opt_test0_O2;2300000;48000;00-27-09
run_opt_test0_O2;2300000;48000;00-27-09
run_opt_test0_O2;2300023;48000;00-27-09
run_opt_test0_O2;2300000;48000;00-27-09
run_opt_test0_O2;2300023;48000;00-27-09
run_opt_test0_O2;2200000;48000;00-27-10
run_opt_test0_O2;1900000;48000;00-27-10
run_opt_test0_O2;2300023;48000;00-27-10
run_opt_test0_O2;2300023;48000;00-27-10
run_opt_test0_O2;2299976;48000;00-27-10
run_opt_test0_O2;2300000;48000;00-27-10
run_opt_test0_O2;2300023;48000;00-27-10
run_opt_test0_O2;2100000;48000;00-27-11
run_opt_test0_O2;2299976;48000;00-27-11
run_opt_test0_O2;2300000;48000;00-27-11
run_opt_test0_O2;1700000;48000;00-27-11
run_opt_test0_O2;2299976;48000;00-27-11
run_opt_test0_O2;2299976;48000;00-27-11
run_opt_test0_O2;2300000;48000;00-27-11
run_opt_test0_O2;2300000;48000;00-27-12
run_opt_test0_O2;2300023;48000;00-27-12
run_opt_test0_O2;2300000;48000;00-27-12
run_opt_test0_O2;2300000;48000;00-27-12
run_opt_test0_O2;2300000;46000;00-27-12
run_opt_test0_O2;2300000;46000;00-27-12
run_opt_test0_O2;2300000;46000;00-27-12
run_opt_test0_O2;2300000;46000;00-27-13
run_opt_test0_O2;2300000;46000;00-27-13
run_opt_test0_O2;2300000;46000;00-27-13
run_opt_test0_O2;2300000;46000;00-27-13
run_opt_test0_O2;2300000;46000;00-27-13
run_opt_test0_O2;2300000;48000;00-27-13
run_opt_test0_O2;2300000;48000;00-27-13
run_opt_test0_O2;2299976;48000;00-27-13
run_opt_test0_O2;2299976;48000;00-27-14
run_opt_test0_O2;2300023;48000;00-27-14
run_opt_test0_O2;2300000;48000;00-27-14
run_opt_test0_O2;2300023;48000;00-27-14
run_opt_test0_O2;2300000;48000;00-27-14
run_opt_test0_O2;2300023;48000;00-27-14
run_opt_test0_O2;2300000;48000;00-27-14
run_opt_test0_O2;2300000;48000;00-27-15
run_opt_test0_O2;2300000;48000;00-27-15
run_opt_test0_O2;2100000;48000;00-27-15
run_opt_test0_O2;2200000;48000;00-27-15
run_opt_test0_O2;2300000;48000;00-27-15
run_opt_test0_O2;2300000;48000;00-27-15
run_opt_test0_O2;2300000;48000;00-27-15
run_opt_test0_O2;2300000;48000;00-27-16
run_opt_test0_O2;2300000;48000;00-27-16
run_opt_test0_O2;2300000;48000;00-27-16
run_opt_test0_O2;2100000;48000;00-27-16
run_opt_test0_O2;1999979;48000;00-27-16
run_opt_test0_O2;2199977;48000;00-27-16
run_opt_test0_O2;2300000;48000;00-27-16
run_opt_test0_O2;2300000;48000;00-27-17
run_opt_test0_O2;2300000;48000;00-27-17
run_opt_test0_O2;2300000;48000;00-27-17
run_opt_test0_O2;2100000;48000;00-27-17
run_opt_test0_O2;2300000;48000;00-27-17
run_opt_test0_O2;2300000;48000;00-27-17
run_opt_test0_O2;2299976;48000;00-27-17
run_opt_test0_O2;2299976;48000;00-27-17
run_opt_test0_O2;2300000;48000;00-27-18
run_opt_test0_O2;2300000;48000;00-27-18
run_opt_test0_O2;2100000;48000;00-27-18
run_opt_test0_O2;2300046;48000;00-27-18
run_opt_test0_O2;2300023;48000;00-27-18
run_opt_test0_O2;2300000;48000;00-27-18
run_opt_test0_O2;2299976;48000;00-27-18
run_opt_test0_O2;2300000;48000;00-27-19
run_opt_test0_O2;2300000;48000;00-27-19
run_opt_test0_O2;2300023;48000;00-27-19
run_opt_test0_O2;2300000;48000;00-27-19
run_opt_test0_O2;2300000;48000;00-27-19
run_opt_test0_O2;2300000;48000;00-27-19
run_opt_test0_O2;2300000;48000;00-27-19
run_opt_test0_O2;2300023;48000;00-27-20
run_opt_test0_O2;2300000;48000;00-27-20
run_opt_test0_O2;2300000;48000;00-27-20
run_opt_test0_O2;2299976;48000;00-27-20
run_opt_test0_O2;2300000;48000;00-27-20
run_opt_test0_O2;2300000;48000;00-27-20
run_opt_test0_O2;2299976;48000;00-27-20
run_opt_test0_O2;2300000;48000;00-27-21
run_opt_test0_O2;2200022;48000;00-27-21
run_opt_test0_O2;2300000;48000;00-27-21
run_opt_test0_O2;2300000;48000;00-27-21
run_opt_test0_O2;2299976;48000;00-27-21
run_opt_test0_O2;2300023;48000;00-27-21
run_opt_test0_O2;2300000;48000;00-27-21
run_opt_test0_O2;2300000;48000;00-27-22
run_opt_test0_O2;2300000;48000;00-27-22
run_opt_test0_O2;2300000;48000;00-27-22
run_opt_test0_O2;2300000;48000;00-27-22
run_opt_test0_O2;2299976;48000;00-27-22
run_opt_test0_O2;2299976;48000;00-27-22
run_opt_test0_O2;2300000;48000;00-27-22
run_opt_test0_O2;2300000;48000;00-27-23
run_opt_test0_O2;2300023;48000;00-27-23
run_opt_test0_O2;2300000;48000;00-27-23
run_opt_test0_O2;2300000;48000;00-27-23
run_opt_test0_O2;2300000;48000;00-27-23
run_opt_test0_O2;2299976;48000;00-27-23
run_opt_test0_O2;2300023;48000;00-27-23
run_opt_test0_O2;2300000;48000;00-27-23
run_opt_test0_O2;2300000;48000;00-27-24
run_opt_test0_O2;2300000;48000;00-27-24
run_opt_test0_O2;2300000;48000;00-27-24
run_opt_test0_O2;2300000;48000;00-27-24
run_opt_test0_O2;2300000;48000;00-27-24
run_opt_test0_O2;2100021;48000;00-27-24
run_opt_test0_O2;2299976;48000;00-27-24
run_opt_test0_O2;2300000;48000;00-27-25
run_opt_test0_O2;2300000;48000;00-27-25
run_opt_test0_O2;2300000;48000;00-27-25
run_opt_test0_O2;2300000;48000;00-27-25
run_opt_test0_O2;2300000;48000;00-27-25
run_opt_test0_O2;2299976;48000;00-27-25
run_opt_test0_O2;2299976;48000;00-27-25
run_opt_test0_O2;2299976;48000;00-27-26
run_opt_test0_O2;2300000;48000;00-27-26
run_opt_test0_O2;2299976;48000;00-27-26
run_opt_test0_O2;2300000;48000;00-27-26
run_opt_test0_O2;2300000;48000;00-27-26
run_opt_test0_O2;2300023;48000;00-27-26
run_opt_test0_O2;2100000;48000;00-27-26
run_opt_test0_O2;1999979;48000;00-27-27
run_opt_test0_O2;2100021;48000;00-27-27
run_opt_test0_O2;2300000;48000;00-27-27
run_opt_test0_O2;2300023;48000;00-27-27
run_opt_test0_O2;2300023;48000;00-27-27
run_opt_test0_O2;2300000;48000;00-27-27
run_opt_test0_O2;2300000;48000;00-27-27
run_opt_test0_O2;2300000;48000;00-27-28
run_opt_test0_O2;2300000;48000;00-27-28
run_opt_test0_O2;2299976;48000;00-27-28
run_opt_test0_O2;2299976;48000;00-27-28
run_opt_test0_O2;2200000;48000;00-27-28
run_opt_test0_O2;2300000;48000;00-27-28
run_opt_test0_O2;2299976;48000;00-27-28
run_opt_test0_O2;2300000;48000;00-27-28
run_opt_test0_O2;2300000;48000;00-27-29
run_opt_test0_O2;2300000;48000;00-27-29
run_opt_test0_O2;2300000;48000;00-27-29
run_opt_test0_O2;2299976;48000;00-27-29
run_opt_test0_O2;2300000;48000;00-27-29
run_opt_test0_O2;2300000;48000;00-27-29
run_opt_test0_O2;2100000;48000;00-27-29
run_opt_test0_O2;2200000;48000;00-27-30
run_opt_test0_O2;2300000;48000;00-27-30
run_opt_test0_O2;2300000;48000;00-27-30
run_opt_test0_O2;2000000;48000;00-27-30
run_opt_test0_O2;2300000;48000;00-27-30
run_opt_test0_O2;2300000;48000;00-27-30
run_opt_test0_O2;2300023;48000;00-27-30
run_opt_test0_O2;2300000;48000;00-27-31
run_opt_test0_O2;2300023;48000;00-27-31
run_opt_test0_O2;2300000;48000;00-27-31
run_opt_test0_O2;2000000;48000;00-27-31
run_opt_test0_O2;2299976;48000;00-27-31
run_opt_test0_O2;2300000;48000;00-27-31
run_opt_test0_O2;2300023;48000;00-27-31
run_opt_test0_O2;2299976;48000;00-27-32
run_opt_test0_O2;2299976;48000;00-27-32
run_opt_test0_O2;2300000;48000;00-27-32
run_opt_test0_O2;2299976;48000;00-27-32
run_opt_test0_O2;2299976;48000;00-27-32
run_opt_test0_O2;2300000;48000;00-27-32
run_opt_test0_O2;2100021;48000;00-27-32
run_opt_test0_O2;2300023;48000;00-27-33
run_opt_test0_O2;1799981;48000;00-27-33
run_opt_test0_O2;2300000;48000;00-27-33
run_opt_test0_O2;2300000;48000;00-27-33
run_opt_test0_O2;2299976;48000;00-27-33
run_opt_test0_O2;2200000;46000;00-27-33
run_opt_test0_O2;2300000;46000;00-27-33
run_opt_test0_O2;2300000;46000;00-27-34
run_opt_test0_O2;2300000;46000;00-27-34
run_opt_test0_O2;2300023;46000;00-27-34
run_opt_test0_O2;2299976;46000;00-27-34
run_opt_test0_O2;2300023;46000;00-27-34
run_opt_test0_O2;2300000;46000;00-27-34
run_opt_test0_O2;2300000;48000;00-27-34
run_opt_test0_O2;2300000;48000;00-27-35
run_opt_test0_O2;2300000;48000;00-27-35
run_opt_test0_O2;2300000;48000;00-27-35
run_opt_test0_O2;2300000;48000;00-27-35
run_opt_test0_O2;2299976;48000;00-27-35
run_opt_test0_O2;2300000;48000;00-27-35
run_opt_test0_O2;2300000;48000;00-27-35
run_opt_test0_O2;2300000;48000;00-27-35
run_opt_test0_O2;2300000;48000;00-27-36
run_opt_test0_O2;2199977;48000;00-27-36
run_opt_test0_O2;2300000;48000;00-27-36
run_opt_test0_O2;2300000;48000;00-27-36
run_opt_test0_O2;2300000;48000;00-27-36
run_opt_test0_O2;2300000;48000;00-27-36
run_opt_test0_O2;2300000;48000;00-27-36
run_opt_test0_O2;2300000;48000;00-27-37
run_opt_test0_O2;2199977;48000;00-27-37
run_opt_test0_O2;1899980;48000;00-27-37
run_opt_test0_O2;2299976;48000;00-27-37
run_opt_test0_O2;2300000;48000;00-27-37
run_opt_test0_O2;2300000;48000;00-27-37
run_opt_test0_O2;2300000;48000;00-27-37
run_opt_test0_O2;2300023;48000;00-27-38
run_opt_test0_O2;2100000;48000;00-27-38
run_opt_test0_O2;2300000;48000;00-27-38
run_opt_test0_O2;2300023;48000;00-27-38
run_opt_test0_O2;2300000;48000;00-27-38
run_opt_test0_O2;2300000;48000;00-27-38
run_opt_test0_O2;2300000;48000;00-27-38
run_opt_test0_O2;2300000;48000;00-27-39
run_opt_test0_O2;2300000;48000;00-27-39
run_opt_test0_O2;2300000;48000;00-27-39
run_opt_test0_O2;2300000;48000;00-27-39
run_opt_test0_O2;2300000;48000;00-27-39
run_opt_test0_O2;2300000;48000;00-27-39
run_opt_test0_O2;2299976;48000;00-27-39
run_opt_test0_O2;2300000;48000;00-27-40
run_opt_test0_O2;2300023;48000;00-27-40
run_opt_test0_O2;2299976;48000;00-27-40
run_opt_test0_O2;2200000;48000;00-27-40
run_opt_test0_O2;2300000;48000;00-27-40
run_opt_test0_O2;2300000;48000;00-27-40
run_opt_test0_O2;2300000;48000;00-27-40
run_opt_test0_O2;2299976;48000;00-27-41
run_opt_test0_O2;2300000;48000;00-27-41
run_opt_test0_O2;2300000;48000;00-27-41
run_opt_test0_O2;2300023;48000;00-27-41
run_opt_test0_O2;2300000;48000;00-27-41
run_opt_test0_O2;2300000;48000;00-27-41
run_opt_test0_O2;2300023;48000;00-27-41
run_opt_test0_O2;2100021;48000;00-27-42
run_opt_test0_O2;2300023;48000;00-27-42
run_opt_test0_O2;2300000;48000;00-27-42
run_opt_test0_O2;2299976;48000;00-27-42
run_opt_test0_O2;2200000;48000;00-27-42
run_opt_test0_O2;2299976;48000;00-27-42
run_opt_test0_O2;2300000;48000;00-27-42
run_opt_test0_O2;2000020;48000;00-27-42
run_opt_test0_O2;2300000;48000;00-27-43
run_opt_test0_O2;2300000;48000;00-27-43
run_opt_test0_O2;2300000;48000;00-27-43
run_opt_test0_O2;2300000;48000;00-27-43
run_opt_test0_O2;2300023;48000;00-27-43
run_opt_test0_O2;2200000;48000;00-27-43
run_opt_test0_O2;2300000;48000;00-27-43
run_opt_test0_O2;2300000;48000;00-27-44
run_opt_test0_O2;2300000;48000;00-27-44
run_opt_test0_O2;2300000;48000;00-27-44
run_opt_test0_O2;2300023;48000;00-27-44
run_opt_test0_O2;2300000;48000;00-27-44
run_opt_test0_O2;2000000;50000;00-27-44
run_opt_test0_O2;2300000;50000;00-27-44
run_opt_test0_O2;2300000;50000;00-27-45
run_opt_test0_O2;2099978;50000;00-27-45
run_opt_test0_O2;2300023;50000;00-27-45
run_opt_test0_O2;1900019;50000;00-27-45
run_opt_test0_O2;2300000;50000;00-27-45
run_opt_test0_O2;2300000;50000;00-27-45
run_opt_test0_O2;2300000;50000;00-27-45
run_opt_test0_O2;2199977;50000;00-27-46
run_opt_test0_O2;2299976;50000;00-27-46
run_opt_test0_O2;2300000;50000;00-27-46
run_opt_test0_O2;2300000;50000;00-27-46
run_opt_test0_O2;2300000;50000;00-27-46
run_opt_test0_O2;2300023;50000;00-27-46
run_opt_test0_O2;2300000;50000;00-27-46
run_opt_test0_O2;2300000;50000;00-27-47
run_opt_test0_O2;2299976;50000;00-27-47
run_opt_test0_O2;2299976;50000;00-27-47
run_opt_test0_O2;2300000;50000;00-27-47
run_opt_test0_O2;2300000;50000;00-27-47
run_opt_test0_O2;2299976;50000;00-27-47
run_opt_test0_O2;2300023;50000;00-27-47
run_opt_test0_O2;2300000;50000;00-27-48
run_opt_test0_O2;2300023;50000;00-27-48
run_opt_test0_O2;2299976;50000;00-27-48
run_opt_test0_O2;2300046;50000;00-27-48
run_opt_test0_O2;2300000;50000;00-27-48
run_opt_test0_O2;2300000;50000;00-27-48
run_opt_test0_O2;2300000;50000;00-27-48
run_opt_test0_O2;2300000;50000;00-27-48
run_opt_test0_O2;2300000;50000;00-27-49
run_opt_test0_O2;2300000;50000;00-27-49
run_opt_test0_O2;2299976;50000;00-27-49
run_opt_test0_O2;2299976;50000;00-27-49
run_opt_test0_O2;2300023;50000;00-27-49
run_opt_test0_O2;2300000;50000;00-27-49
run_opt_test0_O2;2300000;50000;00-27-49
run_opt_test0_O2;2300000;50000;00-27-50
run_opt_test0_O2;2300000;50000;00-27-50
run_opt_test0_O2;2299976;50000;00-27-50
run_opt_test0_O2;2300000;50000;00-27-50
run_opt_test0_O2;2100379;50000;00-27-50
run_opt_test0_O2;2300000;50000;00-27-50
run_opt_test0_O2;2300023;50000;00-27-50
run_opt_test0_O2;1899980;50000;00-27-51
run_opt_test0_O2;2300000;50000;00-27-51
run_opt_test0_O2;2300000;50000;00-27-51
run_opt_test0_O2;2099978;50000;00-27-51
run_opt_test0_O2;2300046;50000;00-27-51
run_opt_test0_O2;2300000;50000;00-27-51
run_opt_test0_O2;2300000;50000;00-27-51
run_opt_test0_O2;2299976;50000;00-27-52
run_opt_test0_O2;2300000;50000;00-27-52
run_opt_test0_O2;1900000;50000;00-27-52
run_opt_test0_O2;2300023;50000;00-27-52
run_opt_test0_O2;2299976;50000;00-27-52
run_opt_test0_O2;2300000;50000;00-27-52
run_opt_test0_O2;2300000;50000;00-27-52
run_opt_test0_O2;2200022;50000;00-27-53
run_opt_test0_O2;2300000;50000;00-27-53
run_opt_test0_O2;2300000;50000;00-27-53
run_opt_test0_O2;2300000;50000;00-27-53
run_opt_test0_O2;2300000;50000;00-27-53
run_opt_test0_O2;2100000;50000;00-27-53
run_opt_test0_O2;2300000;50000;00-27-53
run_opt_test0_O2;2299976;50000;00-27-53
run_opt_test0_O2;2300000;50000;00-27-54
run_opt_test0_O2;2300000;50000;00-27-54
run_opt_test0_O2;1808477;50000;00-27-54
run_opt_test0_O3;5000000;58000;00-28-37
run_opt_test0_O3;3100031;58000;00-28-37
run_opt_test0_O3;2600000;58000;00-28-37
run_opt_test0_O3;2679968;58000;00-28-38
run_opt_test0_O3;2500000;58000;00-28-38
run_opt_test0_O3;2499974;58000;00-28-38
run_opt_test0_O3;2300000;58000;00-28-38
run_opt_test0_O3;2300000;58000;00-28-38
run_opt_test0_O3;2299976;48000;00-28-38
run_opt_test0_O3;2300000;48000;00-28-38
run_opt_test0_O3;2300000;48000;00-28-39
run_opt_test0_O3;2300023;48000;00-28-39
run_opt_test0_O3;2299976;48000;00-28-39
run_opt_test0_O3;2300000;48000;00-28-39
run_opt_test0_O3;2300000;48000;00-28-39
run_opt_test0_O3;2300000;48000;00-28-39
run_opt_test0_O3;2299976;48000;00-28-39
run_opt_test0_O3;2300023;48000;00-28-40
run_opt_test0_O3;2299976;48000;00-28-40
run_opt_test0_O3;2300000;48000;00-28-40
run_opt_test0_O3;2300000;48000;00-28-40
run_opt_test0_O3;2300000;48000;00-28-40
run_opt_test0_O3;2300000;48000;00-28-40
run_opt_test0_O3;2300000;48000;00-28-40
run_opt_test0_O3;2300000;48000;00-28-41
run_opt_test0_O3;2300000;48000;00-28-41
run_opt_test0_O3;2299976;48000;00-28-41
run_opt_test0_O3;2300000;48000;00-28-41
run_opt_test0_O3;2300023;48000;00-28-41
run_opt_test0_O3;2300000;48000;00-28-41
run_opt_test0_O3;2300023;48000;00-28-41
run_opt_test0_O3;2300000;48000;00-28-42
run_opt_test0_O3;2300000;48000;00-28-42
run_opt_test0_O3;2300000;48000;00-28-42
run_opt_test0_O3;2300023;48000;00-28-42
run_opt_test0_O3;2300023;48000;00-28-42
run_opt_test0_O3;2300000;48000;00-28-42
run_opt_test0_O3;2300000;48000;00-28-42
run_opt_test0_O3;2300000;48000;00-28-42
run_opt_test0_O3;2300000;48000;00-28-43
run_opt_test0_O3;2300023;48000;00-28-43
run_opt_test0_O3;2299976;48000;00-28-43
run_opt_test0_O3;2300000;48000;00-28-43
run_opt_test0_O3;2300000;48000;00-28-43
run_opt_test0_O3;2300000;48000;00-28-43
run_opt_test0_O3;2100000;48000;00-28-43
run_opt_test0_O3;2299976;48000;00-28-44
run_opt_test0_O3;2200000;48000;00-28-44
run_opt_test0_O3;2300000;48000;00-28-44
run_opt_test0_O3;2300000;48000;00-28-44
run_opt_test0_O3;2300023;48000;00-28-44
run_opt_test0_O3;2299976;48000;00-28-44
run_opt_test0_O3;2300000;48000;00-28-44
run_opt_test0_O3;2300000;48000;00-28-45
run_opt_test0_O3;2100000;48000;00-28-45
run_opt_test0_O3;2299976;48000;00-28-45
run_opt_test0_O3;2299976;48000;00-28-45
run_opt_test0_O3;2300000;48000;00-28-45
run_opt_test0_O3;2300000;48000;00-28-45
run_opt_test0_O3;2300000;48000;00-28-45
run_opt_test0_O3;2299976;48000;00-28-46
run_opt_test0_O3;2300000;48000;00-28-46
run_opt_test0_O3;2300000;48000;00-28-46
run_opt_test0_O3;2300000;48000;00-28-46
run_opt_test0_O3;2300023;48000;00-28-46
run_opt_test0_O3;2300000;48000;00-28-46
run_opt_test0_O3;2300000;48000;00-28-46
run_opt_test0_O3;2300000;48000;00-28-47
run_opt_test0_O3;2300000;48000;00-28-47
run_opt_test0_O3;2300000;48000;00-28-47
run_opt_test0_O3;2300000;48000;00-28-47
run_opt_test0_O3;2300023;48000;00-28-47
run_opt_test0_O3;2300000;48000;00-28-47
run_opt_test0_O3;2299976;48000;00-28-47
run_opt_test0_O3;2300023;48000;00-28-48
run_opt_test0_O3;2300000;48000;00-28-48
run_opt_test0_O3;2300000;48000;00-28-48
run_opt_test0_O3;2300023;48000;00-28-48
run_opt_test0_O3;2300023;48000;00-28-48
run_opt_test0_O3;2300000;48000;00-28-48
run_opt_test0_O3;2300000;48000;00-28-48
run_opt_test0_O3;2299976;48000;00-28-49
run_opt_test0_O3;2300000;48000;00-28-49
run_opt_test0_O3;2300000;48000;00-28-49
run_opt_test0_O3;2300000;48000;00-28-49
run_opt_test0_O3;2299976;48000;00-28-49
run_opt_test0_O3;2300000;48000;00-28-49
run_opt_test0_O3;2300000;48000;00-28-49
run_opt_test0_O3;2000000;48000;00-28-49
run_opt_test0_O3;2300000;48000;00-28-50
run_opt_test0_O3;2299976;48000;00-28-50
run_opt_test0_O3;2300000;48000;00-28-50
run_opt_test0_O3;2300046;48000;00-28-50
run_opt_test0_O3;2300000;48000;00-28-50
run_opt_test0_O3;2299976;48000;00-28-50
run_opt_test0_O3;2300000;48000;00-28-50
run_opt_test0_O3;2300023;48000;00-28-51
run_opt_test0_O3;2299976;48000;00-28-51
run_opt_test0_O3;2299953;48000;00-28-51
run_opt_test0_O3;1900000;48000;00-28-51
run_opt_test0_O3;2300000;48000;00-28-51
run_opt_test0_O3;2300023;48000;00-28-51
run_opt_test0_O3;2300046;48000;00-28-51
run_opt_test0_O3;2300000;48000;00-28-52
run_opt_test0_O3;2300000;48000;00-28-52
run_opt_test0_O3;2300023;48000;00-28-52
run_opt_test0_O3;2300000;48000;00-28-52
run_opt_test0_O3;2300000;48000;00-28-52
run_opt_test0_O3;2300000;48000;00-28-52
run_opt_test0_O3;2300000;48000;00-28-52
run_opt_test0_O3;2300000;48000;00-28-53
run_opt_test0_O3;2300000;48000;00-28-53
run_opt_test0_O3;2300000;48000;00-28-53
run_opt_test0_O3;2300000;48000;00-28-53
run_opt_test0_O3;2300000;48000;00-28-53
run_opt_test0_O3;2200000;48000;00-28-53
run_opt_test0_O3;2299976;48000;00-28-53
run_opt_test0_O3;2299976;48000;00-28-53
run_opt_test0_O3;2300000;48000;00-28-54
run_opt_test0_O3;2300000;48000;00-28-54
run_opt_test0_O3;2300023;48000;00-28-54
run_opt_test0_O3;2300000;48000;00-28-54
run_opt_test0_O3;2300000;48000;00-28-54
run_opt_test0_O3;2300000;48000;00-28-54
run_opt_test0_O3;2300000;48000;00-28-54
run_opt_test0_O3;2300000;48000;00-28-55
run_opt_test0_O3;2300000;48000;00-28-55
run_opt_test0_O3;2300000;48000;00-28-55
run_opt_test0_O3;2300000;48000;00-28-55
run_opt_test0_O3;2299976;48000;00-28-55
run_opt_test0_O3;2300000;48000;00-28-55
run_opt_test0_O3;2300184;48000;00-28-55
run_opt_test0_O3;2300023;48000;00-28-56
run_opt_test0_O3;2300000;48000;00-28-56
run_opt_test0_O3;2300000;48000;00-28-56
run_opt_test0_O3;2300000;48000;00-28-56
run_opt_test0_O3;2300000;48000;00-28-56
run_opt_test0_O3;2300000;48000;00-28-56
run_opt_test0_O3;2299976;48000;00-28-56
run_opt_test0_O3;2300023;48000;00-28-57
run_opt_test0_O3;2300000;48000;00-28-57
run_opt_test0_O3;2300023;48000;00-28-57
run_opt_test0_O3;2300000;48000;00-28-57
run_opt_test0_O3;2299953;50000;00-28-57
run_opt_test0_O3;2300000;50000;00-28-57
run_opt_test0_O3;2299976;50000;00-28-57
run_opt_test0_O3;2300000;50000;00-28-58
run_opt_test0_O3;2300000;50000;00-28-58
run_opt_test0_O3;2300000;50000;00-28-58
run_opt_test0_O3;2300000;50000;00-28-58
run_opt_test0_O3;2300000;50000;00-28-58
run_opt_test0_O3;2299976;50000;00-28-58
run_opt_test0_O3;2300000;50000;00-28-58
run_opt_test0_O3;2300000;50000;00-28-59
run_opt_test0_O3;2300000;50000;00-28-59
run_opt_test0_O3;2300000;50000;00-28-59
run_opt_test0_O3;2300000;50000;00-28-59
run_opt_test0_O3;2300000;50000;00-28-59
run_opt_test0_O3;2300000;50000;00-28-59
run_opt_test0_O3;2300023;48000;00-28-59
run_opt_test0_O3;2300000;48000;00-29-00
run_opt_test0_O3;2100021;48000;00-29-00
run_opt_test0_O3;2300000;48000;00-29-00
run_opt_test0_O3;2300000;48000;00-29-00
run_opt_test0_O3;2300000;48000;00-29-00
run_opt_test0_O3;2299976;48000;00-29-00
run_opt_test0_O3;2300023;48000;00-29-00
run_opt_test0_O3;2300023;50000;00-29-00
run_opt_test0_O3;2300023;50000;00-29-01
run_opt_test0_O3;2300023;50000;00-29-01
run_opt_test0_O3;2300023;50000;00-29-01
run_opt_test0_O3;2000020;50000;00-29-01
run_opt_test0_O3;2299976;50000;00-29-01
run_opt_test0_O3;2299976;50000;00-29-01
run_opt_test0_O3;2300000;50000;00-29-01
run_opt_test0_O3;2300000;50000;00-29-02
run_opt_test0_O3;2299976;50000;00-29-02
run_opt_test0_O3;2300000;50000;00-29-02
run_opt_test0_O3;2300000;50000;00-29-02
run_opt_test0_O3;2300000;50000;00-29-02
run_opt_test0_O3;2299976;50000;00-29-02
run_opt_test0_O3;2300000;50000;00-29-02
run_opt_test0_O3;2300023;50000;00-29-03
run_opt_test0_O3;2300000;48000;00-29-03
run_opt_test0_O3;2300000;48000;00-29-03
run_opt_test0_O3;2300000;48000;00-29-03
run_opt_test0_O3;2300000;48000;00-29-03
run_opt_test0_O3;2300000;48000;00-29-03
run_opt_test0_O3;2300000;48000;00-29-03
run_opt_test0_O3;2300023;48000;00-29-04
run_opt_test0_O3;2300000;48000;00-29-04
run_opt_test0_O3;2300023;50000;00-29-04
run_opt_test0_O3;2300000;50000;00-29-04
run_opt_test0_O3;2300023;50000;00-29-04
run_opt_test0_O3;2300023;50000;00-29-04
run_opt_test0_O3;2300000;50000;00-29-04
run_opt_test0_O3;2300023;50000;00-29-05
run_opt_test0_O3;2300023;50000;00-29-05
run_opt_test0_O3;2300023;50000;00-29-05
run_opt_test0_O3;2300000;50000;00-29-05
run_opt_test0_O3;2300000;50000;00-29-05
run_opt_test0_O3;2300023;50000;00-29-05
run_opt_test0_O3;2299976;50000;00-29-05
run_opt_test0_O3;2300000;50000;00-29-05
run_opt_test0_O3;2300000;50000;00-29-06
run_opt_test0_O3;2300000;50000;00-29-06
run_opt_test0_O3;2300023;50000;00-29-06
run_opt_test0_O3;2300000;50000;00-29-06
run_opt_test0_O3;1999979;50000;00-29-06
run_opt_test0_O3;2300000;50000;00-29-06
run_opt_test0_O3;2300000;50000;00-29-06
run_opt_test0_O3;2300000;50000;00-29-07
run_opt_test0_O3;2300000;50000;00-29-07
run_opt_test0_O3;2200000;50000;00-29-07
run_opt_test0_O3;2300000;50000;00-29-07
run_opt_test0_O3;2300000;50000;00-29-07
run_opt_test0_O3;2299976;50000;00-29-07
run_opt_test0_O3;2300000;50000;00-29-07
run_opt_test0_O3;2300000;50000;00-29-08
run_opt_test0_O3;2000000;50000;00-29-08
run_opt_test0_O3;2300000;50000;00-29-08
run_opt_test0_O3;2300000;50000;00-29-08
run_opt_test0_O3;2300000;50000;00-29-08
run_opt_test0_O3;2300000;50000;00-29-08
run_opt_test0_O3;2300000;50000;00-29-08
run_opt_test0_O3;2300023;50000;00-29-09
run_opt_test0_O3;2299976;50000;00-29-09
run_opt_test0_O3;2300000;50000;00-29-09
run_opt_test0_O3;2300000;50000;00-29-09
run_opt_test0_O3;2299976;50000;00-29-09
run_opt_test0_O3;2300000;50000;00-29-09
run_opt_test0_O3;2300023;50000;00-29-09
run_opt_test0_O3;2300000;50000;00-29-10
run_opt_test0_O3;2300023;50000;00-29-10
run_opt_test0_O3;2300000;50000;00-29-10
run_opt_test0_O3;2300000;50000;00-29-10
run_opt_test0_O3;2300000;50000;00-29-10
run_opt_test0_O3;2300000;50000;00-29-10
run_opt_test0_O3;2300000;50000;00-29-10
run_opt_test0_O3;2000000;50000;00-29-11
run_opt_test0_O3;2299953;50000;00-29-11
run_opt_test0_O3;2300000;50000;00-29-11
run_opt_test0_O3;2300000;50000;00-29-11
run_opt_test0_O3;2000000;50000;00-29-11
run_opt_test0_O3;2200022;50000;00-29-11
run_opt_test0_O3;2300000;50000;00-29-11
run_opt_test0_O3;2300000;48000;00-29-12
run_opt_test0_O3;1900000;48000;00-29-12
run_opt_test0_O3;2200000;48000;00-29-12
run_opt_test0_O3;2000000;48000;00-29-12
run_opt_test0_O3;2300000;48000;00-29-12
run_opt_test0_O3;2300000;48000;00-29-12
run_opt_test0_O3;2299976;48000;00-29-12
run_opt_test0_O3;2300023;48000;00-29-12
run_opt_test0_O3;2299976;50000;00-29-13
run_opt_test0_O3;2299976;50000;00-29-13
run_opt_test0_O3;2300023;50000;00-29-13
run_opt_test0_O3;2300000;50000;00-29-13
run_opt_test0_O3;2300000;50000;00-29-13
run_opt_test0_O3;2300000;50000;00-29-13
run_opt_test0_O3;2300023;50000;00-29-13
run_opt_test0_O3;2300000;50000;00-29-14
run_opt_test0_O3;2300000;50000;00-29-14
run_opt_test0_O3;2300000;50000;00-29-14
run_opt_test0_O3;2300046;50000;00-29-14
run_opt_test0_O3;2300023;50000;00-29-14
run_opt_test0_O3;2300023;50000;00-29-14
run_opt_test0_O3;2299815;50000;00-29-14
run_opt_test0_O3;2300000;50000;00-29-15
run_opt_test0_O3;2300000;50000;00-29-15
run_opt_test0_O3;2299976;50000;00-29-15
run_opt_test0_O3;2300023;50000;00-29-15
run_opt_test0_O3;2299976;50000;00-29-15
run_opt_test0_O3;2300023;50000;00-29-15
run_opt_test0_O3;2100000;50000;00-29-15
run_opt_test0_O3;2300000;50000;00-29-16
run_opt_test0_O3;2300000;50000;00-29-16
run_opt_test0_O3;2300000;50000;00-29-16
run_opt_test0_O3;2299976;48000;00-29-16
run_opt_test0_O3;2300000;48000;00-29-16
run_opt_test0_O3;2199977;48000;00-29-16
run_opt_test0_O3;2300000;48000;00-29-16
run_opt_test0_O3;2299976;48000;00-29-17
run_opt_test0_O3;2300023;48000;00-29-17
run_opt_test0_O3;2300000;48000;00-29-17
run_opt_test0_O3;2300023;48000;00-29-17
run_opt_test0_O3;2300000;50000;00-29-17
run_opt_test0_O3;2300000;50000;00-29-17
run_opt_test0_O3;2300000;50000;00-29-17
run_opt_test0_O3;2300000;50000;00-29-18
run_opt_test0_O3;2300000;50000;00-29-18
run_opt_test0_O3;2300000;50000;00-29-18
run_opt_test0_O3;2300000;50000;00-29-18
run_opt_test0_O3;2300000;50000;00-29-18
run_opt_test0_O3;2300000;50000;00-29-18
run_opt_test0_O3;2300000;50000;00-29-18
run_opt_test0_O3;2300000;50000;00-29-19
run_opt_test0_O3;2300023;50000;00-29-19
run_opt_test0_O3;2200000;50000;00-29-19
run_opt_test0_O3;2300000;50000;00-29-19
run_opt_test0_O3;2299976;50000;00-29-19
run_opt_test0_O3;2300000;50000;00-29-19
run_opt_test0_O3;2300000;50000;00-29-19
run_opt_test0_O3;2300000;50000;00-29-20
run_opt_test0_O3;2300000;50000;00-29-20
run_opt_test0_O3;2299976;50000;00-29-20
run_opt_test0_O3;2299976;50000;00-29-20
run_opt_test0_O3;2300000;50000;00-29-20
run_opt_test0_O3;2000000;50000;00-29-20
run_opt_test0_O3;2300000;50000;00-29-20
run_opt_test0_O3;2299976;50000;00-29-21
run_opt_test0_O3;2300000;50000;00-29-21
run_opt_test0_O3;2300000;50000;00-29-21
run_opt_test0_O3;2100021;50000;00-29-21
run_opt_test0_O3;2300023;50000;00-29-21
run_opt_test0_O3;2300023;50000;00-29-21
run_opt_test0_O3;2300000;50000;00-29-21
run_opt_test0_O3;2300000;50000;00-29-22
run_opt_test0_O3;2300000;50000;00-29-22
run_opt_test0_O3;2299976;50000;00-29-22
run_opt_test0_O3;2300000;50000;00-29-22
run_opt_test0_O3;2300000;50000;00-29-22
run_opt_test0_O3;2300000;50000;00-29-22
run_opt_test0_O3;2300000;50000;00-29-22
run_opt_test0_O3;2299815;50000;00-29-22
run_opt_test0_O3;2300000;50000;00-29-23
run_opt_test0_O3;2300023;50000;00-29-23
run_opt_test0_O3;2300000;50000;00-29-23
run_opt_test0_O3;2300000;50000;00-29-23
run_opt_test0_O3;2300000;50000;00-29-23
run_opt_test0_O3;2300000;50000;00-29-23
run_opt_test0_O3;2200000;50000;00-29-23
run_opt_test0_O3;2300000;50000;00-29-24
run_opt_test0_O3;2300000;50000;00-29-24
run_opt_test0_O3;2300000;50000;00-29-24
run_opt_test0_O3;2300000;50000;00-29-24
run_opt_test0_O3;2300023;50000;00-29-24
run_opt_test0_O3;2300000;50000;00-29-24
run_opt_test0_O3;2300000;50000;00-29-24
run_opt_test0_O3;2300023;50000;00-29-25
run_opt_test0_O3;2099978;50000;00-29-25
run_opt_test0_O3;2300000;50000;00-29-25
run_opt_test0_O3;2299976;50000;00-29-25
run_opt_test0_O3;2300000;50000;00-29-25
run_opt_test0_O3;2200000;50000;00-29-25
run_opt_test0_O3;2300023;50000;00-29-25
run_opt_test0_O3;2300000;50000;00-29-26
run_opt_test0_O3;2300000;50000;00-29-26
run_opt_test0_O3;2300000;50000;00-29-26
run_opt_test0_O3;2300000;50000;00-29-26
run_opt_test0_O3;2300000;50000;00-29-26
run_opt_test0_O3;2300000;50000;00-29-26
run_opt_test0_O3;2200000;50000;00-29-26
run_opt_test0_O3;2300023;50000;00-29-27
run_opt_test0_O3;2300000;50000;00-29-27
run_opt_test0_O3;2300000;50000;00-29-27
run_opt_test0_O3;2300000;50000;00-29-27
run_opt_test0_O3;2300000;50000;00-29-27
run_opt_test0_O3;2200000;50000;00-29-27
run_opt_test0_O3;1799981;50000;00-29-27
run_opt_test0_O3;2300000;50000;00-29-28
run_opt_test0_O3;2300000;50000;00-29-28
run_opt_test0_O3;2300000;50000;00-29-28
run_opt_test0_O3;2300023;50000;00-29-28
run_opt_test0_O3;2300000;50000;00-29-28
run_opt_test0_O3;2300000;50000;00-29-28
run_opt_test0_O3;2300000;50000;00-29-28
run_opt_test0_O3;2300023;50000;00-29-29
run_opt_test0_O3;2299976;50000;00-29-29
run_opt_test0_O3;2300000;50000;00-29-29
run_opt_test0_O3;2300023;50000;00-29-29
run_opt_test0_O3;2300000;50000;00-29-29
run_opt_test0_O3;2300000;50000;00-29-29
run_opt_test0_O3;2300000;50000;00-29-29
run_opt_test0_O3;2200022;50000;00-29-29
run_opt_test0_O3;2300000;50000;00-29-30
run_opt_test0_O3;2300000;50000;00-29-30
run_opt_test0_O3;2300000;50000;00-29-30
run_opt_test0_O3;2300000;50000;00-29-30
run_opt_test0_O3;2300000;50000;00-29-30
run_opt_test0_O3;2300000;50000;00-29-30
run_opt_test0_O3;2299976;50000;00-29-30
run_opt_test0_O3;2299976;50000;00-29-31
run_opt_test0_O3;2299976;50000;00-29-31
run_opt_test0_O3;2300023;50000;00-29-31
run_opt_test0_O3;2300023;50000;00-29-31
run_opt_test0_O3;2300000;50000;00-29-31
run_opt_test0_O3;2300000;50000;00-29-31
run_opt_test0_O3;2300000;50000;00-29-31
run_opt_test0_O3;2100000;50000;00-29-32
run_opt_test0_O3;2300023;50000;00-29-32
run_opt_test0_O3;2300023;50000;00-29-32
run_opt_test0_O3;2300000;50000;00-29-32
run_opt_test0_O3;2300000;50000;00-29-32
run_opt_test0_O3;2300000;50000;00-29-32
run_opt_test0_O3;2300023;50000;00-29-32
run_opt_test0_O3;2300023;50000;00-29-33
run_opt_test0_O3;2300000;50000;00-29-33
run_opt_test0_O3;2299976;50000;00-29-33
run_opt_test0_O3;2300000;50000;00-29-33
run_opt_test0_O3;2300000;50000;00-29-33
run_opt_test0_O3;2100021;50000;00-29-33
run_opt_test0_O3;2300023;50000;00-29-33
run_opt_test0_O3;2199977;50000;00-29-34
run_opt_test0_O3;2300000;50000;00-29-34
run_opt_test0_O3;2300000;50000;00-29-34
run_opt_test0_O3;2300000;50000;00-29-34
run_opt_test0_O3;2299976;50000;00-29-34
run_opt_test0_O3;2300000;50000;00-29-34
run_opt_test0_O3;2300000;50000;00-29-34
run_opt_test0_O3;2300000;50000;00-29-35
run_opt_test0_O3;2300000;50000;00-29-35
run_opt_test0_O3;2300023;50000;00-29-35
run_opt_test0_O3;2299976;50000;00-29-35
run_opt_test0_O3;2299976;50000;00-29-35
run_opt_test0_O3;2300000;50000;00-29-35
run_opt_test0_O3;2300023;50000;00-29-35
run_opt_test0_O3;2300000;50000;00-29-36
run_opt_test0_O3;2300000;50000;00-29-36
run_opt_test0_O3;2299976;50000;00-29-36
run_opt_test0_O3;2300000;50000;00-29-36
run_opt_test0_O3;2300000;50000;00-29-36
run_opt_test0_O3;2300000;50000;00-29-36
run_opt_test0_O3;2300023;50000;00-29-36
run_opt_test0_O3;2300000;50000;00-29-36
run_opt_test0_O3;2299976;50000;00-29-37
run_opt_test0_O3;2300000;50000;00-29-37
run_opt_test0_O3;2300000;50000;00-29-37
run_opt_test0_O3;2300000;50000;00-29-37
run_opt_test0_O3;2300000;50000;00-29-37
run_opt_test0_O3;2100000;50000;00-29-37
run_opt_test0_O3;2300023;50000;00-29-37
run_opt_test0_O3;2300000;50000;00-29-38
run_opt_test0_O3;2300023;50000;00-29-38
run_opt_test0_O3;2300023;50000;00-29-38
run_opt_test0_O3;2300000;50000;00-29-38
run_opt_test0_O3;1900000;50000;00-29-38
run_opt_test0_O3;2300000;50000;00-29-38
run_opt_test0_O3;2299976;50000;00-29-38
run_opt_test0_O3;2300000;50000;00-29-39
run_opt_test0_O3;2300000;50000;00-29-39
run_opt_test0_O3;2300000;50000;00-29-39
run_opt_test0_O3;2300000;50000;00-29-39
run_opt_test0_O3;2300000;50000;00-29-39
run_opt_test0_O3;2100021;50000;00-29-39
run_opt_test0_O3;2300000;50000;00-29-39
run_opt_test0_O3;2299976;50000;00-29-40
run_opt_test0_O3;2300000;50000;00-29-40
run_opt_test0_O3;2300000;50000;00-29-40
run_opt_test0_O3;2299976;50000;00-29-40
run_opt_test0_O3;2300000;50000;00-29-40
run_opt_test0_O3;2300023;50000;00-29-40
run_opt_test0_O3;2300000;50000;00-29-40
run_opt_test0_O3;2300023;50000;00-29-41
run_opt_test0_O3;2300000;50000;00-29-41
run_opt_test0_O3;2300000;50000;00-29-41
run_opt_test0_O3;2100021;50000;00-29-41
run_opt_test0_O3;1800000;50000;00-29-41
run_opt_test0_O3;2300000;50000;00-29-41
run_opt_test0_O3;2300000;50000;00-29-41
run_opt_test0_O3;2300000;50000;00-29-41
run_opt_test0_O3;2100000;50000;00-29-42
run_opt_test0_O3;2300000;50000;00-29-42
run_opt_test0_O3;2300000;50000;00-29-42
run_opt_test0_O3;2300000;50000;00-29-42
run_opt_test0_O3;2300000;50000;00-29-42
run_opt_test0_O3;2300000;50000;00-29-42
run_opt_test0_O3;2300000;50000;00-29-42
run_opt_test0_O3;2100000;50000;00-29-43
run_opt_test0_O3;2300000;50000;00-29-43
run_opt_test0_O3;2300000;50000;00-29-43
run_opt_test0_O3;2300000;50000;00-29-43
run_opt_test0_O3;2300000;50000;00-29-43
run_opt_test0_O3;2300023;50000;00-29-43
run_opt_test0_O3;2300000;50000;00-29-43
run_opt_test0_O3;2300000;50000;00-29-44
run_opt_test0_O3;2300000;50000;00-29-44
run_opt_test0_O3;2300023;50000;00-29-44
run_opt_test0_O3;2300000;50000;00-29-44
run_opt_test0_O3;2300000;50000;00-29-44
run_opt_test0_O3;2300000;50000;00-29-44
run_opt_test0_O3;2299976;50000;00-29-44
run_opt_test0_O3;2300023;50000;00-29-45
run_opt_test0_O3;2099978;50000;00-29-45
run_opt_test0_O3;2300000;50000;00-29-45
run_opt_test0_O3;2300000;50000;00-29-45
run_opt_test0_O3;2300000;50000;00-29-45
run_opt_test0_O3;2300000;50000;00-29-45
run_opt_test0_O3;2300000;50000;00-29-45
run_opt_test0_O3;2300000;50000;00-29-46
run_opt_test0_O3;2300000;50000;00-29-46
run_opt_test0_O3;2300023;50000;00-29-46
run_opt_test0_O3;2299976;50000;00-29-46
run_opt_test0_O3;2299976;50000;00-29-46
run_opt_test0_O3;2300000;50000;00-29-46
run_opt_test0_O3;2100021;50000;00-29-46
run_opt_test0_O3;2300000;50000;00-29-47
run_opt_test0_O3;2300000;50000;00-29-47
run_opt_test0_O3;2300000;50000;00-29-47
run_opt_test0_O3;2300000;50000;00-29-47
run_opt_test0_O3;2300000;50000;00-29-47
run_opt_test0_O3;2300000;50000;00-29-47
run_opt_test0_O3;2300000;50000;00-29-47
run_opt_test0_O3;2300000;50000;00-29-47
run_opt_test0_O3;2300000;50000;00-29-48
run_opt_test0_O3;2300000;50000;00-29-48
run_opt_test0_O3;2300000;50000;00-29-48
run_opt_test0_O3;2300000;50000;00-29-48
run_opt_test0_O3;2300023;50000;00-29-48
run_opt_test0_O3;2200000;50000;00-29-48
run_opt_test0_O3;2300000;50000;00-29-48
run_opt_test0_O3;2300000;50000;00-29-49
run_opt_test0_O3;2300000;50000;00-29-49
run_opt_test0_O3;2300023;50000;00-29-49
run_opt_test0_O3;2300000;50000;00-29-49
run_opt_test0_O3;2299976;50000;00-29-49
run_opt_test0_O3;2200022;50000;00-29-49
run_opt_test0_O3;2300000;50000;00-29-49
run_opt_test0_O3;2300000;50000;00-29-50
run_opt_test0_O3;2299976;50000;00-29-50
run_opt_test0_O3;2300023;50000;00-29-50
run_opt_test0_O3;2300000;50000;00-29-50
run_opt_test0_O3;2300000;50000;00-29-50
run_opt_test0_O3;2300000;50000;00-29-50
run_opt_test0_O3;2300000;50000;00-29-50
run_opt_test0_O3;2300000;50000;00-29-51
run_opt_test0_O3;2300000;50000;00-29-51
run_opt_test0_O3;2300000;50000;00-29-51
run_opt_test0_O3;2300000;50000;00-29-51
run_opt_test0_O3;1999979;50000;00-29-51
run_opt_test0_O3;2300000;50000;00-29-51
run_opt_test0_O3;2300000;50000;00-29-51
run_opt_test0_O3;2300000;50000;00-29-51
run_opt_test0_O3;2300000;50000;00-29-52
run_opt_test0_O3;2300000;50000;00-29-52
run_opt_test0_O3;2300000;50000;00-29-52
run_opt_test0_O3;2300000;50000;00-29-52
run_opt_test0_O3;2299976;50000;00-29-52
run_opt_test0_O3;2199977;50000;00-29-52
run_opt_test0_O3;2300000;50000;00-29-52
run_opt_test0_O3;2299976;50000;00-29-53
run_opt_test0_O3;2300000;50000;00-29-53
run_opt_test0_O3;2300000;50000;00-29-53
run_opt_test0_O3;2300000;50000;00-29-53
run_opt_test0_O3;2300000;50000;00-29-53
run_opt_test0_O3;2300000;50000;00-29-53
run_opt_test0_O3;2299976;50000;00-29-53
run_opt_test0_O3;2300023;50000;00-29-54
run_opt_test0_O3;2300000;50000;00-29-54
run_opt_test0_O3;2300000;50000;00-29-54
run_opt_test0_O3;2300000;50000;00-29-54
run_opt_test0_O3;2300000;50000;00-29-54
run_opt_test0_O3;2300000;50000;00-29-54
run_opt_test0_O3;2299976;50000;00-29-54
run_opt_test0_O3;2300023;50000;00-29-55
run_opt_test0_O3;2300023;50000;00-29-55
run_opt_test0_O3;2300000;50000;00-29-55
run_opt_test0_O3;2300023;50000;00-29-55
run_opt_test0_O3;2299976;50000;00-29-55
run_opt_test0_O3;2300023;50000;00-29-55
run_opt_test0_O3;2000020;50000;00-29-55
run_opt_test0_O3;2200000;50000;00-29-55
run_opt_test0_O3;2300000;50000;00-29-56
run_opt_test0_O3;2300023;50000;00-29-56
run_opt_test0_O3;2300000;50000;00-29-56
run_opt_test0_O3;2300000;50000;00-29-56
run_opt_test0_O3;2299976;50000;00-29-56
run_opt_test0_O3;2300000;50000;00-29-56
run_opt_test0_O3;2000020;50000;00-29-56
run_opt_test0_O3;2099978;50000;00-29-57
run_opt_test0_O3;2299976;50000;00-29-57
run_opt_test0_O3;2300023;50000;00-29-57
run_opt_test0_O3;2300000;50000;00-29-57
run_opt_test0_O3;2300000;50000;00-29-57
run_opt_test0_O3;2299976;50000;00-29-57
run_opt_test0_O3;2299976;50000;00-29-57
run_opt_test0_O3;2300023;50000;00-29-58
run_opt_test0_O3;2099978;50000;00-29-58
run_opt_test0_O3;2300000;50000;00-29-58
run_opt_test0_O3;2200000;50000;00-29-58
run_opt_test0_O3;2300000;50000;00-29-58
run_opt_test0_O3;2300023;50000;00-29-58
run_opt_test0_O3;2300000;50000;00-29-58
run_opt_test0_O3;2300023;50000;00-29-59
run_opt_test0_O3;2300000;50000;00-29-59
run_opt_test0_O3;2300000;50000;00-29-59
run_opt_test0_O3;2300000;50000;00-29-59
run_opt_test0_O3;2300023;50000;00-29-59
run_opt_test0_O3;2300000;50000;00-29-59
run_opt_test0_O3;2300000;50000;00-29-59
run_opt_test0_O3;2299976;50000;00-30-00
run_opt_test0_O3;2300023;50000;00-30-00
run_opt_test0_O3;2300000;50000;00-30-00
run_opt_test0_O3;2300000;50000;00-30-00
run_opt_test0_O3;2299976;50000;00-30-00
run_opt_test0_O3;2300000;50000;00-30-00
run_opt_test0_O3;2300000;50000;00-30-00
run_opt_test0_O3;2300000;50000;00-30-00
run_opt_test0_O3;2300023;50000;00-30-01
run_opt_test0_O3;2300000;50000;00-30-01
run_opt_test0_O3;2300000;50000;00-30-01
run_opt_test0_O3;2300000;50000;00-30-01
run_opt_test0_O3;2300000;50000;00-30-01
run_opt_test0_O3;2300023;50000;00-30-01
run_opt_test0_O3;2300000;50000;00-30-01
run_opt_test0_O3;2300000;50000;00-30-02
run_opt_test0_O3;2300000;50000;00-30-02
run_opt_test0_O3;2300000;50000;00-30-02
run_opt_test0_O3;2300000;50000;00-30-02
run_opt_test0_O3;2300000;50000;00-30-02
run_opt_test0_O3;2300023;50000;00-30-02
run_opt_test0_O3;2300023;50000;00-30-02
run_opt_test0_O3;2299976;50000;00-30-03
run_opt_test0_O3;2300000;50000;00-30-03
run_opt_test0_O3;2300023;50000;00-30-03
run_opt_test0_O3;2300023;50000;00-30-03
run_opt_test0_O3;1800018;50000;00-30-03
run_opt_test0_O3;2299976;50000;00-30-03
run_opt_test0_O3;2200000;50000;00-30-03
run_opt_test0_O3;1799981;50000;00-30-04
run_opt_test0_O3;2299976;50000;00-30-04
run_opt_test0_O3;2299976;50000;00-30-04
run_opt_test0_O3;2300000;50000;00-30-04
run_opt_test0_O3;2300000;50000;00-30-04
run_opt_test0_O3;2300000;50000;00-30-04
run_opt_test0_O3;2300000;50000;00-30-04
run_opt_test0_O3;2300000;50000;00-30-05
run_opt_test0_O3;2300000;50000;00-30-05
run_opt_test0_O3;2299976;50000;00-30-05
run_opt_test0_O3;2300000;50000;00-30-05
run_opt_test0_O3;2300000;50000;00-30-05
run_opt_test0_O3;2300000;50000;00-30-05
run_opt_test0_O3;2300000;50000;00-30-05
run_opt_test0_O3;2300000;50000;00-30-06
run_opt_test0_O3;2299976;50000;00-30-06
run_opt_test0_O3;2300000;50000;00-30-06
run_opt_test0_O3;2299976;50000;00-30-06
run_opt_test0_O3;2299976;50000;00-30-06
run_opt_test0_O3;2299976;50000;00-30-06
run_opt_test0_O3;2300000;50000;00-30-06
run_opt_test0_O3;2300023;50000;00-30-06
run_opt_test0_O3;2100021;50000;00-30-07
run_opt_test0_O3;2300000;50000;00-30-07
run_opt_test0_O3;2299976;50000;00-30-07
run_opt_test0_O3;2300000;50000;00-30-07
run_opt_test0_O3;2300000;50000;00-30-07
run_opt_test0_O3;2300000;50000;00-30-07
run_opt_test0_O3;2299976;50000;00-30-07
run_opt_test0_O3;2300000;50000;00-30-08
run_opt_test0_O3;2300000;50000;00-30-08
run_opt_test0_O3;2100021;50000;00-30-08
run_opt_test0_O3;2299976;50000;00-30-08
run_opt_test0_O3;2300000;52000;00-30-08
run_opt_test0_O3;2300000;52000;00-30-08
run_opt_test0_O3;2300000;52000;00-30-08
run_opt_test0_O3;2300000;52000;00-30-09
run_opt_test0_O3;2300000;52000;00-30-09
run_opt_test0_O3;2300000;52000;00-30-09
run_opt_test0_O3;2300000;52000;00-30-09
run_opt_test0_O3;2300000;50000;00-30-09
run_opt_test0_O3;2300000;50000;00-30-09
run_opt_test0_O3;2299976;50000;00-30-09
run_opt_test0_O3;2300000;50000;00-30-10
run_opt_test0_O3;2300000;50000;00-30-10
run_opt_test0_O3;2300000;50000;00-30-10
run_opt_test0_O3;2300000;50000;00-30-10
run_opt_test0_O3;2300023;50000;00-30-10
run_opt_test0_O3;2299976;50000;00-30-10
run_opt_test0_O3;2300000;50000;00-30-10
run_opt_test0_O3;2300000;50000;00-30-11
run_opt_test0_O3;2300000;50000;00-30-11
run_opt_test0_O3;2300023;50000;00-30-11
run_opt_test0_O3;2300000;50000;00-30-11
run_opt_test0_O3;2299976;50000;00-30-11
run_opt_test0_O3;2300000;50000;00-30-11
run_opt_test0_O3;2300000;50000;00-30-11
run_opt_test0_O3;2300000;50000;00-30-12
run_opt_test0_O3;2300023;50000;00-30-12
run_opt_test0_O3;2300000;50000;00-30-12
run_opt_test0_O3;2300000;50000;00-30-12
run_opt_test0_O3;2300000;50000;00-30-12
run_opt_test0_O3;2099978;50000;00-30-12
run_opt_test0_O3;2300000;50000;00-30-12
run_opt_test0_O3;2299976;50000;00-30-13
run_opt_test0_O3;2300000;50000;00-30-13
run_opt_test0_O3;2299976;50000;00-30-13
run_opt_test0_O3;2300000;50000;00-30-13
run_opt_test0_O3;2300023;50000;00-30-13
run_opt_test0_O3;2300000;50000;00-30-13
run_opt_test0_O3;2300000;50000;00-30-13
run_opt_test0_O3;2299976;50000;00-30-13
run_opt_test0_O3;2300000;50000;00-30-14
run_opt_test0_O3;2300000;50000;00-30-14
run_opt_test0_O3;2099978;50000;00-30-14
run_opt_test0_O3;2300000;50000;00-30-14
run_opt_test0_O3;2299976;50000;00-30-14
run_opt_test0_O3;2300000;50000;00-30-14
run_opt_test0_O3;2300000;50000;00-30-14
run_opt_test0_O3;2300000;50000;00-30-15
run_opt_test0_O3;2300000;50000;00-30-15
run_opt_test0_O3;2300000;50000;00-30-15
run_opt_test0_O3;2100000;50000;00-30-15
run_opt_test0_O3;2300023;50000;00-30-15
run_opt_test0_O3;2300000;50000;00-30-15
run_opt_test0_O3;2300000;50000;00-30-15
run_opt_test0_O3;2100000;50000;00-30-16
run_opt_test0_O3;2000020;50000;00-30-16
run_opt_test0_O3;2300000;50000;00-30-16
run_opt_test0_O3;2300023;50000;00-30-16
run_opt_test0_O3;2300023;50000;00-30-16
run_opt_test0_O3;2300000;50000;00-30-16
run_opt_test0_O3;2300023;50000;00-30-16
run_opt_test0_O3;2300000;50000;00-30-17
run_opt_test0_O3;2300000;50000;00-30-17
run_opt_test0_O3;2300000;50000;00-30-17
run_opt_test0_O3;2300000;50000;00-30-17
run_opt_test0_O3;2300000;50000;00-30-17
run_opt_test0_O3;2299976;50000;00-30-17
run_opt_test0_O3;2300000;50000;00-30-17
run_opt_test0_O3;2300000;50000;00-30-18
run_opt_test0_O3;2300000;50000;00-30-18
run_opt_test0_O3;2300000;50000;00-30-18
run_opt_test0_O3;2300000;52000;00-30-18
run_opt_test0_O3;2300000;52000;00-30-18
run_opt_test0_O3;2299976;52000;00-30-18
run_opt_test0_O3;2299976;52000;00-30-18
run_opt_test0_O3;2300000;52000;00-30-19
run_opt_test0_O3;2300000;52000;00-30-19
run_opt_test0_O3;2300000;52000;00-30-19
run_opt_test0_O3;2200022;52000;00-30-19
run_opt_test0_O3;2300000;50000;00-30-19
run_opt_test0_O3;2300000;50000;00-30-19
run_opt_test0_O3;2300000;50000;00-30-19
run_opt_test0_O3;2300000;50000;00-30-20
run_opt_test0_O3;2300000;50000;00-30-20
run_opt_test0_O3;2299976;50000;00-30-20
run_opt_test0_O3;2000020;50000;00-30-20
run_opt_test0_O3;2300184;50000;00-30-20
run_opt_test0_O3;2299976;52000;00-30-20
run_opt_test0_O3;2300000;52000;00-30-20
run_opt_test0_O3;2299976;52000;00-30-21
run_opt_test0_O3;2300000;52000;00-30-21
run_opt_test0_O3;2300000;52000;00-30-21
run_opt_test0_O3;2300000;52000;00-30-21
run_opt_test0_O3;2300000;52000;00-30-21
run_opt_test0_O3;2300000;52000;00-30-21
run_opt_test0_O3;2300000;52000;00-30-21
run_opt_test0_O3;2300000;52000;00-30-22
run_opt_test0_O3;2299976;52000;00-30-22
run_opt_test0_O3;2299976;52000;00-30-22
run_opt_test0_O3;2199977;52000;00-30-22
run_opt_test0_O3;2300000;52000;00-30-22
run_opt_test0_O3;2299976;52000;00-30-22
run_opt_test0_O3;2299976;52000;00-30-22
run_opt_test0_O3;2300000;52000;00-30-22
run_opt_test0_O3;2299976;52000;00-30-23
run_opt_test0_O3;2299976;52000;00-30-23
run_opt_test0_O3;2300000;52000;00-30-23
run_opt_test0_O3;2300000;52000;00-30-23
run_opt_test0_O3;2299976;52000;00-30-23
run_opt_test0_O3;2300000;52000;00-30-23
run_opt_test0_O3;2300023;52000;00-30-23
run_opt_test0_O3;2300000;52000;00-30-24
run_opt_test0_O3;2300000;52000;00-30-24
run_opt_test0_O3;2300000;52000;00-30-24
run_opt_test0_O3;2300000;52000;00-30-24
run_opt_test0_O3;2300000;52000;00-30-24
run_opt_test0_O3;2300000;52000;00-30-24
run_opt_test0_O3;2299976;52000;00-30-24
run_opt_test0_O3;2300000;52000;00-30-25
run_opt_test0_O3;2300000;52000;00-30-25
run_opt_test0_O3;2300000;52000;00-30-25
run_opt_test0_O3;2300000;52000;00-30-25
run_opt_test0_O3;2300023;52000;00-30-25
run_opt_test0_O3;2300023;52000;00-30-25
run_opt_test0_O3;2300000;52000;00-30-25
run_opt_test0_O3;2100000;52000;00-30-26
run_opt_test0_O3;2300000;52000;00-30-26
run_opt_test0_O3;2300000;52000;00-30-26
run_opt_test0_O3;2300046;52000;00-30-26
run_opt_test0_O3;2300000;52000;00-30-26
run_opt_test0_O3;2300000;52000;00-30-26
run_opt_test0_O3;2300000;52000;00-30-26
run_opt_test0_O3;2300000;52000;00-30-27
run_opt_test0_O3;2300000;52000;00-30-27
run_opt_test0_O3;2300000;52000;00-30-27
run_opt_test0_O3;2300000;50000;00-30-27
run_opt_test0_O3;2300023;50000;00-30-27
run_opt_test0_O3;2300000;50000;00-30-27
run_opt_test0_O3;2300000;50000;00-30-27
run_opt_test0_O3;2300000;50000;00-30-27
run_opt_test0_O3;2300000;50000;00-30-28
run_opt_test0_O3;2300023;50000;00-30-28
run_opt_test0_O3;2299976;50000;00-30-28
run_opt_test0_O3;2300023;52000;00-30-28
run_opt_test0_O3;2299976;52000;00-30-28
run_opt_test0_O3;2300000;52000;00-30-28
run_opt_test0_O3;2300000;52000;00-30-28
run_opt_test0_O3;2300000;52000;00-30-29
run_opt_test0_O3;2300000;52000;00-30-29
run_opt_test0_O3;2300000;52000;00-30-29
run_opt_test0_O3;2300000;52000;00-30-29
run_opt_test0_O3;2300000;52000;00-30-29
run_opt_test0_O3;2299976;52000;00-30-29
run_opt_test0_O3;2299976;52000;00-30-29
run_opt_test0_O3;2300023;52000;00-30-30
run_opt_test0_O3;2300000;52000;00-30-30
run_opt_test0_O3;2300000;52000;00-30-30
run_opt_test0_O3;2300023;52000;00-30-30
run_opt_test0_O3;2299976;52000;00-30-30
run_opt_test0_O3;2300000;50000;00-30-30
run_opt_test0_O3;2299976;50000;00-30-30
run_opt_test0_O3;2300000;50000;00-30-31
run_opt_test0_O3;2300000;50000;00-30-31
run_opt_test0_O3;2300000;50000;00-30-31
run_opt_test0_O3;2300000;50000;00-30-31
run_opt_test0_O3;2300023;50000;00-30-31
run_opt_test0_O3;2300000;50000;00-30-31
run_opt_test0_O3;2300000;52000;00-30-31
run_opt_test0_O3;2300000;52000;00-30-32
run_opt_test0_O3;2300000;52000;00-30-32
run_opt_test0_O3;2300000;52000;00-30-32
run_opt_test0_O3;2100021;52000;00-30-32
run_opt_test0_O3;2300000;52000;00-30-32
run_opt_test0_O3;2200000;52000;00-30-32
run_opt_test0_O3;2300000;52000;00-30-32
run_opt_test0_O3;2300000;52000;00-30-33
run_opt_test0_O3;2299976;52000;00-30-33
run_opt_test0_O3;2300000;52000;00-30-33
run_opt_test0_O3;2300000;52000;00-30-33
run_opt_test0_O3;2300000;52000;00-30-33
run_opt_test0_O3;2300000;52000;00-30-33
run_opt_test0_O3;2300000;52000;00-30-33
run_opt_test0_O3;2299976;52000;00-30-34
run_opt_test0_O3;2300023;52000;00-30-34
run_opt_test0_O3;2300000;52000;00-30-34
run_opt_test0_O3;2300000;52000;00-30-34
run_opt_test0_O3;2300000;52000;00-30-34
run_opt_test0_O3;2300000;52000;00-30-34
run_opt_test0_O3;2300000;52000;00-30-34
run_opt_test0_O3;2300000;52000;00-30-35
run_opt_test0_O3;2300023;52000;00-30-35
run_opt_test0_O3;2300000;52000;00-30-35
run_opt_test0_O3;2300000;52000;00-30-35
run_opt_test0_O3;2000020;52000;00-30-35
run_opt_test0_O3;2300000;52000;00-30-35
run_opt_test0_O3;2300023;52000;00-30-35
run_opt_test0_O3;2300000;52000;00-30-36
run_opt_test0_O3;2300000;52000;00-30-36
run_opt_test0_O3;2300000;52000;00-30-36
run_opt_test0_O3;2300023;52000;00-30-36
run_opt_test0_O3;2300000;52000;00-30-36
run_opt_test0_O3;2000000;52000;00-30-36
run_opt_test0_O3;2300000;52000;00-30-36
run_opt_test0_O3;2300000;52000;00-30-37
run_opt_test0_O3;2300000;52000;00-30-37
run_opt_test0_O3;2300000;52000;00-30-37
run_opt_test0_O3;2300000;52000;00-30-37
run_opt_test0_O3;2300000;52000;00-30-37
run_opt_test0_O3;2299976;52000;00-30-37
run_opt_test0_O3;2300000;52000;00-30-37
run_opt_test0_O3;2300000;52000;00-30-37
run_opt_test0_O3;2299976;52000;00-30-38
run_opt_test0_O3;2300023;52000;00-30-38
run_opt_test0_O3;2300000;52000;00-30-38
run_opt_test0_O3;2300000;52000;00-30-38
run_opt_test0_O3;2300000;52000;00-30-38
run_opt_test0_O3;2300000;52000;00-30-38
run_opt_test0_O3;2300023;52000;00-30-38
run_opt_test0_O3;2300023;52000;00-30-39
run_opt_test0_O3;2300000;52000;00-30-39
run_opt_test0_O3;2300000;52000;00-30-39
run_opt_test0_O3;2300000;52000;00-30-39
run_opt_test0_O3;2300000;52000;00-30-39
run_opt_test0_O3;2299976;52000;00-30-39
run_opt_test0_O3;2300000;52000;00-30-39
run_opt_test0_O3;2300023;52000;00-30-40
run_opt_test0_O3;2300000;52000;00-30-40
run_opt_test0_O3;2299976;52000;00-30-40
run_opt_test0_O3;2300023;52000;00-30-40
run_opt_test0_O3;2300000;52000;00-30-40
run_opt_test0_O3;2300000;52000;00-30-40
run_opt_test0_O3;2299976;52000;00-30-40
run_opt_test0_O3;2300000;52000;00-30-41
run_opt_test0_O3;2299976;52000;00-30-41
run_opt_test0_O3;2300000;52000;00-30-41
run_opt_test0_O3;2300000;52000;00-30-41
run_opt_test0_O3;2300000;52000;00-30-41
run_opt_test0_O3;2300000;52000;00-30-41
run_opt_test0_O3;2300023;52000;00-30-41
run_opt_test0_O3;2300000;52000;00-30-42
run_opt_test0_O3;2300023;52000;00-30-42
run_opt_test0_O3;2300000;52000;00-30-42
run_opt_test0_O3;2300023;52000;00-30-42
run_opt_test0_O3;2300000;52000;00-30-42
run_opt_test0_O3;2300000;52000;00-30-42
run_opt_test0_O3;2300000;50000;00-30-42
run_opt_test0_O3;2300000;50000;00-30-43
run_opt_test0_O3;2300000;50000;00-30-43
run_opt_test0_O3;2300000;50000;00-30-43
run_opt_test0_O3;2300000;50000;00-30-43
run_opt_test0_O3;2299976;50000;00-30-43
run_opt_test0_O3;2300023;50000;00-30-43
run_opt_test0_O3;2300000;50000;00-30-43
run_opt_test0_O3;2300000;52000;00-30-44
run_opt_test0_O3;2300000;52000;00-30-44
run_opt_test0_O3;2300023;52000;00-30-44
run_opt_test0_O3;2300000;52000;00-30-44
run_opt_test0_O3;2300000;52000;00-30-44
run_opt_test0_O3;2300000;52000;00-30-44
run_opt_test0_O3;2299976;52000;00-30-44
run_opt_test0_O3;2300000;52000;00-30-44
run_opt_test0_O3;2300000;52000;00-30-45
run_opt_test0_O3;2299976;52000;00-30-45
run_opt_test0_O3;2300023;52000;00-30-45
run_opt_test0_O3;2300000;52000;00-30-45
run_opt_test0_O3;2300000;52000;00-30-45
run_opt_test0_O3;2299976;52000;00-30-45
run_opt_test0_O3;2300000;52000;00-30-45
run_opt_test0_O3;2300000;52000;00-30-46
run_opt_test0_O3;2200000;52000;00-30-46
run_opt_test0_O3;2300000;52000;00-30-46
run_opt_test0_O3;2299953;52000;00-30-46
run_opt_test0_O3;2300000;52000;00-30-46
run_opt_test0_O3;2299976;52000;00-30-46
run_opt_test0_O3;2300000;52000;00-30-46
run_opt_test0_O3;2300000;52000;00-30-47
run_opt_test0_O3;2300000;52000;00-30-47
run_opt_test0_O3;2300000;52000;00-30-47
run_opt_test0_O3;2300000;52000;00-30-47
run_opt_test0_O3;2299976;52000;00-30-47
run_opt_test0_O3;2300000;52000;00-30-47
run_opt_test0_O3;2300000;52000;00-30-47
run_opt_test0_O3;2300000;52000;00-30-48
run_opt_test0_O3;2300000;52000;00-30-48
run_opt_test0_O3;2300000;52000;00-30-48
run_opt_test0_O3;2300023;52000;00-30-48
run_opt_test0_O3;2299976;52000;00-30-48
run_opt_test0_O3;2300000;52000;00-30-48
run_opt_test0_O3;2300023;52000;00-30-48
run_opt_test0_O3;2100000;52000;00-30-49
run_opt_test0_O3;2300000;52000;00-30-49
run_opt_test0_O3;2300000;52000;00-30-49
run_opt_test0_O3;2300023;52000;00-30-49
run_opt_test0_O3;2300000;52000;00-30-49
run_opt_test0_O3;2300000;52000;00-30-49
run_opt_test0_O3;2300000;52000;00-30-49
run_opt_test0_O3;2299976;52000;00-30-50
run_opt_test0_O3;2300000;52000;00-30-50
run_opt_test0_O3;2299976;52000;00-30-50
run_opt_test0_O3;2000020;52000;00-30-50
run_opt_test0_O3;2300000;52000;00-30-50
run_opt_test0_O3;2300023;52000;00-30-50
run_opt_test0_O3;2300000;52000;00-30-50
run_opt_test0_O3;2300000;52000;00-30-51
run_opt_test0_O3;2300000;52000;00-30-51
run_opt_test0_O3;2300000;52000;00-30-51
run_opt_test0_O3;2300000;52000;00-30-51
run_opt_test0_O3;2300000;52000;00-30-51
run_opt_test0_O3;2299976;52000;00-30-51
run_opt_test0_O3;2300023;50000;00-30-51
run_opt_test0_O3;2300000;50000;00-30-51
run_opt_test0_O3;2300000;50000;00-30-52
run_opt_test0_O3;2300023;50000;00-30-52
run_opt_test0_O3;2300000;50000;00-30-52
run_opt_test0_O3;2300000;50000;00-30-52
run_opt_test0_O3;2300023;50000;00-30-52
run_opt_test0_O3;2300023;50000;00-30-52
run_opt_test0_O3;2299976;52000;00-30-52
run_opt_test0_O3;2300000;52000;00-30-53
run_opt_test0_O3;2218702;52000;00-30-53
run_opt_test0_O3;2300000;52000;00-30-53
run_opt_test0_O3;2300000;52000;00-30-53
run_opt_test0_O3;2300000;52000;00-30-53
run_opt_test0_O3;2300000;52000;00-30-53
run_opt_test0_O3;2299976;52000;00-30-53
run_opt_test0_O3;2300000;52000;00-30-54
run_opt_test0_O3;2300000;52000;00-30-54
run_opt_test0_O3;2299976;52000;00-30-54
run_opt_test0_O3;2300000;52000;00-30-54
run_opt_test0_O3;2100000;52000;00-30-54
run_opt_test0_O3;2300000;52000;00-30-54
run_opt_test0_O3;2300000;52000;00-30-54
run_opt_test0_O3;2300023;52000;00-30-55
run_opt_test0_O3;2300000;50000;00-30-55
run_opt_test0_O3;2300000;50000;00-30-55
run_opt_test0_O3;2300023;50000;00-30-55
run_opt_test0_O3;2300000;50000;00-30-55
run_opt_test0_O3;2300000;50000;00-30-55
run_opt_test0_O3;2299976;50000;00-30-55
run_opt_test0_O3;2300023;50000;00-30-56
run_opt_test0_O3;2299976;50000;00-30-56
run_opt_test0_O3;2300000;50000;00-30-56
run_opt_test0_O3;2300000;50000;00-30-56
run_opt_test0_O3;2300000;50000;00-30-56
run_opt_test0_O3;2300000;50000;00-30-56
run_opt_test0_O3;2300000;50000;00-30-56
run_opt_test0_O3;2300000;50000;00-30-57
run_opt_test0_O3;2300023;50000;00-30-57
run_opt_test0_O3;2300000;50000;00-30-57
run_opt_test0_O3;2300023;52000;00-30-57
run_opt_test0_O3;2200000;52000;00-30-57
run_opt_test0_O3;2300000;52000;00-30-57
run_opt_test0_O3;2300000;52000;00-30-57
run_opt_test0_O3;2300000;52000;00-30-57
run_opt_test0_O3;2300023;52000;00-30-58
run_opt_test0_O3;2300000;52000;00-30-58
run_opt_test0_O3;2300000;52000;00-30-58
run_opt_test0_O3;2300023;52000;00-30-58
run_opt_test0_O3;2300000;52000;00-30-58
run_opt_test0_O3;2100000;52000;00-30-58
run_opt_test0_O3;2300023;52000;00-30-58
run_opt_test0_O3;2300000;52000;00-30-59
run_opt_test0_O3;2300023;52000;00-30-59
run_opt_test0_O3;2300023;52000;00-30-59
run_opt_test0_O3;2300000;52000;00-30-59
run_opt_test0_O3;2300000;52000;00-30-59
run_opt_test0_O3;2300023;52000;00-30-59
run_opt_test0_O3;2300023;52000;00-30-59
run_opt_test0_O3;2300000;52000;00-31-00
run_opt_test0_O3;2300000;52000;00-31-00
run_opt_test0_O3;2300000;52000;00-31-00
run_opt_test0_O3;2300000;52000;00-31-00
run_opt_test0_O3;2300000;52000;00-31-00
run_opt_test0_O3;2300023;52000;00-31-00
run_opt_test0_O3;2300000;52000;00-31-00
run_opt_test0_O3;2300000;52000;00-31-01
run_opt_test0_O3;2300023;52000;00-31-01
run_opt_test0_O3;2299976;52000;00-31-01
run_opt_test0_O3;2300023;52000;00-31-01
run_opt_test0_O3;2300000;52000;00-31-01
run_opt_test0_O3;2299976;52000;00-31-01
run_opt_test0_O3;2300046;52000;00-31-01
run_opt_test0_O3;2200022;52000;00-31-02
run_opt_test0_O3;2300023;52000;00-31-02
run_opt_test0_O3;2300000;52000;00-31-02
run_opt_test0_O3;2300000;52000;00-31-02
run_opt_test0_O3;2200000;52000;00-31-02
run_opt_test0_O3;2299976;52000;00-31-02
run_opt_test0_O3;2300000;52000;00-31-02
run_opt_test0_O3;2300000;52000;00-31-03
run_opt_test0_O3;2300000;52000;00-31-03
run_opt_test0_O3;2300023;52000;00-31-03
run_opt_test0_O3;2299976;52000;00-31-03
run_opt_test0_O3;2300023;52000;00-31-03
run_opt_test0_O3;2300000;52000;00-31-03
run_opt_test0_O3;2300000;52000;00-31-03
run_opt_test0_O3;2300000;52000;00-31-03
run_opt_test0_O3;2300000;52000;00-31-04
run_opt_test0_O3;2300000;52000;00-31-04
run_opt_test0_O3;2072625;52000;00-31-04
run_opt_test0_O3;2300000;52000;00-31-04
run_opt_test0_O3;2200000;52000;00-31-04
run_opt_test0_O3;2300000;52000;00-31-04
run_opt_test0_O3;2300000;52000;00-31-05
run_opt_test0_O3;2299976;52000;00-31-05
run_opt_test0_O3;2300000;52000;00-31-05
run_opt_test0_O3;2300000;52000;00-31-05
run_opt_test0_O3;2300000;52000;00-31-05
run_opt_test0_O3;2300000;52000;00-31-05
run_opt_test0_O3;2300023;52000;00-31-05
run_opt_test0_O3;2300000;52000;00-31-05
run_opt_test0_O3;2300000;52000;00-31-06
run_opt_test0_O3;2300000;52000;00-31-06
run_opt_test0_O3;2300000;52000;00-31-06
run_opt_test0_O3;2300000;52000;00-31-06
run_opt_test0_O3;2300000;52000;00-31-06
run_opt_test0_O3;2299976;52000;00-31-06
run_opt_test0_O3;1999979;52000;00-31-06
run_opt_test0_O3;2300000;52000;00-31-07
run_opt_test0_O3;2300023;52000;00-31-07
run_opt_test0_O3;2300000;52000;00-31-07
run_opt_test0_O3;2300000;52000;00-31-07
run_opt_test0_O3;2300000;52000;00-31-07
run_opt_test0_O3;2299976;52000;00-31-07
run_opt_test0_O3;2300000;52000;00-31-07
run_opt_test0_O3;2299976;52000;00-31-08
run_opt_test0_O3;2300023;52000;00-31-08
run_opt_test0_O3;2300000;52000;00-31-08
run_opt_test0_O3;2300000;52000;00-31-08
run_opt_test0_O3;2300000;52000;00-31-08
run_opt_test0_O3;2300000;52000;00-31-08
run_opt_test0_O3;2300000;52000;00-31-08
run_opt_test0_O3;2300000;52000;00-31-09
run_opt_test0_O3;2300000;52000;00-31-09
run_opt_test0_O3;2300000;52000;00-31-09
run_opt_test0_O3;2300023;52000;00-31-09
run_opt_test0_O3;2300000;52000;00-31-09
run_opt_test0_O3;2299976;52000;00-31-09
run_opt_test0_O3;2300000;52000;00-31-09
run_opt_test0_O3;2299976;52000;00-31-10
run_opt_test0_O3;2300000;52000;00-31-10
run_opt_test0_O3;2300000;52000;00-31-10
run_opt_test0_O3;2300000;52000;00-31-10
run_opt_test0_O3;2300000;52000;00-31-10
run_opt_test0_O3;2300000;52000;00-31-10
run_opt_test0_O3;2300023;52000;00-31-10
run_opt_test0_O3;2299976;52000;00-31-10
run_opt_test0_O3;2300000;52000;00-31-11
run_opt_test0_O3;2300000;52000;00-31-11
run_opt_test0_O3;2300023;52000;00-31-11
run_opt_test0_O3;2300000;52000;00-31-11
run_opt_test0_O3;2300000;52000;00-31-11
run_opt_test0_O3;2299976;52000;00-31-11
run_opt_test0_O3;2300000;52000;00-31-11
run_opt_test0_O3;2300023;52000;00-31-12
run_opt_test0_O3;2300023;52000;00-31-12
run_opt_test0_O3;2299976;52000;00-31-12
run_opt_test0_O3;2300000;52000;00-31-12
run_opt_test0_O3;2300000;52000;00-31-12
run_opt_test0_O3;2300000;52000;00-31-12
run_opt_test0_O3;2300000;52000;00-31-12
run_opt_test0_O3;2300000;52000;00-31-13
run_opt_test0_O3;2300023;52000;00-31-13
run_opt_test0_O3;2300000;52000;00-31-13
run_opt_test0_O3;2300000;52000;00-31-13
run_opt_test0_O3;2300000;52000;00-31-13
run_opt_test0_O3;2300000;52000;00-31-13
run_opt_test0_O3;2300000;52000;00-31-13
run_opt_test0_O3;2300000;52000;00-31-14
run_opt_test0_O3;2300000;52000;00-31-14
run_opt_test0_O3;2300000;52000;00-31-14
run_opt_test0_O3;2300000;52000;00-31-14
run_opt_test0_O3;2299976;52000;00-31-14
run_opt_test0_O3;2299976;52000;00-31-14
run_opt_test0_O3;2300023;52000;00-31-14
run_opt_test0_O3;2300000;52000;00-31-15
run_opt_test0_O3;2300000;52000;00-31-15
run_opt_test0_O3;2299976;52000;00-31-15
run_opt_test0_O3;2100000;52000;00-31-15
run_opt_test0_O3;2299976;52000;00-31-15
run_opt_test0_O3;2300000;52000;00-31-15
run_opt_test0_O3;2200000;52000;00-31-15
run_opt_test0_O3;2299976;52000;00-31-16
run_opt_test0_O3;2300000;52000;00-31-16
run_opt_test0_O3;2300000;52000;00-31-16
run_opt_test0_O3;2300000;52000;00-31-16
run_opt_test0_O3;2300000;52000;00-31-16
run_opt_test0_O3;2300023;52000;00-31-16
run_opt_test0_O3;2300000;52000;00-31-16
run_opt_test0_O3;2300000;52000;00-31-16
run_opt_test0_O3;2300000;52000;00-31-17
run_opt_test0_O3;2300000;52000;00-31-17
run_opt_test0_O3;2300000;52000;00-31-17
run_opt_test0_O3;2299976;52000;00-31-17
run_opt_test0_O3;2300000;52000;00-31-17
run_opt_test0_O3;2300000;52000;00-31-17
run_opt_test0_O3;2300000;52000;00-31-17
run_opt_test0_O3;2300023;52000;00-31-18
run_opt_test0_O3;2199977;52000;00-31-18
run_opt_test0_O3;2300000;52000;00-31-18
run_opt_test0_O3;2300000;52000;00-31-18
run_opt_test0_O3;2300000;52000;00-31-18
run_opt_test0_O3;2300000;52000;00-31-18
run_opt_test0_O3;2300000;52000;00-31-18
run_opt_test0_O3;2300000;52000;00-31-19
run_opt_test0_O3;2300000;52000;00-31-19
run_opt_test0_O3;2300000;52000;00-31-19
run_opt_test0_O3;2300000;52000;00-31-19
run_opt_test0_O3;2299976;52000;00-31-19
run_opt_test0_O3;2300000;52000;00-31-19
run_opt_test0_O3;2300000;52000;00-31-19
run_opt_test0_O3;2300023;52000;00-31-20
run_opt_test0_O3;2300000;52000;00-31-20
run_opt_test0_O3;2300000;52000;00-31-20
run_opt_test0_O3;2300023;52000;00-31-20
run_opt_test0_O3;2300023;52000;00-31-20
run_opt_test0_O3;2300000;52000;00-31-20
run_opt_test0_O3;2100021;52000;00-31-20
run_opt_test0_O3;2300000;52000;00-31-21
run_opt_test0_O3;2300000;52000;00-31-21
run_opt_test0_O3;2299976;52000;00-31-21
run_opt_test0_O3;2299976;52000;00-31-21
run_opt_test0_O3;2300023;52000;00-31-21
run_opt_test0_O3;2300000;52000;00-31-21
run_opt_test0_O3;2300484;52000;00-31-21
run_opt_test0_O3;2300000;52000;00-31-22
run_opt_test0_O3;2200000;52000;00-31-22
run_opt_test0_O3;2299976;52000;00-31-22
run_opt_test0_O3;2300000;52000;00-31-22
run_opt_test0_O3;2300000;52000;00-31-22
run_opt_test0_O3;2300000;52000;00-31-22
run_opt_test0_O3;2300000;52000;00-31-22
run_opt_test0_O3;2200000;52000;00-31-23
run_opt_test0_O3;2000020;52000;00-31-23
run_opt_test0_O3;2200022;52000;00-31-23
run_opt_test0_O3;2300000;52000;00-31-23
run_opt_test0_O3;2300000;52000;00-31-23
run_opt_test0_O3;2300000;52000;00-31-23
run_opt_test0_O3;2300023;52000;00-31-23
run_opt_test0_O3;2200000;52000;00-31-24
run_opt_test0_O3;2300000;52000;00-31-24
run_opt_test0_O3;2300000;52000;00-31-24
run_opt_test0_O3;2300000;52000;00-31-24
run_opt_test0_O3;2299976;52000;00-31-24
run_opt_test0_O3;2300000;52000;00-31-24
run_opt_test0_O3;2300000;52000;00-31-24
run_opt_test0_O3;2200000;52000;00-31-24
run_opt_test0_O3;2300000;52000;00-31-25
run_opt_test0_O3;2300000;52000;00-31-25
run_opt_test0_O3;2300000;52000;00-31-25
run_opt_test0_O3;2300000;52000;00-31-25
run_opt_test0_O3;2300000;52000;00-31-25
run_opt_test0_O3;2300000;52000;00-31-25
run_opt_test0_O3;2300000;52000;00-31-25
run_opt_test0_O3;2300023;52000;00-31-26
run_opt_test0_O3;2300000;52000;00-31-26
run_opt_test0_O3;2300000;52000;00-31-26
run_opt_test0_O3;2300000;52000;00-31-26
run_opt_test0_O3;2300000;52000;00-31-26
run_opt_test0_O3;2300000;52000;00-31-26
run_opt_test0_O3;2300000;52000;00-31-26
run_opt_test0_O3;2300000;52000;00-31-27
run_opt_test0_O3;2300000;52000;00-31-27
run_opt_test0_O3;2099978;52000;00-31-27
run_opt_test0_O3;2300000;52000;00-31-27
run_opt_test0_O3;2300000;52000;00-31-27
run_opt_test0_O3;2299976;52000;00-31-27
run_opt_test0_O3;2300000;52000;00-31-27
run_opt_test0_O3;2300023;52000;00-31-28
run_opt_test0_O3;2300000;52000;00-31-28
run_opt_test0_O3;2300000;52000;00-31-28
run_opt_test0_O3;2300000;52000;00-31-28
run_opt_test0_O3;2300000;52000;00-31-28
run_opt_test0_O3;2299976;52000;00-31-28
run_opt_test0_O3;2300023;52000;00-31-28
run_opt_test0_O3;2300000;52000;00-31-29
run_opt_test0_O3;2300000;52000;00-31-29
run_opt_test0_O3;2300023;52000;00-31-29
run_opt_test0_O3;2300000;52000;00-31-29
run_opt_test0_O3;2300023;52000;00-31-29
run_opt_test0_O3;2300023;52000;00-31-29
run_opt_test0_O3;2199977;52000;00-31-29
run_opt_test0_O3;2300000;52000;00-31-30
run_opt_test0_O3;2300000;52000;00-31-30
run_opt_test0_O3;2000000;52000;00-31-30
run_opt_test0_O3;2300023;52000;00-31-30
run_opt_test0_O3;2300000;52000;00-31-30
run_opt_test0_O3;2300023;52000;00-31-30
run_opt_test0_O3;2300000;52000;00-31-30
run_opt_test0_O3;2300023;52000;00-31-31
run_opt_test0_O3;2300000;52000;00-31-31
run_opt_test0_O3;2300000;52000;00-31-31
run_opt_test0_O3;2300000;52000;00-31-31
run_opt_test0_O3;2200022;52000;00-31-31
run_opt_test0_O3;2299976;52000;00-31-31
run_opt_test0_O3;2300000;52000;00-31-31
run_opt_test0_O3;2300000;52000;00-31-31
run_opt_test0_O3;2300000;52000;00-31-32
run_opt_test0_O3;2300023;52000;00-31-32
run_opt_test0_O3;2300000;52000;00-31-32
run_opt_test0_O3;2300000;52000;00-31-32
run_opt_test0_O3;2300000;52000;00-31-32
run_opt_test0_O3;2300000;52000;00-31-32
run_opt_test0_O3;2300000;52000;00-31-32
run_opt_test0_O3;2199977;52000;00-31-33
run_opt_test0_O3;2200000;52000;00-31-33
run_opt_test0_O3;2300000;52000;00-31-33
run_opt_test0_O3;2300000;52000;00-31-33
run_opt_test0_O3;2299976;52000;00-31-33
run_opt_test0_O3;2200022;52000;00-31-33
run_opt_test0_O3;2300000;52000;00-31-33
run_opt_test0_O3;2300000;52000;00-31-34
run_opt_test0_O3;2100021;52000;00-31-34
run_opt_test0_O3;2299976;52000;00-31-34
run_opt_test0_O3;2299976;52000;00-31-34
run_opt_test0_O3;2300000;52000;00-31-34
run_opt_test0_O3;2300023;52000;00-31-34
run_opt_test0_O3;2100000;52000;00-31-34
run_opt_test0_O3;2200000;52000;00-31-35
run_opt_test0_O3;2300000;52000;00-31-35
run_opt_test0_O3;2300000;52000;00-31-35
run_opt_test0_O3;2300000;52000;00-31-35
run_opt_test0_O3;2300000;52000;00-31-35
run_opt_test0_O3;2300000;52000;00-31-35
run_opt_test0_O3;2300023;52000;00-31-35
run_opt_test0_O3;2300000;52000;00-31-36
run_opt_test0_O3;2100000;52000;00-31-36
run_opt_test0_O3;2300000;52000;00-31-36
run_opt_test0_O3;2300000;52000;00-31-36
run_opt_test0_O3;2300000;52000;00-31-36
run_opt_test0_O3;2300000;52000;00-31-36
run_opt_test0_O3;2300023;52000;00-31-36
run_opt_test0_O3;2300000;52000;00-31-37
run_opt_test0_O3;1999979;52000;00-31-37
run_opt_test0_O3;2300000;52000;00-31-37
run_opt_test0_O3;2000020;52000;00-31-37
run_opt_test0_O3;2300000;52000;00-31-37
run_opt_test0_O3;2300000;52000;00-31-37
run_opt_test0_O3;2300023;52000;00-31-37
run_opt_test0_O3;2300000;52000;00-31-38
run_opt_test0_O3;2300000;52000;00-31-38
run_opt_test0_O3;2299976;52000;00-31-38
run_opt_test0_O3;2300000;52000;00-31-38
run_opt_test0_O3;2300000;52000;00-31-38
run_opt_test0_O3;2299976;52000;00-31-38
run_opt_test0_O3;2300000;52000;00-31-38
run_opt_test0_O3;2300000;52000;00-31-38
run_opt_test0_O3;2300000;52000;00-31-39
run_opt_test0_O3;2300000;52000;00-31-39
run_opt_test0_O3;2300000;52000;00-31-39
run_opt_test0_O3;2300023;52000;00-31-39
run_opt_test0_O3;2300000;52000;00-31-39
run_opt_test0_O3;2300000;52000;00-31-39
run_opt_test0_O3;2300023;52000;00-31-39
run_opt_test0_O3;2200000;52000;00-31-40
run_opt_test0_O3;2300000;52000;00-31-40
run_opt_test0_O3;2300000;52000;00-31-40
run_opt_test0_O3;2300000;52000;00-31-40
run_opt_test0_O3;2299976;52000;00-31-40
run_opt_test0_O3;2300000;52000;00-31-40
run_opt_test0_O3;2300000;52000;00-31-40
run_opt_test0_O3;2300000;52000;00-31-41
run_opt_test0_O3;2000020;52000;00-31-41
run_opt_test0_O3;2299976;52000;00-31-41
run_opt_test0_O3;2300000;52000;00-31-41
run_opt_test0_O3;2300000;52000;00-31-41
run_opt_test0_O3;2199977;52000;00-31-41
run_opt_test0_O3;2300000;52000;00-31-41
run_opt_test0_O3;2300000;52000;00-31-42
run_opt_test0_O3;2300000;52000;00-31-42
run_opt_test0_O3;2299976;52000;00-31-42
run_opt_test0_O3;2300000;52000;00-31-42
run_opt_test0_O3;2300000;52000;00-31-42
run_opt_test0_O3;2300000;52000;00-31-42
run_opt_test0_O3;2100000;52000;00-31-42
run_opt_test0_O3;2300023;52000;00-31-42
run_opt_test0_O3;2300000;52000;00-31-43
run_opt_test0_O3;2299976;52000;00-31-43
run_opt_test0_O3;2300000;52000;00-31-43
run_opt_test0_O3;2300023;52000;00-31-43
run_opt_test0_O3;2300000;52000;00-31-43
run_opt_test0_O3;2300000;52000;00-31-43
run_opt_test0_O3;2300023;52000;00-31-43
run_opt_test0_O3;2300000;52000;00-31-44
run_opt_test0_O3;2300000;52000;00-31-44
run_opt_test0_O3;2300000;52000;00-31-44
run_opt_test0_O3;2300000;52000;00-31-44
run_opt_test0_O3;2300000;52000;00-31-44
run_opt_test0_O3;2299976;52000;00-31-44
run_opt_test0_O3;2300000;52000;00-31-44
run_opt_test0_O3;2299976;52000;00-31-45
run_opt_test0_O3;2300000;52000;00-31-45
run_opt_test0_O3;2300000;52000;00-31-45
run_opt_test0_O3;2300000;52000;00-31-45
run_opt_test0_O3;2300000;52000;00-31-45
run_opt_test0_O3;2300000;52000;00-31-45
run_opt_test0_O3;2300000;52000;00-31-45
run_opt_test0_O3;2300000;52000;00-31-46
run_opt_test0_O3;2300023;52000;00-31-46
run_opt_test0_O3;2300000;52000;00-31-46
run_opt_test0_O3;2300000;52000;00-31-46
run_opt_test0_O3;2300000;52000;00-31-46
run_opt_test0_O3;2300000;52000;00-31-46
run_opt_test0_O3;2300000;52000;00-31-46
run_opt_test0_O3;2300000;52000;00-31-47
run_opt_test0_O3;2300000;52000;00-31-47
run_opt_test0_O3;2299976;52000;00-31-47
run_opt_test0_O3;2300023;52000;00-31-47
run_opt_test0_O3;2300000;52000;00-31-47
run_opt_test0_O3;2300000;52000;00-31-47
run_opt_test0_O3;2300000;52000;00-31-47
run_opt_test0_O3;2300000;52000;00-31-48
run_opt_test0_O3;2300000;52000;00-31-48
run_opt_test0_O3;2200000;52000;00-31-48
run_opt_test0_O3;2299976;52000;00-31-48
run_opt_test0_O3;2300000;52000;00-31-48
run_opt_test0_O3;2100000;52000;00-31-48
run_opt_test0_O3;2300023;52000;00-31-48
run_opt_test0_O3;2300000;52000;00-31-49
run_opt_test0_O3;2300000;52000;00-31-49
run_opt_test0_O3;2300000;52000;00-31-49
run_opt_test0_O3;2300000;52000;00-31-49
run_opt_test0_O3;2300000;52000;00-31-49
run_opt_test0_O3;2300023;52000;00-31-49
run_opt_test0_O3;2300000;52000;00-31-49
run_opt_test0_O3;2300000;52000;00-31-49
run_opt_test0_O3;2300000;52000;00-31-50
run_opt_test0_O3;2300000;52000;00-31-50
run_opt_test0_O3;2300023;52000;00-31-50
run_opt_test0_O3;2300023;52000;00-31-50
run_opt_test0_O3;2300000;52000;00-31-50
run_opt_test0_O3;2300000;52000;00-31-50
run_opt_test0_O3;1999979;52000;00-31-50
run_opt_test0_O3;2100000;52000;00-31-51
run_opt_test0_O3;2299976;52000;00-31-51
run_opt_test0_O3;2300000;52000;00-31-51
run_opt_test0_O3;2300000;52000;00-31-51
run_opt_test0_O3;2300000;52000;00-31-51
run_opt_test0_O3;2300000;52000;00-31-51
run_opt_test0_O3;2300000;52000;00-31-51
run_opt_test0_O3;2300000;52000;00-31-52
run_opt_test0_O3;2299976;52000;00-31-52
run_opt_test0_O3;2300023;52000;00-31-52
run_opt_test0_O3;2300000;52000;00-31-52
run_opt_test0_O3;2300000;52000;00-31-52
run_opt_test0_O3;2300023;52000;00-31-52
run_opt_test0_O3;2300000;52000;00-31-52
run_opt_test0_O3;2300000;52000;00-31-53
run_opt_test0_O3;2300023;52000;00-31-53
run_opt_test0_O3;2300000;52000;00-31-53
run_opt_test0_O3;2300000;52000;00-31-53
run_opt_test0_O3;2299976;52000;00-31-53
run_opt_test0_O3;2000020;52000;00-31-53
run_opt_test0_O3;2300000;52000;00-31-53
run_opt_test0_O3;2299976;52000;00-31-54
run_opt_test0_O3;2300000;52000;00-31-54
run_opt_test0_O3;2300000;52000;00-31-54
run_opt_test0_O3;2300000;52000;00-31-54
run_opt_test0_O3;2300000;52000;00-31-54
run_opt_test0_O3;2300000;52000;00-31-54
run_opt_test0_O3;2300000;52000;00-31-54
run_opt_test0_O3;2300000;52000;00-31-55
run_opt_test0_O3;2300000;52000;00-31-55
run_opt_test0_O3;2300000;52000;00-31-55
run_opt_test0_O3;2299976;52000;00-31-55
run_opt_test0_O3;2300000;52000;00-31-55
run_opt_test0_O3;2300000;52000;00-31-55
run_opt_test0_O3;2300000;52000;00-31-55
run_opt_test0_O3;2300023;52000;00-31-55
run_opt_test0_O3;2300000;52000;00-31-56
run_opt_test0_O3;2300000;52000;00-31-56
run_opt_test0_O3;2300000;52000;00-31-56
run_opt_test0_O3;2300000;52000;00-31-56
run_opt_test0_O3;2300000;52000;00-31-56
run_opt_test0_O3;2100021;52000;00-31-56
run_opt_test0_O3;2300000;52000;00-31-56
run_opt_test0_O3;2300000;52000;00-31-57
run_opt_test0_O3;2300000;52000;00-31-57
run_opt_test0_O3;2299976;52000;00-31-57
run_opt_test0_O3;2300000;52000;00-31-57
run_opt_test0_O3;2100000;52000;00-31-57
run_opt_test0_O3;2300000;52000;00-31-57
run_opt_test0_O3;2300000;52000;00-31-57
run_opt_test0_O3;2300000;52000;00-31-58
run_opt_test0_O3;2299976;52000;00-31-58
run_opt_test0_O3;2300000;52000;00-31-58
run_opt_test0_O3;2299976;52000;00-31-58
run_opt_test0_O3;2299976;52000;00-31-58
run_opt_test0_O3;2299976;52000;00-31-58
run_opt_test0_O3;2300000;52000;00-31-58
run_opt_test0_O3;2300000;52000;00-31-59
run_opt_test0_O3;2300000;52000;00-31-59
run_opt_test0_O3;2300000;52000;00-31-59
run_opt_test0_O3;2299976;52000;00-31-59
run_opt_test0_O3;2099978;52000;00-31-59
run_opt_test0_O3;2300046;52000;00-31-59
run_opt_test0_O3;2300000;52000;00-31-59
run_opt_test0_O3;2300023;52000;00-32-00
run_opt_test0_O3;2300000;52000;00-32-00
run_opt_test0_O3;2300023;52000;00-32-00
run_opt_test0_O3;1899980;52000;00-32-00
run_opt_test0_O3;2299976;52000;00-32-00
run_opt_test0_O3;2300000;52000;00-32-00
run_opt_test0_O3;2300023;52000;00-32-00
run_opt_test0_O3;2100000;52000;00-32-01
run_opt_test0_O3;1999979;52000;00-32-01
run_opt_test0_O3;2300000;52000;00-32-01
run_opt_test0_O3;2300023;52000;00-32-01
run_opt_test0_O3;2300000;52000;00-32-01
run_opt_test0_O3;2300000;52000;00-32-01
run_opt_test0_O3;2300000;52000;00-32-01
run_opt_test0_O3;2300000;52000;00-32-01
run_opt_test0_O3;2300000;52000;00-32-02
run_opt_test0_O3;2299976;52000;00-32-02
run_opt_test0_O3;2300000;52000;00-32-02
run_opt_test0_O3;2299976;52000;00-32-02
run_opt_test0_O3;2300000;52000;00-32-02
run_opt_test0_O3;2300000;52000;00-32-02
run_opt_test0_O3;2300000;52000;00-32-02
run_opt_test0_O3;2300000;52000;00-32-03
run_opt_test0_O3;2300000;52000;00-32-03
run_opt_test0_O3;2299976;52000;00-32-03
run_opt_test0_O3;2300023;52000;00-32-03
run_opt_test0_O3;2199977;52000;00-32-03
run_opt_test0_O3;2300000;52000;00-32-03
run_opt_test0_O3;2300000;52000;00-32-03
run_opt_test0_O3;2300000;52000;00-32-04
run_opt_test0_O3;2300000;52000;00-32-04
run_opt_test0_O3;2299976;52000;00-32-04
run_opt_test0_O3;2300000;52000;00-32-04
run_opt_test0_O3;2300000;52000;00-32-04
run_opt_test0_O3;2199977;52000;00-32-04
run_opt_test0_O3;2300000;52000;00-32-04
run_opt_test0_O3;2300000;52000;00-32-05
run_opt_test0_O3;2300000;52000;00-32-05
run_opt_test0_O3;2300000;52000;00-32-05
run_opt_test0_O3;2300000;52000;00-32-05
run_opt_test0_O3;2300000;52000;00-32-05
run_opt_test0_O3;2300000;52000;00-32-05
run_opt_test0_O3;2300000;52000;00-32-05
run_opt_test0_O3;2300000;52000;00-32-06
run_opt_test0_O3;2300000;52000;00-32-06
run_opt_test0_O3;2300000;52000;00-32-06
run_opt_test0_O3;2299976;52000;00-32-06
run_opt_test0_O3;2300000;52000;00-32-06
run_opt_test0_O3;2240004;52000;00-32-06
run_opt_test0_O3;2300023;52000;00-32-06
run_opt_test0_O3;2099978;52000;00-32-07
run_opt_test0_O3;1900000;52000;00-32-07
run_opt_test0_O3;2300000;52000;00-32-07
run_opt_test0_O3;2200000;52000;00-32-07
run_opt_test0_O3;2299976;52000;00-32-07
run_opt_test0_O3;2299769;52000;00-32-07
run_opt_test0_O3;2300023;52000;00-32-07
run_opt_test0_O3;2300023;52000;00-32-08
run_opt_test0_O3;2299976;52000;00-32-08
run_opt_test0_O3;2300023;52000;00-32-08
run_opt_test0_O3;2300000;52000;00-32-08
run_opt_test0_O3;2300000;52000;00-32-08
run_opt_test0_O3;2300023;52000;00-32-08
run_opt_test0_O3;2300000;52000;00-32-08
run_opt_test0_O3;2100000;52000;00-32-09
run_opt_test0_O3;2299976;52000;00-32-09
run_opt_test0_O3;2299976;52000;00-32-09
run_opt_test0_O3;2300000;52000;00-32-09
run_opt_test0_O3;2300000;52000;00-32-09
run_opt_test0_O3;2299976;52000;00-32-09
run_opt_test0_O3;2299976;52000;00-32-09
run_opt_test0_O3;2300000;52000;00-32-10
run_opt_test0_O3;2300000;52000;00-32-10
run_opt_test0_O3;2300000;52000;00-32-10
run_opt_test0_O3;2300023;52000;00-32-10
run_opt_test0_O3;2300000;52000;00-32-10
run_opt_test0_O3;2300000;52000;00-32-10
run_opt_test0_O3;2300000;52000;00-32-10
run_opt_test0_O3;2300000;52000;00-32-10
run_opt_test0_O3;2300000;52000;00-32-11
run_opt_test0_O3;2300000;52000;00-32-11
run_opt_test0_O3;2300000;52000;00-32-11
run_opt_test0_O3;2300023;52000;00-32-11
run_opt_test0_O3;2300000;52000;00-32-11
run_opt_test0_O3;2300000;52000;00-32-11
run_opt_test0_O3;2300000;52000;00-32-11
run_opt_test0_O3;2299976;52000;00-32-12
run_opt_test0_O3;2300000;52000;00-32-12
run_opt_test0_O3;2300023;52000;00-32-12
run_opt_test0_O3;2200000;52000;00-32-12
run_opt_test0_O3;2299976;52000;00-32-12
run_opt_test0_O3;2300000;52000;00-32-12
run_opt_test0_O3;2299976;52000;00-32-12
run_opt_test0_O3;2300000;52000;00-32-13
run_opt_test0_O3;2300000;52000;00-32-13
run_opt_test0_O3;2299976;52000;00-32-13
run_opt_test0_O3;2300000;52000;00-32-13
run_opt_test0_O3;2300000;52000;00-32-13
run_opt_test0_O3;2300000;52000;00-32-13
run_opt_test0_O3;2300000;52000;00-32-13
run_opt_test0_O3;2300000;52000;00-32-14
run_opt_test0_O3;2300000;52000;00-32-14
run_opt_test0_O3;2300000;52000;00-32-14
run_opt_test0_O3;2300000;52000;00-32-14
run_opt_test0_O3;2300000;52000;00-32-14
run_opt_test0_O3;2300000;52000;00-32-14
run_opt_test0_O3;2300023;52000;00-32-14
run_opt_test0_O3;2299976;52000;00-32-15
run_opt_test0_O3;2300000;52000;00-32-15
run_opt_test0_O3;2000020;52000;00-32-15
run_opt_test0_O3;2300000;52000;00-32-15
run_opt_test0_O3;2300000;52000;00-32-15
run_opt_test0_O3;2299976;52000;00-32-15
run_opt_test0_O3;2300000;52000;00-32-15
run_opt_test0_O3;2300000;52000;00-32-16
run_opt_test0_O3;2300000;52000;00-32-16
run_opt_test0_O3;2300000;52000;00-32-16
run_opt_test0_O3;2200022;52000;00-32-16
run_opt_test0_O3;2300000;52000;00-32-16
run_opt_test0_O3;2300023;52000;00-32-16
run_opt_test0_O3;2100000;52000;00-32-16
run_opt_test0_O3;2300000;52000;00-32-17
run_opt_test0_O3;2300000;52000;00-32-17
run_opt_test0_O3;2300000;52000;00-32-17
run_opt_test0_O3;2300000;52000;00-32-17
run_opt_test0_O3;2300023;52000;00-32-17
run_opt_test0_O3;2300046;52000;00-32-17
run_opt_test0_O3;2300000;52000;00-32-17
run_opt_test0_O3;2299976;52000;00-32-17
run_opt_test0_O3;2300000;52000;00-32-18
run_opt_test0_O3;2300023;52000;00-32-18
run_opt_test0_O3;2300000;52000;00-32-18
run_opt_test0_O3;2299976;52000;00-32-18
run_opt_test0_O3;2300023;52000;00-32-18
run_opt_test0_O3;2300000;52000;00-32-18
run_opt_test0_O3;2300000;52000;00-32-18
run_opt_test0_O3;2300000;52000;00-32-19
run_opt_test0_O3;2300023;52000;00-32-19
run_opt_test0_O3;2299976;52000;00-32-19
run_opt_test0_O3;2300023;52000;00-32-19
run_opt_test0_O3;2299976;52000;00-32-19
run_opt_test0_O3;2300023;52000;00-32-19
run_opt_test0_O3;2300000;52000;00-32-19
run_opt_test0_O3;2300000;52000;00-32-20
run_opt_test0_O3;2299976;52000;00-32-20
run_opt_test0_O3;2300000;52000;00-32-20
run_opt_test0_O3;2299976;52000;00-32-20
run_opt_test0_O3;2300000;52000;00-32-20
run_opt_test0_O3;2300023;52000;00-32-20
run_opt_test0_O3;2300000;52000;00-32-20
run_opt_test0_O3;2300000;52000;00-32-21
run_opt_test0_O3;2300000;52000;00-32-21
run_opt_test0_O3;2299976;52000;00-32-21
run_opt_test0_O3;2300000;52000;00-32-21
run_opt_test0_O3;2300000;52000;00-32-21
run_opt_test0_O3;2300000;52000;00-32-21
run_opt_test0_O3;2300000;52000;00-32-21
run_opt_test0_O3;2300000;52000;00-32-22
run_opt_test0_O3;2300000;52000;00-32-22
run_opt_test0_O3;2300000;52000;00-32-22
run_opt_test0_O3;2300000;52000;00-32-22
run_opt_test0_O3;2300000;52000;00-32-22
run_opt_test0_O3;2299976;52000;00-32-22
run_opt_test0_O3;2100021;52000;00-32-22
run_opt_test0_O3;2100000;52000;00-32-23
run_opt_test0_O3;2300000;52000;00-32-23
run_opt_test0_O3;2300000;52000;00-32-23
run_opt_test0_O3;2300000;52000;00-32-23
run_opt_test0_O3;2300000;52000;00-32-23
run_opt_test0_O3;2300000;52000;00-32-23
run_opt_test0_O3;2300000;52000;00-32-23
run_opt_test0_O3;2200022;52000;00-32-24
run_opt_test0_O3;2300000;52000;00-32-24
run_opt_test0_O3;2300000;52000;00-32-24
run_opt_test0_O3;2199977;54000;00-32-24
run_opt_test0_O3;2300000;54000;00-32-24
run_opt_test0_O3;2300000;54000;00-32-24
run_opt_test0_O3;2300000;54000;00-32-24
run_opt_test0_O3;2299976;54000;00-32-25
run_opt_test0_O3;2300023;54000;00-32-25
run_opt_test0_O3;2300000;54000;00-32-25
run_opt_test0_O3;2300000;54000;00-32-25
run_opt_test0_O3;2300000;52000;00-32-25
run_opt_test0_O3;2300000;52000;00-32-25
run_opt_test0_O3;2300000;52000;00-32-25
run_opt_test0_O3;2300000;52000;00-32-25
run_opt_test0_O3;2300000;52000;00-32-26
run_opt_test0_O3;2300023;52000;00-32-26
run_opt_test0_O3;2300023;52000;00-32-26
run_opt_test0_O3;2300000;52000;00-32-26
run_opt_test0_O3;2300000;52000;00-32-26
run_opt_test0_O3;2300000;52000;00-32-26
run_opt_test0_O3;2300023;52000;00-32-26
run_opt_test0_O3;2300000;52000;00-32-27
run_opt_test0_O3;2300000;52000;00-32-27
run_opt_test0_O3;2300000;52000;00-32-27
run_opt_test0_O3;2300000;52000;00-32-27
run_opt_test0_O3;2100000;52000;00-32-27
run_opt_test0_O3;2300000;52000;00-32-27
run_opt_test0_O3;2300000;52000;00-32-27
run_opt_test0_O3;2300000;52000;00-32-28
run_opt_test0_O3;2299976;52000;00-32-28
run_opt_test0_O3;2300000;52000;00-32-28
run_opt_test0_O3;2300000;52000;00-32-28
run_opt_test0_O3;2300000;52000;00-32-28
run_opt_test0_O3;2299953;52000;00-32-28
run_opt_test0_O3;2300000;52000;00-32-28
run_opt_test0_O3;2299976;52000;00-32-29
run_opt_test0_O3;2200000;52000;00-32-29
run_opt_test0_O3;2299976;52000;00-32-29
run_opt_test0_O3;2300000;52000;00-32-29
run_opt_test0_O3;2000000;52000;00-32-29
run_opt_test0_O3;1999979;52000;00-32-29
run_opt_test0_O3;2099978;52000;00-32-29
run_opt_test0_O3;2300000;52000;00-32-30
run_opt_test0_O3;2300000;52000;00-32-30
run_opt_test0_O3;2300000;52000;00-32-30
run_opt_test0_O3;2199977;52000;00-32-30
run_opt_test0_O3;2300023;52000;00-32-30
run_opt_test0_O3;2299976;52000;00-32-30
run_opt_test0_O3;2300000;52000;00-32-30
run_opt_test0_O3;2300000;52000;00-32-31
run_opt_test0_O3;2300000;52000;00-32-31
run_opt_test0_O3;2300000;52000;00-32-31
run_opt_test0_O3;2300000;52000;00-32-31
run_opt_test0_O3;2299976;52000;00-32-31
run_opt_test0_O3;2300023;52000;00-32-31
run_opt_test0_O3;2300023;52000;00-32-31
run_opt_test0_O3;2300000;52000;00-32-32
run_opt_test0_O3;2300023;52000;00-32-32
run_opt_test0_O3;2300000;52000;00-32-32
run_opt_test0_O3;2300000;52000;00-32-32
run_opt_test0_O3;2300000;52000;00-32-32
run_opt_test0_O3;2299976;52000;00-32-32
run_opt_test0_O3;2300000;52000;00-32-32
run_opt_test0_O3;2300000;52000;00-32-33
run_opt_test0_O3;2300000;52000;00-32-33
run_opt_test0_O3;2299976;52000;00-32-33
run_opt_test0_O3;2299976;52000;00-32-33
run_opt_test0_O3;2000020;52000;00-32-33
run_opt_test0_O3;2300000;52000;00-32-33
run_opt_test0_O3;2300000;52000;00-32-33
run_opt_test0_O3;2300000;52000;00-32-34
run_opt_test0_O3;2300000;52000;00-32-34
run_opt_test0_O3;2300000;52000;00-32-34
run_opt_test0_O3;2300000;52000;00-32-34
run_opt_test0_O3;2100000;52000;00-32-34
run_opt_test0_O3;2300000;52000;00-32-34
run_opt_test0_O3;2299976;52000;00-32-34
run_opt_test0_O3;2300023;52000;00-32-35
run_opt_test0_O3;2300023;52000;00-32-35
run_opt_test0_O3;2300000;52000;00-32-35
run_opt_test0_O3;2300000;52000;00-32-35
run_opt_test0_O3;2300000;52000;00-32-35
run_opt_test0_O3;2300000;52000;00-32-35
run_opt_test0_O3;2300000;52000;00-32-35
run_opt_test0_O3;2299815;52000;00-32-36
run_opt_test0_O3;2300023;52000;00-32-36
run_opt_test0_O3;2299976;52000;00-32-36
run_opt_test0_O3;2300023;52000;00-32-36
run_opt_test0_O3;2299976;52000;00-32-36
run_opt_test0_O3;2300000;52000;00-32-36
run_opt_test0_O3;2300000;52000;00-32-36
run_opt_test0_O3;2300000;52000;00-32-36
run_opt_test0_O3;2300000;52000;00-32-37
run_opt_test0_O3;2300000;52000;00-32-37
run_opt_test0_O3;2300000;52000;00-32-37
run_opt_test0_O3;2299976;52000;00-32-37
run_opt_test0_O3;2299976;52000;00-32-37
run_opt_test0_O3;2300000;52000;00-32-37
run_opt_test0_O3;2300000;52000;00-32-37
run_opt_test0_O3;2300000;52000;00-32-38
run_opt_test0_O3;2300023;52000;00-32-38
run_opt_test0_O3;2300000;52000;00-32-38
run_opt_test0_O3;2300000;52000;00-32-38
run_opt_test0_O3;2299976;52000;00-32-38
run_opt_test0_O3;2300000;52000;00-32-38
run_opt_test0_O3;2300000;52000;00-32-38
run_opt_test0_O3;2300000;52000;00-32-39
run_opt_test0_O3;2300000;52000;00-32-39
run_opt_test0_O3;2300023;52000;00-32-39
run_opt_test0_O3;2300000;52000;00-32-39
run_opt_test0_O3;2200000;52000;00-32-39
run_opt_test0_O3;2300000;52000;00-32-39
run_opt_test0_O3;2300000;52000;00-32-39
run_opt_test0_O3;2300023;52000;00-32-40
run_opt_test0_O3;2300000;52000;00-32-40
run_opt_test0_O3;2300023;52000;00-32-40
run_opt_test0_O3;2300000;52000;00-32-40
run_opt_test0_O3;2200022;52000;00-32-40
run_opt_test0_O3;2300023;52000;00-32-40
run_opt_test0_O3;2300000;52000;00-32-40
run_opt_test0_O3;2300000;52000;00-32-41
run_opt_test0_O3;2299976;52000;00-32-41
run_opt_test0_O3;2300000;52000;00-32-41
run_opt_test0_O3;2300000;52000;00-32-41
run_opt_test0_O3;2300000;52000;00-32-41
run_opt_test0_O3;2199977;52000;00-32-41
run_opt_test0_O3;2300000;52000;00-32-41
run_opt_test0_O3;2300000;52000;00-32-41
run_opt_test0_O3;2299953;52000;00-32-42
run_opt_test0_O3;2300000;52000;00-32-42
run_opt_test0_O3;2300023;52000;00-32-42
run_opt_test0_O3;2300000;52000;00-32-42
run_opt_test0_O3;2299976;52000;00-32-42
run_opt_test0_O3;2299976;52000;00-32-42
run_opt_test0_O3;2300000;52000;00-32-42
run_opt_test0_O3;2300000;52000;00-32-43
run_opt_test0_O3;2300000;52000;00-32-43
run_opt_test0_O3;2300000;52000;00-32-43
run_opt_test0_O3;2300184;52000;00-32-43
run_opt_test0_O3;2300000;52000;00-32-43
run_opt_test0_O3;2199977;52000;00-32-43
run_opt_test0_O3;2300000;52000;00-32-43
run_opt_test0_O3;2300000;52000;00-32-44
run_opt_test0_O3;2300000;52000;00-32-44
run_opt_test0_O3;2300000;52000;00-32-44
run_opt_test0_O3;2300000;52000;00-32-44
run_opt_test0_O3;2300023;52000;00-32-44
run_opt_test0_O3;2300000;52000;00-32-44
run_opt_test0_O3;2300023;52000;00-32-44
run_opt_test0_O3;2300000;52000;00-32-45
run_opt_test0_O3;2300000;52000;00-32-45
run_opt_test0_O3;2300000;52000;00-32-45
run_opt_test0_O3;2300000;52000;00-32-45
run_opt_test0_O3;2299976;52000;00-32-45
run_opt_test0_O3;2300000;52000;00-32-45
run_opt_test0_O3;2300000;52000;00-32-45
run_opt_test0_O3;2300000;52000;00-32-46
run_opt_test0_O3;2300023;52000;00-32-46
run_opt_test0_O3;2300023;52000;00-32-46
run_opt_test0_O3;2199977;52000;00-32-46
run_opt_test0_O3;2300000;52000;00-32-46
run_opt_test0_O3;2300000;52000;00-32-46
run_opt_test0_O3;2299976;52000;00-32-46
run_opt_test0_O3;2300023;52000;00-32-46
run_opt_test0_O3;2300000;52000;00-32-47
run_opt_test0_O3;2300000;52000;00-32-47
run_opt_test0_O3;2300000;52000;00-32-47
run_opt_test0_O3;2299953;52000;00-32-47
run_opt_test0_O3;2299976;52000;00-32-47
run_opt_test0_O3;2300023;52000;00-32-47
run_opt_test0_O3;2300000;52000;00-32-47
run_opt_test0_O3;2300023;52000;00-32-48
run_opt_test0_O3;2300000;52000;00-32-48
run_opt_test0_O3;2300023;52000;00-32-48
run_opt_test0_O3;2300000;52000;00-32-48
run_opt_test0_O3;2300000;52000;00-32-48
run_opt_test0_O3;2300000;52000;00-32-48
run_opt_test0_O3;2300000;52000;00-32-48
run_opt_test0_O3;2300000;52000;00-32-49
run_opt_test0_O3;2300000;52000;00-32-49
run_opt_test0_O3;2300000;52000;00-32-49
run_opt_test0_O3;2300000;52000;00-32-49
run_opt_test0_O3;2300000;52000;00-32-49
run_opt_test0_O3;2300000;52000;00-32-49
run_opt_test0_O3;2300000;52000;00-32-49
run_opt_test0_O3;2300000;52000;00-32-50
run_opt_test0_O3;2300000;52000;00-32-50
run_opt_test0_O3;2300000;52000;00-32-50
run_opt_test0_O3;2300000;52000;00-32-50
run_opt_test0_O3;2300000;52000;00-32-50
run_opt_test0_O3;2300000;52000;00-32-50
run_opt_test0_O3;2300000;52000;00-32-50
run_opt_test0_O3;2299976;52000;00-32-51
run_opt_test0_O3;2299976;52000;00-32-51
run_opt_test0_O3;2300000;52000;00-32-51
run_opt_test0_O3;2300000;52000;00-32-51
run_opt_test0_O3;2300000;52000;00-32-51
run_opt_test0_O3;2300000;52000;00-32-51
run_opt_test0_O3;2300000;52000;00-32-51
run_opt_test0_O3;2300000;52000;00-32-51
run_opt_test0_O3;2300023;52000;00-32-52
run_opt_test0_O3;2300000;52000;00-32-52
run_opt_test0_O3;2300000;52000;00-32-52
run_opt_test0_O3;2299976;52000;00-32-52
run_opt_test0_O3;2300000;52000;00-32-52
run_opt_test0_O3;2300023;52000;00-32-52
run_opt_test0_O3;2300000;52000;00-32-52
run_opt_test0_O3;2300000;52000;00-32-53
run_opt_test0_O3;2300000;52000;00-32-53
run_opt_test0_O3;2299976;52000;00-32-53
run_opt_test0_O3;2299976;52000;00-32-53
run_opt_test0_O3;2300023;52000;00-32-53
run_opt_test0_O3;2300023;52000;00-32-53
run_opt_test0_O3;2300000;52000;00-32-53
run_opt_test0_O3;2300000;52000;00-32-54
run_opt_test0_O3;2300000;52000;00-32-54
run_opt_test0_O3;2299976;52000;00-32-54
run_opt_test0_O3;2300000;52000;00-32-54
run_opt_test0_O3;2299976;52000;00-32-54
run_opt_test0_O3;1999979;52000;00-32-54
run_opt_test0_O3;2300000;52000;00-32-54
run_opt_test0_O3;2300000;52000;00-32-55
run_opt_test0_O3;2300000;52000;00-32-55
run_opt_test0_O3;2299976;52000;00-32-55
run_opt_test0_O3;2300000;52000;00-32-55
run_opt_test0_O3;2300000;52000;00-32-55
run_opt_test0_O3;2300000;52000;00-32-55
run_opt_test0_O3;2300000;52000;00-32-55
run_opt_test0_O3;2300000;52000;00-32-55
run_opt_test0_O3;2300000;52000;00-32-56
run_opt_test0_O3;2300000;52000;00-32-56
run_opt_test0_O3;2300023;52000;00-32-56
run_opt_test0_O3;2300023;52000;00-32-56
run_opt_test0_O3;2299976;52000;00-32-56
run_opt_test0_O3;2300000;52000;00-32-56
run_opt_test0_O3;2300000;52000;00-32-56
run_opt_test0_O3;2300000;52000;00-32-57
run_opt_test0_O3;2200000;52000;00-32-57
run_opt_test0_O3;2300023;52000;00-32-57
run_opt_test0_O3;2300023;52000;00-32-57
run_opt_test0_O3;2300000;52000;00-32-57
run_opt_test0_O3;2300000;52000;00-32-57
run_opt_test0_O3;2300000;52000;00-32-57
run_opt_test0_O3;2300000;52000;00-32-58
run_opt_test0_O3;2300000;52000;00-32-58
run_opt_test0_O3;2299976;52000;00-32-58
run_opt_test0_O3;2300000;52000;00-32-58
run_opt_test0_O3;2300000;52000;00-32-58
run_opt_test0_O3;2300023;52000;00-32-58
run_opt_test0_O3;2300000;52000;00-32-58
run_opt_test0_O3;2300000;52000;00-32-59
run_opt_test0_O3;2300000;52000;00-32-59
run_opt_test0_O3;2300000;52000;00-32-59
run_opt_test0_O3;2300000;52000;00-32-59
run_opt_test0_O3;2299976;52000;00-32-59
run_opt_test0_O3;2300000;52000;00-32-59
run_opt_test0_O3;2300000;52000;00-32-59
run_opt_test0_O3;2300000;52000;00-33-00
run_opt_test0_O3;5100000;64000;00-33-02
run_opt_test0_O3;3762118;64000;00-33-02
run_opt_test0_O3;2600000;64000;00-33-02
run_opt_test0_O3;2600000;64000;00-33-03
run_opt_test0_O3;2299976;64000;00-33-03
run_opt_test0_O3;2299976;64000;00-33-03
run_opt_test0_O3;2300000;64000;00-33-03
run_opt_test0_O3;2300023;64000;00-33-03
run_opt_test0_O3;2300000;52000;00-33-03
run_opt_test0_O3;2300000;52000;00-33-03
run_opt_test0_O3;2300000;52000;00-33-03
run_opt_test0_O3;2300000;52000;00-33-04
run_opt_test0_O3;2300000;52000;00-33-04
run_opt_test0_O3;2300000;52000;00-33-04
run_opt_test0_O3;2300000;52000;00-33-04
run_opt_test0_O3;2200000;52000;00-33-04
run_opt_test0_O3;2300000;52000;00-33-04
run_opt_test0_O3;2300023;52000;00-33-05
run_opt_test0_O3;2300000;52000;00-33-05
run_opt_test0_O3;2300000;52000;00-33-05
run_opt_test0_O3;2299976;52000;00-33-05
run_opt_test0_O3;1900000;52000;00-33-05
run_opt_test0_O3;2200000;52000;00-33-05
run_opt_test0_O3;2299976;52000;00-33-05
run_opt_test0_O3;2300000;52000;00-33-05
run_opt_test0_O3;2300000;52000;00-33-06
run_opt_test0_O3;2300000;52000;00-33-06
run_opt_test0_O3;2299976;52000;00-33-06
run_opt_test0_O3;2300184;52000;00-33-06
run_opt_test0_O3;2300000;52000;00-33-06
run_opt_test0_O3;2299976;52000;00-33-06
run_opt_test0_O3;2300000;52000;00-33-06
run_opt_test0_O3;2299976;52000;00-33-07
run_opt_test0_O3;2300000;52000;00-33-07
run_opt_test0_O3;2300023;52000;00-33-07
run_opt_test0_O3;2300000;52000;00-33-07
run_opt_test0_O3;2300000;52000;00-33-07
run_opt_test0_O3;2300000;52000;00-33-07
run_opt_test0_O3;2300000;52000;00-33-07
run_opt_test0_O3;2300000;52000;00-33-08
run_opt_test0_O3;2300000;52000;00-33-08
run_opt_test0_O3;2300000;52000;00-33-08
run_opt_test0_O3;2300000;52000;00-33-08
run_opt_test0_O3;2300023;52000;00-33-08
run_opt_test0_O3;2300000;52000;00-33-08
run_opt_test0_O3;2299976;52000;00-33-08
run_opt_test0_O3;2300000;52000;00-33-09
run_opt_test0_O3;2300023;52000;00-33-09
run_opt_test0_O3;2300000;52000;00-33-09
run_opt_test0_O3;2300000;52000;00-33-09
run_opt_test0_O3;2300000;52000;00-33-09
run_opt_test0_O3;2300000;52000;00-33-09
run_opt_test0_O3;2300000;52000;00-33-09
run_opt_test0_O3;2300000;52000;00-33-10
run_opt_test0_O3;2300000;52000;00-33-10
run_opt_test0_O3;2300000;52000;00-33-10
run_opt_test0_O3;2300000;52000;00-33-10
run_opt_test0_O3;2300000;52000;00-33-10
run_opt_test0_O3;2299976;52000;00-33-10
run_opt_test0_O3;1800000;52000;00-33-10
run_opt_test0_O3;2300023;52000;00-33-11
run_opt_test0_O3;2300000;52000;00-33-11
run_opt_test0_O3;2299976;52000;00-33-11
run_opt_test0_O3;2300000;52000;00-33-11
run_opt_test0_O3;2300023;52000;00-33-11
run_opt_test0_O3;2300023;52000;00-33-11
run_opt_test0_O3;2299976;52000;00-33-11
run_opt_test0_O3;2300000;52000;00-33-11
run_opt_test0_O3;2300000;52000;00-33-12
run_opt_test0_O3;2300000;52000;00-33-12
run_opt_test0_O3;2300000;52000;00-33-12
run_opt_test0_O3;2300000;52000;00-33-12
run_opt_test0_O3;2300023;52000;00-33-12
run_opt_test0_O3;2300000;52000;00-33-12
run_opt_test0_O3;2300000;52000;00-33-12
run_opt_test0_O3;2300000;52000;00-33-13
run_opt_test0_O3;2300023;52000;00-33-13
run_opt_test0_O3;2299976;52000;00-33-13
run_opt_test0_O3;2300000;52000;00-33-13
run_opt_test0_O3;2200000;52000;00-33-13
run_opt_test0_O3;2300000;52000;00-33-13
run_opt_test0_O3;2300000;52000;00-33-13
run_opt_test0_O3;2299953;52000;00-33-13
run_opt_test0_O3;2300000;52000;00-33-14
run_opt_test0_O3;2299953;52000;00-33-14
run_opt_test0_O3;2300000;52000;00-33-14
run_opt_test0_O3;2300000;52000;00-33-14
run_opt_test0_O3;2300000;52000;00-33-14
run_opt_test0_O3;2299976;52000;00-33-14
run_opt_test0_O3;2300000;52000;00-33-14
run_opt_test0_O3;2300000;52000;00-33-15
run_opt_test0_O3;2299976;52000;00-33-15
run_opt_test0_O3;2299976;52000;00-33-15
run_opt_test0_O3;2300000;52000;00-33-15
run_opt_test0_O3;2299976;52000;00-33-15
run_opt_test0_O3;2300000;52000;00-33-15
run_opt_test0_O3;2300000;52000;00-33-15
run_opt_test0_O3;2200000;52000;00-33-16
run_opt_test0_O3;2299976;52000;00-33-16
run_opt_test0_O3;2300000;52000;00-33-16
run_opt_test0_O3;2300023;52000;00-33-16
run_opt_test0_O3;2300000;52000;00-33-16
run_opt_test0_O3;2300000;52000;00-33-16
run_opt_test0_O3;2300000;52000;00-33-16
run_opt_test0_O3;2299976;52000;00-33-17
run_opt_test0_O3;2300000;52000;00-33-17
run_opt_test0_O3;2299976;52000;00-33-17
run_opt_test0_O3;2300000;52000;00-33-17
run_opt_test0_O3;2300000;52000;00-33-17
run_opt_test0_O3;2300000;52000;00-33-17
run_opt_test0_O3;2300023;52000;00-33-17
run_opt_test0_O3;2300000;52000;00-33-18
run_opt_test0_O3;2300000;52000;00-33-18
run_opt_test0_O3;2300000;52000;00-33-18
run_opt_test0_O3;2300000;52000;00-33-18
run_opt_test0_O3;2300000;52000;00-33-18
run_opt_test0_O3;2300023;52000;00-33-18
run_opt_test0_O3;2299976;52000;00-33-18
run_opt_test0_O3;2300023;52000;00-33-19
run_opt_test0_O3;2300000;52000;00-33-19
run_opt_test0_O3;2300000;52000;00-33-19
run_opt_test0_O3;2300000;52000;00-33-19
run_opt_test0_O3;2300023;52000;00-33-19
run_opt_test0_O3;2300000;52000;00-33-19
run_opt_test0_O3;2300000;52000;00-33-19
run_opt_test0_O3;2100000;52000;00-33-20
run_opt_test0_O3;2300023;52000;00-33-20
run_opt_test0_O3;2300000;52000;00-33-20
run_opt_test0_O3;2300000;52000;00-33-20
run_opt_test0_O3;2299976;52000;00-33-20
run_opt_test0_O3;2299976;52000;00-33-20
run_opt_test0_O3;2300000;52000;00-33-20
run_opt_test0_O3;2300184;52000;00-33-21
run_opt_test0_O3;2299976;52000;00-33-21
run_opt_test0_O3;2300000;52000;00-33-21
run_opt_test0_O3;2300023;52000;00-33-21
run_opt_test0_O3;2300000;52000;00-33-21
run_opt_test0_O3;2300000;52000;00-33-21
run_opt_test0_O3;2299976;52000;00-33-21
run_opt_test0_O3;2300023;52000;00-33-22
run_opt_test0_O3;2100000;52000;00-33-22
run_opt_test0_O3;2100000;52000;00-33-22
run_opt_test0_O3;2300000;52000;00-33-22
run_opt_test0_O3;2300000;52000;00-33-22
run_opt_test0_O3;2300000;52000;00-33-22
run_opt_test0_O3;2300000;52000;00-33-22
run_opt_test0_O3;2300000;52000;00-33-22
run_opt_test0_O3;2300000;52000;00-33-23
run_opt_test0_O3;2300000;52000;00-33-23
run_opt_test0_O3;2300000;52000;00-33-23
run_opt_test0_O3;2300000;52000;00-33-23
run_opt_test0_O3;2300000;52000;00-33-23
run_opt_test0_O3;2300000;52000;00-33-23
run_opt_test0_O3;2300023;52000;00-33-23
run_opt_test0_O3;2300023;52000;00-33-24
run_opt_test0_O3;2300000;52000;00-33-24
run_opt_test0_O3;2300000;52000;00-33-24
run_opt_test0_O3;2299976;52000;00-33-24
run_opt_test0_O3;2300000;52000;00-33-24
run_opt_test0_O3;2300000;52000;00-33-24
run_opt_test0_O3;2200000;52000;00-33-24
run_opt_test0_O3;2300000;52000;00-33-25
run_opt_test0_O3;2300023;52000;00-33-25
run_opt_test0_O3;2199977;52000;00-33-25
run_opt_test0_O3;2300000;52000;00-33-25
run_opt_test0_O3;2299976;52000;00-33-25
run_opt_test0_O3;2299976;52000;00-33-25
run_opt_test0_O3;2300000;52000;00-33-25
run_opt_test0_O3;2300000;52000;00-33-26
run_opt_test0_O3;2300000;52000;00-33-26
run_opt_test0_O3;2300000;52000;00-33-26
run_opt_test0_O3;2300000;52000;00-33-26
run_opt_test0_O3;2300000;52000;00-33-26
run_opt_test0_O3;2300000;52000;00-33-26
run_opt_test0_O3;2300023;52000;00-33-26
run_opt_test0_O3;2300000;52000;00-33-27
run_opt_test0_O3;2300000;52000;00-33-27
run_opt_test0_O3;2300023;52000;00-33-27
run_opt_test0_O3;2300000;52000;00-33-27
run_opt_test0_O3;2300000;52000;00-33-27
run_opt_test0_O3;2299976;52000;00-33-27
run_opt_test0_O3;2300000;52000;00-33-27
run_opt_test0_O3;2299976;52000;00-33-28
run_opt_test0_O3;2299976;52000;00-33-28
run_opt_test0_O3;2100021;52000;00-33-28
run_opt_test0_O3;2300000;52000;00-33-28
run_opt_test0_O3;2300023;52000;00-33-28
run_opt_test0_O3;2300000;52000;00-33-28
run_opt_test0_O3;2300000;52000;00-33-28
run_opt_test0_O3;2299976;52000;00-33-29
run_opt_test0_O3;2300000;52000;00-33-29
run_opt_test0_O3;2300000;52000;00-33-29
run_opt_test0_O3;2300023;52000;00-33-29
run_opt_test0_O3;2300000;52000;00-33-29
run_opt_test0_O3;2300000;52000;00-33-29
run_opt_test0_O3;2300023;52000;00-33-29
run_opt_test0_O3;2300000;52000;00-33-30
run_opt_test0_O3;2300000;52000;00-33-30
run_opt_test0_O3;2300000;52000;00-33-30
run_opt_test0_O3;2300023;52000;00-33-30
run_opt_test0_O3;2300000;52000;00-33-30
run_opt_test0_O3;2300000;52000;00-33-30
run_opt_test0_O3;2300023;52000;00-33-30
run_opt_test0_O3;2300000;52000;00-33-30
run_opt_test0_O3;2300000;52000;00-33-31
run_opt_test0_O3;2300000;52000;00-33-31
run_opt_test0_O3;2300000;52000;00-33-31
run_opt_test0_O3;2300000;52000;00-33-31
run_opt_test0_O3;2300000;52000;00-33-31
run_opt_test0_O3;2300000;52000;00-33-31
run_opt_test0_O3;2299976;52000;00-33-31
run_opt_test0_O3;2300000;52000;00-33-32
run_opt_test0_O3;2300000;52000;00-33-32
run_opt_test0_O3;2300184;52000;00-33-32
run_opt_test0_O3;2299976;52000;00-33-32
run_opt_test0_O3;2300000;52000;00-33-32
run_opt_test0_O3;2300000;52000;00-33-32
run_opt_test0_O3;2300000;52000;00-33-32
run_opt_test0_O3;2300023;52000;00-33-33
run_opt_test0_O3;2300000;52000;00-33-33
run_opt_test0_O3;2300000;52000;00-33-33
run_opt_test0_O3;2300000;52000;00-33-33
run_opt_test0_O3;2300000;52000;00-33-33
run_opt_test0_O3;2300000;52000;00-33-33
run_opt_test0_O3;2300000;52000;00-33-33
run_opt_test0_O3;2300000;52000;00-33-34
run_opt_test0_O3;2300000;52000;00-33-34
run_opt_test0_O3;2300000;52000;00-33-34
run_opt_test0_O3;2299976;52000;00-33-34
run_opt_test0_O3;2099978;52000;00-33-34
run_opt_test0_O3;2300000;52000;00-33-34
run_opt_test0_O3;2300000;52000;00-33-34
run_opt_test0_O3;2300000;52000;00-33-34
run_opt_test0_O3;2299976;52000;00-33-35
run_opt_test0_O3;2300000;52000;00-33-35
run_opt_test0_O3;2300023;52000;00-33-35
run_opt_test0_O3;2300000;52000;00-33-35
run_opt_test0_O3;2300000;52000;00-33-35
run_opt_test0_O3;2300000;52000;00-33-35
run_opt_test0_O3;2300000;52000;00-33-35
run_opt_test0_O3;2299976;52000;00-33-36
run_opt_test0_O3;2300000;52000;00-33-36
run_opt_test0_O3;2300000;52000;00-33-36
run_opt_test0_O3;2200000;52000;00-33-36
run_opt_test0_O3;2300000;52000;00-33-36
run_opt_test0_O3;2299976;52000;00-33-36
run_opt_test0_O3;2300000;52000;00-33-36
run_opt_test0_O3;2300000;52000;00-33-37
run_opt_test0_O3;2300000;52000;00-33-37
run_opt_test0_O3;2300000;52000;00-33-37
run_opt_test0_O3;2300000;52000;00-33-37
run_opt_test0_O3;2300000;52000;00-33-37
run_opt_test0_O3;2300000;52000;00-33-37
run_opt_test0_O3;2300000;52000;00-33-37
run_opt_test0_O3;2300000;52000;00-33-38
run_opt_test0_O3;2300000;52000;00-33-38
run_opt_test0_O3;2300000;52000;00-33-38
run_opt_test0_O3;2300000;52000;00-33-38
run_opt_test0_O3;2300000;52000;00-33-38
run_opt_test0_O3;2300000;52000;00-33-38
run_opt_test0_O3;2300000;52000;00-33-38
run_opt_test0_O3;2299976;52000;00-33-38
run_opt_test0_O3;2300023;52000;00-33-39
run_opt_test0_O3;2300000;52000;00-33-39
run_opt_test0_O3;2299976;52000;00-33-39
run_opt_test0_O3;2300023;52000;00-33-39
run_opt_test0_O3;2300000;52000;00-33-39
run_opt_test0_O3;2300023;52000;00-33-39
run_opt_test0_O3;2300000;52000;00-33-39
run_opt_test0_O3;2300000;52000;00-33-40
run_opt_test0_O3;2300000;52000;00-33-40
run_opt_test0_O3;2299976;52000;00-33-40
run_opt_test0_O3;2300000;52000;00-33-40
run_opt_test0_O3;2300000;52000;00-33-40
run_opt_test0_O3;2099978;52000;00-33-40
run_opt_test0_O3;2300000;52000;00-33-40
run_opt_test0_O3;2300000;52000;00-33-41
run_opt_test0_O3;1999979;52000;00-33-41
run_opt_test0_O3;2300000;52000;00-33-41
run_opt_test0_O3;2300023;52000;00-33-41
run_opt_test0_O3;2300023;52000;00-33-41
run_opt_test0_O3;2300000;52000;00-33-41
run_opt_test0_O3;2300000;52000;00-33-41
run_opt_test0_O3;2300000;52000;00-33-42
run_opt_test0_O3;2300023;52000;00-33-42
run_opt_test0_O3;2300000;52000;00-33-42
run_opt_test0_O3;2300000;52000;00-33-42
run_opt_test0_O3;2300000;52000;00-33-42
run_opt_test0_O3;2300000;52000;00-33-42
run_opt_test0_O3;2200000;52000;00-33-42
run_opt_test0_O3;2300000;52000;00-33-42
run_opt_test0_O3;2300023;52000;00-33-43
run_opt_test0_O3;2299976;52000;00-33-43
run_opt_test0_O3;2300023;52000;00-33-43
run_opt_test0_O3;2300000;52000;00-33-43
run_opt_test0_O3;2300000;52000;00-33-43
run_opt_test0_O3;2300000;52000;00-33-43
run_opt_test0_O3;2100000;52000;00-33-43
run_opt_test0_O3;2300000;52000;00-33-44
run_opt_test0_O3;2300000;52000;00-33-44
run_opt_test0_O3;2300023;52000;00-33-44
run_opt_test0_O3;2300000;52000;00-33-44
run_opt_test0_O3;2299976;52000;00-33-44
run_opt_test0_O3;2200044;52000;00-33-44
run_opt_test0_O3;2199977;52000;00-33-44
run_opt_test0_O3;2300023;52000;00-33-45
run_opt_test0_O3;2300000;52000;00-33-45
run_opt_test0_O3;2300000;52000;00-33-45
run_opt_test0_O3;2300000;52000;00-33-45
run_opt_test0_O3;2299976;52000;00-33-45
run_opt_test0_O3;2300000;52000;00-33-45
run_opt_test0_O3;2300000;52000;00-33-45
run_opt_test0_O3;2300000;52000;00-33-46
run_opt_test0_O3;2300000;52000;00-33-46
run_opt_test0_O3;2300000;52000;00-33-46
run_opt_test0_O3;2300000;52000;00-33-46
run_opt_test0_O3;2299976;52000;00-33-46
run_opt_test0_O3;2300000;52000;00-33-46
run_opt_test0_O3;2300000;52000;00-33-46
run_opt_test0_O3;2299976;52000;00-33-47
run_opt_test0_O3;2300023;52000;00-33-47
run_opt_test0_O3;2300023;52000;00-33-47
run_opt_test0_O3;2299976;52000;00-33-47
run_opt_test0_O3;2300000;52000;00-33-47
run_opt_test0_O3;2300023;52000;00-33-47
run_opt_test0_O3;2300000;52000;00-33-47
run_opt_test0_O3;2300000;52000;00-33-48
run_opt_test0_O3;2299976;52000;00-33-48
run_opt_test0_O3;2300023;52000;00-33-48
run_opt_test0_O3;2300000;52000;00-33-48
run_opt_test0_O3;2300000;52000;00-33-48
run_opt_test0_O3;2300000;52000;00-33-48
run_opt_test0_O3;2299953;52000;00-33-48
run_opt_test0_O3;2300000;52000;00-33-49
run_opt_test0_O3;2300023;52000;00-33-49
run_opt_test0_O3;2300023;52000;00-33-49
run_opt_test0_O3;2000020;52000;00-33-49
run_opt_test0_O3;2299976;52000;00-33-49
run_opt_test0_O3;2300000;52000;00-33-49
run_opt_test0_O3;2300000;52000;00-33-49
run_opt_test0_O3;2300000;52000;00-33-49
run_opt_test0_O3;2299976;52000;00-33-50
run_opt_test0_O3;2300000;52000;00-33-50
run_opt_test0_O3;2300023;52000;00-33-50
run_opt_test0_O3;2300000;52000;00-33-50
run_opt_test0_O3;2300000;52000;00-33-50
run_opt_test0_O3;2299976;52000;00-33-50
run_opt_test0_O3;1900000;52000;00-33-50
run_opt_test0_O3;2200000;52000;00-33-51
run_opt_test0_O3;2300000;52000;00-33-51
run_opt_test0_O3;2300000;52000;00-33-51
run_opt_test0_O3;2299976;52000;00-33-51
run_opt_test0_O3;2300000;52000;00-33-51
run_opt_test0_O3;2300000;52000;00-33-51
run_opt_test0_O3;2300000;52000;00-33-51
run_opt_test0_O3;2300000;52000;00-33-52
run_opt_test0_O3;2300000;52000;00-33-52
run_opt_test0_O3;2300000;52000;00-33-52
run_opt_test0_O3;2300000;52000;00-33-52
run_opt_test0_O3;2300000;52000;00-33-52
run_opt_test0_O3;2300000;52000;00-33-52
run_opt_test0_O3;2300000;52000;00-33-52
run_opt_test0_O3;2300023;52000;00-33-53
run_opt_test0_O3;2200000;52000;00-33-53
run_opt_test0_O3;2300000;52000;00-33-53
run_opt_test0_O3;2300023;52000;00-33-53
run_opt_test0_O3;2300000;52000;00-33-53
run_opt_test0_O3;2300000;52000;00-33-53
run_opt_test0_O3;2300000;52000;00-33-53
run_opt_test0_O3;2300023;52000;00-33-54
run_opt_test0_O3;2300000;52000;00-33-54
run_opt_test0_O3;2300000;52000;00-33-54
run_opt_test0_O3;2300000;52000;00-33-54
run_opt_test0_O3;2300023;52000;00-33-54
run_opt_test0_O3;2300000;52000;00-33-54
run_opt_test0_O3;2300000;52000;00-33-54
run_opt_test0_O3;2300023;52000;00-33-55
run_opt_test0_O3;2300000;52000;00-33-55
run_opt_test0_O3;2299976;52000;00-33-55
run_opt_test0_O3;2299976;52000;00-33-55
run_opt_test0_O3;2299953;52000;00-33-55
run_opt_test0_O3;2000000;52000;00-33-55
run_opt_test0_O3;2300023;52000;00-33-55
run_opt_test0_O3;2300000;52000;00-33-56
run_opt_test0_O3;2300000;52000;00-33-56
run_opt_test0_O3;2300023;52000;00-33-56
run_opt_test0_O3;2100021;52000;00-33-56
run_opt_test0_O3;2300000;52000;00-33-56
run_opt_test0_O3;2300000;52000;00-33-56
run_opt_test0_O3;2300023;52000;00-33-56
run_opt_test0_O3;2300023;52000;00-33-56
run_opt_test0_O3;2300000;52000;00-33-57
run_opt_test0_O3;2300023;52000;00-33-57
run_opt_test0_O3;2100000;52000;00-33-57
run_opt_test0_O3;2100021;52000;00-33-57
run_opt_test0_O3;2200000;52000;00-33-57
run_opt_test0_O3;2300000;52000;00-33-57
run_opt_test0_O3;2300000;52000;00-33-57
run_opt_test0_O3;2300023;52000;00-33-58
run_opt_test0_O3;2300023;52000;00-33-58
run_opt_test0_O3;2299976;52000;00-33-58
run_opt_test0_O3;2300023;52000;00-33-58
run_opt_test0_O3;2300000;52000;00-33-58
run_opt_test0_O3;2300000;52000;00-33-58
run_opt_test0_O3;2299976;52000;00-33-58
run_opt_test0_O3;2300000;52000;00-33-59
run_opt_test0_O3;2300000;52000;00-33-59
run_opt_test0_O3;2300000;52000;00-33-59
run_opt_test0_O3;2300000;52000;00-33-59
run_opt_test0_O3;2300000;52000;00-33-59
run_opt_test0_O3;2000000;52000;00-33-59
run_opt_test0_O3;2300023;52000;00-33-59
run_opt_test0_O3;2300000;52000;00-34-00
run_opt_test0_O3;2299953;52000;00-34-00
run_opt_test0_O3;2299976;52000;00-34-00
run_opt_test0_O3;2300000;52000;00-34-00
run_opt_test0_O3;2300000;52000;00-34-00
run_opt_test0_O3;2300000;52000;00-34-00
run_opt_test0_O3;2300000;52000;00-34-00
run_opt_test0_O3;2300000;52000;00-34-01
run_opt_test0_O3;2300023;52000;00-34-01
run_opt_test0_O3;2300023;52000;00-34-01
run_opt_test0_O3;2300000;52000;00-34-01
run_opt_test0_O3;2000020;52000;00-34-01
run_opt_test0_O3;2300000;52000;00-34-01
run_opt_test0_O3;2300000;52000;00-34-01
run_opt_test0_O3;2300000;52000;00-34-02
run_opt_test0_O3;2300023;52000;00-34-02
run_opt_test0_O3;2300023;52000;00-34-02
run_opt_test0_O3;2300023;52000;00-34-02
run_opt_test0_O3;2299976;52000;00-34-02
run_opt_test0_O3;2300023;52000;00-34-02
run_opt_test0_O3;2300023;52000;00-34-02
run_opt_test0_O3;2300000;52000;00-34-03
run_opt_test0_O3;2300023;52000;00-34-03
run_opt_test0_O3;2300023;52000;00-34-03
run_opt_test0_O3;2300000;52000;00-34-03
run_opt_test0_O3;2000020;52000;00-34-03
run_opt_test0_O3;2299976;52000;00-34-03
run_opt_test0_O3;2200000;52000;00-34-03
run_opt_test0_O3;2300000;52000;00-34-03
run_opt_test0_O3;2300000;52000;00-34-04
run_opt_test0_O3;2300000;52000;00-34-04
run_opt_test0_O3;2300000;52000;00-34-04
run_opt_test0_O3;2299976;52000;00-34-04
run_opt_test0_O3;2000000;52000;00-34-04
run_opt_test0_O3;2300000;52000;00-34-04
run_opt_test0_O3;2300000;54000;00-34-04
run_opt_test0_O3;2300023;54000;00-34-05
run_opt_test0_O3;1999979;54000;00-34-05
run_opt_test0_O3;2300000;54000;00-34-05
run_opt_test0_O3;2300000;54000;00-34-05
run_opt_test0_O3;2300000;54000;00-34-05
run_opt_test0_O3;2300023;54000;00-34-05
run_opt_test0_O3;2299976;54000;00-34-05
run_opt_test0_O3;2300000;52000;00-34-06
run_opt_test0_O3;2300000;52000;00-34-06
run_opt_test0_O3;2100000;52000;00-34-06
run_opt_test0_O3;2100021;52000;00-34-06
run_opt_test0_O3;2299976;52000;00-34-06
run_opt_test0_O3;2300000;52000;00-34-06
run_opt_test0_O3;2300023;52000;00-34-06
run_opt_test0_O3;2300023;52000;00-34-07
run_opt_test0_O3;2299976;52000;00-34-07
run_opt_test0_O3;2300000;52000;00-34-07
run_opt_test0_O3;2300000;52000;00-34-07
run_opt_test0_O3;2299976;52000;00-34-07
run_opt_test0_O3;2300000;52000;00-34-07
run_opt_test0_O3;2300000;52000;00-34-07
run_opt_test0_O3;2300000;52000;00-34-08
run_opt_test0_O3;2300000;52000;00-34-08
run_opt_test0_O3;2300000;52000;00-34-08
run_opt_test0_O3;2299976;52000;00-34-08
run_opt_test0_O3;2300000;52000;00-34-08
run_opt_test0_O3;2300000;52000;00-34-08
run_opt_test0_O3;2300000;52000;00-34-08
run_opt_test0_O3;2300000;52000;00-34-09
run_opt_test0_O3;2300000;52000;00-34-09
run_opt_test0_O3;2300000;52000;00-34-09
run_opt_test0_O3;2300000;52000;00-34-09
run_opt_test0_O3;2300000;52000;00-34-09
run_opt_test0_O3;2300000;52000;00-34-09
run_opt_test0_O3;2300023;52000;00-34-09
run_opt_test0_O3;2300000;52000;00-34-10
run_opt_test0_O3;2299976;52000;00-34-10
run_opt_test0_O3;2300207;52000;00-34-10
run_opt_test0_O3;2300000;52000;00-34-10
run_opt_test0_O3;2300000;52000;00-34-10
run_opt_test0_O3;2300000;52000;00-34-10
run_opt_test0_O3;2299976;52000;00-34-10
run_opt_test0_O3;2300000;52000;00-34-11
run_opt_test0_O3;2300023;52000;00-34-11
run_opt_test0_O3;2300000;52000;00-34-11
run_opt_test0_O3;2300023;52000;00-34-11
run_opt_test0_O3;2300000;52000;00-34-11
run_opt_test0_O3;2300000;52000;00-34-11
run_opt_test0_O3;2300000;52000;00-34-11
run_opt_test0_O3;2000000;52000;00-34-12
run_opt_test0_O3;2300000;52000;00-34-12
run_opt_test0_O3;2100021;52000;00-34-12
run_opt_test0_O3;2299976;52000;00-34-12
run_opt_test0_O3;2299976;52000;00-34-12
run_opt_test0_O3;2300000;52000;00-34-12
run_opt_test0_O3;2300000;52000;00-34-12
run_opt_test0_O3;2300000;52000;00-34-12
run_opt_test0_O3;2300000;52000;00-34-13
run_opt_test0_O3;2300023;52000;00-34-13
run_opt_test0_O3;2300000;52000;00-34-13
run_opt_test0_O3;2300000;52000;00-34-13
run_opt_test0_O3;2300000;52000;00-34-13
run_opt_test0_O3;2300000;52000;00-34-13
run_opt_test0_O3;2299953;52000;00-34-13
run_opt_test0_O3;2300000;52000;00-34-14
run_opt_test0_O3;2300000;52000;00-34-14
run_opt_test0_O3;2299976;52000;00-34-14
run_opt_test0_O3;2300000;52000;00-34-14
run_opt_test0_O3;2300000;52000;00-34-14
run_opt_test0_O3;2300023;52000;00-34-14
run_opt_test0_O3;2300023;54000;00-34-14
run_opt_test0_O3;2000000;54000;00-34-15
run_opt_test0_O3;2300000;54000;00-34-15
run_opt_test0_O3;2300000;54000;00-34-15
run_opt_test0_O3;2200000;54000;00-34-15
run_opt_test0_O3;2300000;54000;00-34-15
run_opt_test0_O3;2300000;54000;00-34-15
run_opt_test0_O3;2300000;52000;00-34-15
run_opt_test0_O3;2300000;52000;00-34-16
run_opt_test0_O3;2300000;52000;00-34-16
run_opt_test0_O3;2300023;52000;00-34-16
run_opt_test0_O3;2300023;52000;00-34-16
run_opt_test0_O3;2300000;52000;00-34-16
run_opt_test0_O3;2300000;52000;00-34-16
run_opt_test0_O3;2300023;52000;00-34-16
run_opt_test0_O3;2300000;52000;00-34-17
run_opt_test0_O3;2299953;52000;00-34-17
run_opt_test0_O3;2300000;52000;00-34-17
run_opt_test0_O3;2300000;52000;00-34-17
run_opt_test0_O3;2300000;52000;00-34-17
run_opt_test0_O3;2300000;52000;00-34-17
run_opt_test0_O3;2300000;52000;00-34-17
run_opt_test0_O3;2300000;52000;00-34-18
run_opt_test0_O3;2300000;52000;00-34-18
run_opt_test0_O3;2300000;52000;00-34-18
run_opt_test0_O3;2300000;52000;00-34-18
run_opt_test0_O3;2300000;52000;00-34-18
run_opt_test0_O3;2300000;52000;00-34-18
run_opt_test0_O3;2300000;52000;00-34-18
run_opt_test0_O3;2299976;52000;00-34-19
run_opt_test0_O3;2300000;52000;00-34-19
run_opt_test0_O3;2300023;52000;00-34-19
run_opt_test0_O3;2000020;52000;00-34-19
run_opt_test0_O3;2300000;52000;00-34-19
run_opt_test0_O3;2299815;52000;00-34-19
run_opt_test0_O3;2300000;52000;00-34-19
run_opt_test0_O3;2300023;52000;00-34-20
run_opt_test0_O3;2300000;52000;00-34-20
run_opt_test0_O3;2200022;52000;00-34-20
run_opt_test0_O3;2300000;52000;00-34-20
run_opt_test0_O3;2099978;52000;00-34-20
run_opt_test0_O3;2299976;52000;00-34-20
run_opt_test0_O3;2300000;52000;00-34-20
run_opt_test0_O3;2299976;52000;00-34-21
run_opt_test0_O3;2300000;52000;00-34-21
run_opt_test0_O3;2300023;52000;00-34-21
run_opt_test0_O3;2300000;52000;00-34-21
run_opt_test0_O3;2200000;52000;00-34-21
run_opt_test0_O3;2300023;52000;00-34-21
run_opt_test0_O3;2300023;52000;00-34-21
run_opt_test0_O3;2300000;52000;00-34-21
run_opt_test0_O3;2300000;52000;00-34-22
run_opt_test0_O3;2300000;52000;00-34-22
run_opt_test0_O3;2300000;52000;00-34-22
run_opt_test0_O3;2300000;52000;00-34-22
run_opt_test0_O3;2300000;52000;00-34-22
run_opt_test0_O3;2300000;52000;00-34-22
run_opt_test0_O3;2299976;52000;00-34-23
run_opt_test0_O3;2300000;52000;00-34-23
run_opt_test0_O3;2300000;52000;00-34-23
run_opt_test0_O3;2300000;52000;00-34-23
run_opt_test0_O3;2300023;52000;00-34-23
run_opt_test0_O3;2299976;52000;00-34-23
run_opt_test0_O3;2300000;52000;00-34-23
run_opt_test0_O3;2300023;52000;00-34-23
run_opt_test0_O3;2300000;52000;00-34-24
run_opt_test0_O3;2299976;52000;00-34-24
run_opt_test0_O3;2300000;52000;00-34-24
run_opt_test0_O3;2300023;52000;00-34-24
run_opt_test0_O3;2300000;52000;00-34-24
run_opt_test0_O3;2299976;52000;00-34-24
run_opt_test0_O3;2300000;52000;00-34-25
run_opt_test0_O3;2300023;52000;00-34-25
run_opt_test0_O3;2300000;52000;00-34-25
run_opt_test0_O3;2300000;52000;00-34-25
run_opt_test0_O3;2300000;52000;00-34-25
run_opt_test0_O3;2300023;52000;00-34-25
run_opt_test0_O3;2300000;52000;00-34-25
run_opt_test0_O3;2200000;52000;00-34-26
run_opt_test0_O3;2300023;52000;00-34-26
run_opt_test0_O3;2300000;52000;00-34-26
run_opt_test0_O3;2300000;52000;00-34-26
run_opt_test0_O3;2300000;52000;00-34-26
run_opt_test0_O3;2100000;52000;00-34-26
run_opt_test0_O3;2299976;52000;00-34-26
run_opt_test0_O3;2300000;52000;00-34-27
run_opt_test0_O3;2299976;52000;00-34-27
run_opt_test0_O3;2299976;52000;00-34-27
run_opt_test0_O3;2300000;52000;00-34-27
run_opt_test0_O3;2300000;52000;00-34-27
run_opt_test0_O3;2299976;52000;00-34-27
run_opt_test0_O3;2299976;52000;00-34-27
run_opt_test0_O3;2199977;52000;00-34-27
run_opt_test0_O3;2300000;52000;00-34-28
run_opt_test0_O3;2299976;52000;00-34-28
run_opt_test0_O3;2300000;52000;00-34-28
run_opt_test0_O3;2300000;52000;00-34-28
run_opt_test0_O3;2300000;52000;00-34-28
run_opt_test0_O3;2300000;52000;00-34-28
run_opt_test0_O3;2300000;52000;00-34-28
run_opt_test0_O3;2300023;52000;00-34-29
run_opt_test0_O3;2300023;52000;00-34-29
run_opt_test0_O3;2300023;52000;00-34-29
run_opt_test0_O3;2300023;52000;00-34-29
run_opt_test0_O3;2300023;52000;00-34-29
run_opt_test0_O3;2300000;52000;00-34-29
run_opt_test0_O3;2299976;52000;00-34-29
run_opt_test0_O3;2300000;52000;00-34-30
run_opt_test0_O3;2069071;52000;00-34-30
run_opt_test0_O3;2300023;52000;00-34-30
run_opt_test0_O3;2300023;52000;00-34-30
run_opt_test0_O3;2100000;52000;00-34-30
run_opt_test0_O3;2100000;52000;00-34-30
run_opt_test0_O3;2300000;52000;00-34-30
run_opt_test0_O3;2300000;52000;00-34-31
run_opt_test0_O3;2300000;52000;00-34-31
run_opt_test0_O3;2299976;52000;00-34-31
run_opt_test0_O3;2300000;52000;00-34-31
run_opt_test0_O3;2300000;52000;00-34-31
run_opt_test0_O3;2300000;52000;00-34-31
run_opt_test0_O3;2300000;52000;00-34-31
run_opt_test0_O3;2300000;52000;00-34-32
run_opt_test0_O3;2300000;52000;00-34-32
run_opt_test0_O3;2300023;52000;00-34-32
run_opt_test0_O3;2199977;52000;00-34-32
run_opt_test0_O3;2300000;52000;00-34-32
run_opt_test0_O3;2300000;52000;00-34-32
run_opt_test0_O3;2300000;52000;00-34-32
run_opt_test0_O3;2300000;52000;00-34-33
run_opt_test0_O3;2300000;52000;00-34-33
run_opt_test0_O3;2300000;52000;00-34-33
run_opt_test0_O3;2300000;52000;00-34-33
run_opt_test0_O3;2300023;52000;00-34-33
run_opt_test0_O3;2300023;52000;00-34-33
run_opt_test0_O3;2300000;52000;00-34-33
run_opt_test0_O3;2300000;52000;00-34-34
run_opt_test0_O3;2300000;52000;00-34-34
run_opt_test0_O3;2300000;52000;00-34-34
run_opt_test0_O3;2000020;52000;00-34-34
run_opt_test0_O3;1900019;52000;00-34-34
run_opt_test0_O3;2299976;52000;00-34-34
run_opt_test0_O3;2300000;52000;00-34-34
run_opt_test0_O3;2300000;52000;00-34-35
run_opt_test0_O3;2299976;52000;00-34-35
run_opt_test0_O3;2300000;52000;00-34-35
run_opt_test0_O3;2300023;52000;00-34-35
run_opt_test0_O3;2299976;52000;00-34-35
run_opt_test0_O3;2300000;52000;00-34-35
run_opt_test0_O3;2300000;52000;00-34-35
run_opt_test0_O3;2200000;52000;00-34-36
run_opt_test0_O3;2300000;52000;00-34-36
run_opt_test0_O3;2300000;52000;00-34-36
run_opt_test0_O3;2299976;52000;00-34-36
run_opt_test0_O3;2199977;52000;00-34-36
run_opt_test0_O3;2300000;52000;00-34-36
run_opt_test0_O3;2300000;52000;00-34-36
run_opt_test0_O3;2300000;52000;00-34-36
run_opt_test0_O3;2299976;52000;00-34-37
run_opt_test0_O3;2300000;52000;00-34-37
run_opt_test0_O3;2300023;52000;00-34-37
run_opt_test0_O3;2300000;52000;00-34-37
run_opt_test0_O3;2299976;52000;00-34-37
run_opt_test0_O3;2300000;52000;00-34-37
run_opt_test0_O3;2300000;52000;00-34-37
run_opt_test0_O3;2300000;52000;00-34-38
run_opt_test0_O3;2300000;52000;00-34-38
run_opt_test0_O3;2300000;52000;00-34-38
run_opt_test0_O3;2300000;52000;00-34-38
run_opt_test0_O3;2300000;52000;00-34-38
run_opt_test0_O3;2300000;52000;00-34-38
run_opt_test0_O3;2300000;52000;00-34-38
run_opt_test0_O3;2300000;52000;00-34-39
run_opt_test0_O3;2300000;52000;00-34-39
run_opt_test0_O3;2300000;52000;00-34-39
run_opt_test0_O3;2300000;52000;00-34-39
run_opt_test0_O3;2300023;52000;00-34-39
run_opt_test0_O3;2300000;52000;00-34-39
run_opt_test0_O3;2300023;52000;00-34-39
run_opt_test0_O3;2200000;52000;00-34-40
run_opt_test0_O3;2300023;52000;00-34-40
run_opt_test0_O3;2299976;52000;00-34-40
run_opt_test0_O3;2300000;52000;00-34-40
run_opt_test0_O3;2198180;52000;00-34-40
run_opt_test0_O3;2300000;52000;00-34-40
run_opt_test0_O3;2300000;52000;00-34-40
run_opt_test0_O3;2300000;52000;00-34-41
run_opt_test0_O3;2300000;52000;00-34-41
run_opt_test0_O3;2300000;52000;00-34-41
run_opt_test0_O3;2300000;52000;00-34-41
run_opt_test0_O3;2199977;52000;00-34-41
run_opt_test0_O3;2300023;52000;00-34-41
run_opt_test0_O3;2300000;52000;00-34-41
run_opt_test0_O3;2300000;52000;00-34-42
run_opt_test0_O3;2100000;52000;00-34-42
run_opt_test0_O3;2300000;52000;00-34-42
run_opt_test0_O3;2300023;52000;00-34-42
run_opt_test0_O3;2300000;52000;00-34-42
run_opt_test0_O3;2300000;52000;00-34-42
run_opt_test0_O3;2299976;52000;00-34-42
run_opt_test0_O3;2300000;52000;00-34-43
run_opt_test0_O3;2300023;52000;00-34-43
run_opt_test0_O3;2300000;52000;00-34-43
run_opt_test0_O3;2300000;52000;00-34-43
run_opt_test0_O3;2300000;52000;00-34-43
run_opt_test0_O3;2300000;52000;00-34-43
run_opt_test0_O3;2300000;52000;00-34-43
run_opt_test0_O3;2000000;52000;00-34-44
run_opt_test0_O3;2300000;52000;00-34-44
run_opt_test0_O3;2300000;52000;00-34-44
run_opt_test0_O3;2300000;52000;00-34-44
run_opt_test0_O3;2300023;52000;00-34-44
run_opt_test0_O3;2300000;52000;00-34-44
run_opt_test0_O3;2300023;52000;00-34-44
run_opt_test0_O3;2300000;52000;00-34-45
run_opt_test0_O3;2300000;52000;00-34-45
run_opt_test0_O3;2300000;52000;00-34-45
run_opt_test0_O3;2300023;52000;00-34-45
run_opt_test0_O3;2300000;52000;00-34-45
run_opt_test0_O3;2300000;52000;00-34-45
run_opt_test0_O3;2300023;52000;00-34-45
run_opt_test0_O3;2300000;52000;00-34-46
run_opt_test0_O3;2299976;52000;00-34-46
run_opt_test0_O3;2299976;52000;00-34-46
run_opt_test0_O3;2300023;52000;00-34-46
run_opt_test0_O3;2300000;52000;00-34-46
run_opt_test0_O3;2300000;52000;00-34-46
run_opt_test0_O3;2300000;52000;00-34-46
run_opt_test0_O3;2149959;52000;00-34-47
run_opt_test0_O3;2300000;52000;00-34-47
run_opt_test0_O3;2300023;52000;00-34-47
run_opt_test0_O3;2300023;52000;00-34-47
run_opt_test0_O3;2100021;52000;00-34-47
run_opt_test0_O3;2300000;52000;00-34-47
run_opt_test0_O3;2300046;52000;00-34-47
run_opt_test0_O3;2300184;52000;00-34-47
run_opt_test0_O3;2300000;52000;00-34-48
run_opt_test0_O3;2300000;52000;00-34-48
run_opt_test0_O3;2300000;52000;00-34-48
run_opt_test0_O3;2300000;52000;00-34-48
run_opt_test0_O3;2300000;52000;00-34-48
run_opt_test0_O3;2300000;52000;00-34-48
run_opt_test0_O3;2300000;52000;00-34-48
run_opt_test0_O3;2300000;52000;00-34-49
run_opt_test0_O3;2300000;52000;00-34-49
run_opt_test0_O3;2299976;52000;00-34-49
run_opt_test0_O3;2299976;52000;00-34-49
run_opt_test0_O3;2300000;52000;00-34-49
run_opt_test0_O3;2300023;52000;00-34-49
run_opt_test0_O3;2300000;52000;00-34-49
run_opt_test0_O3;2300000;52000;00-34-50
run_opt_test0_O3;2300000;52000;00-34-50
run_opt_test0_O3;2300023;52000;00-34-50
run_opt_test0_O3;2300000;52000;00-34-50
run_opt_test0_O3;2300000;52000;00-34-50
run_opt_test0_O3;2300000;52000;00-34-50
run_opt_test0_O3;2300000;52000;00-34-50
run_opt_test0_O3;2300023;52000;00-34-51
run_opt_test0_O3;2000020;52000;00-34-51
run_opt_test0_O3;2299976;52000;00-34-51
run_opt_test0_O3;2300000;52000;00-34-51
run_opt_test0_O3;2300000;52000;00-34-51
run_opt_test0_O3;2300000;52000;00-34-51
run_opt_test0_O3;2300023;52000;00-34-51
run_opt_test0_O3;2300000;54000;00-34-52
run_opt_test0_O3;2300000;54000;00-34-52
run_opt_test0_O3;2300000;54000;00-34-52
run_opt_test0_O3;2300000;54000;00-34-52
run_opt_test0_O3;2300000;54000;00-34-52
run_opt_test0_O3;2300000;54000;00-34-52
run_opt_test0_O3;2300000;54000;00-34-52
run_opt_test0_O3;2300000;54000;00-34-53
run_opt_test0_O3;2300023;52000;00-34-53
run_opt_test0_O3;2300000;52000;00-34-53
run_opt_test0_O3;2300000;52000;00-34-53
run_opt_test0_O3;2299976;52000;00-34-53
run_opt_test0_O3;2300000;52000;00-34-53
run_opt_test0_O3;2300000;52000;00-34-53
run_opt_test0_O3;2300000;52000;00-34-54
run_opt_test0_O3;2200000;52000;00-34-54
run_opt_test0_O3;2299976;52000;00-34-54
run_opt_test0_O3;2300000;52000;00-34-54
run_opt_test0_O3;2300000;52000;00-34-54
run_opt_test0_O3;2300000;52000;00-34-54
run_opt_test0_O3;2300000;52000;00-34-54
run_opt_test0_O3;2300000;52000;00-34-55
run_opt_test0_O3;2300000;52000;00-34-55
run_opt_test0_O3;2299976;52000;00-34-55
run_opt_test0_O3;2300000;52000;00-34-55
run_opt_test0_O3;2300000;52000;00-34-55
run_opt_test0_O3;2300000;52000;00-34-55
run_opt_test0_O3;2300023;52000;00-34-55
run_opt_test0_O3;2300000;52000;00-34-56
run_opt_test0_O3;2299976;52000;00-34-56
run_opt_test0_O3;2300000;54000;00-34-56
run_opt_test0_O3;2300000;54000;00-34-56
run_opt_test0_O3;2299976;54000;00-34-56
run_opt_test0_O3;2100000;54000;00-34-56
run_opt_test0_O3;2299976;54000;00-34-56
run_opt_test0_O3;2300000;54000;00-34-57
run_opt_test0_O3;1900000;54000;00-34-57
run_opt_test0_O3;2300000;54000;00-34-57
run_opt_test0_O3;2300000;52000;00-34-57
run_opt_test0_O3;2300000;52000;00-34-57
run_opt_test0_O3;2300000;52000;00-34-57
run_opt_test0_O3;2300000;52000;00-34-57
run_opt_test0_O3;2300000;52000;00-34-58
run_opt_test0_O3;2300000;52000;00-34-58
run_opt_test0_O3;2300000;52000;00-34-58
run_opt_test0_O3;2300000;52000;00-34-58
run_opt_test0_O3;2300023;52000;00-34-58
run_opt_test0_O3;2199977;52000;00-34-58
run_opt_test0_O3;2300000;52000;00-34-58
run_opt_test0_O3;2200000;52000;00-34-58
run_opt_test0_O3;1999979;52000;00-34-59
run_opt_test0_O3;2300000;52000;00-34-59
run_opt_test0_O3;2299976;52000;00-34-59
run_opt_test0_O3;2300000;52000;00-34-59
run_opt_test0_O3;2300023;52000;00-34-59
run_opt_test0_O3;2300046;52000;00-34-59
run_opt_test0_O3;2300000;52000;00-34-59
run_opt_test0_O3;1999979;52000;00-35-00
run_opt_test0_O3;2299976;52000;00-35-00
run_opt_test0_O3;2300000;52000;00-35-00
run_opt_test0_O3;2300000;52000;00-35-00
run_opt_test0_O3;2300000;52000;00-35-00
run_opt_test0_O3;2300000;52000;00-35-00
run_opt_test0_O3;2300000;52000;00-35-00
run_opt_test0_O3;2300023;52000;00-35-01
run_opt_test0_O3;2300023;52000;00-35-01
run_opt_test0_O3;2300000;52000;00-35-01
run_opt_test0_O3;2300023;52000;00-35-01
run_opt_test0_O3;2300000;52000;00-35-01
run_opt_test0_O3;2300000;52000;00-35-01
run_opt_test0_O3;2300000;52000;00-35-01
run_opt_test0_O3;2300000;52000;00-35-02
run_opt_test0_O3;2299976;52000;00-35-02
run_opt_test0_O3;2300023;52000;00-35-02
run_opt_test0_O3;2300023;52000;00-35-02
run_opt_test0_O3;2200000;52000;00-35-02
run_opt_test0_O3;2300000;52000;00-35-02
run_opt_test0_O3;2300000;52000;00-35-02
run_opt_test0_O3;2300000;52000;00-35-03
run_opt_test0_O3;2300000;52000;00-35-03
run_opt_test0_O3;2300023;52000;00-35-03
run_opt_test0_O3;2300000;52000;00-35-03
run_opt_test0_O3;2300000;52000;00-35-03
run_opt_test0_O3;2300000;52000;00-35-03
run_opt_test0_O3;2300000;52000;00-35-03
run_opt_test0_O3;2300000;52000;00-35-04
run_opt_test0_O3;2300000;52000;00-35-04
run_opt_test0_O3;2299103;52000;00-35-04
run_opt_test0_O3;2300000;52000;00-35-04
run_opt_test0_O3;2300000;52000;00-35-04
run_opt_test0_O3;2300000;52000;00-35-04
run_opt_test0_O3;2300000;52000;00-35-04
run_opt_test0_O3;2300000;52000;00-35-05
run_opt_test0_O3;2300023;52000;00-35-05
run_opt_test0_O3;2300000;52000;00-35-05
run_opt_test0_O3;2300000;52000;00-35-05
run_opt_test0_O3;1894573;52000;00-35-05
run_opt_test0_O3;2300000;52000;00-35-05
run_opt_test0_O3;2300000;52000;00-35-05
run_opt_test0_O3;2300000;52000;00-35-06
run_opt_test0_O3;2300000;52000;00-35-06
run_opt_test0_O3;2300023;52000;00-35-06
run_opt_test0_O3;2300000;52000;00-35-06
run_opt_test0_O3;2300000;52000;00-35-06
run_opt_test0_O3;2300000;52000;00-35-06
run_opt_test0_O3;2299976;52000;00-35-06
run_opt_test0_O3;2300000;52000;00-35-06
run_opt_test0_O3;2300000;52000;00-35-07
run_opt_test0_O3;2299976;52000;00-35-07
run_opt_test0_O3;2300000;52000;00-35-07
run_opt_test0_O3;2300000;52000;00-35-07
run_opt_test0_O3;2299976;52000;00-35-07
run_opt_test0_O3;2300023;52000;00-35-07
run_opt_test0_O3;2300000;52000;00-35-07
run_opt_test0_O3;2300000;52000;00-35-08
run_opt_test0_O3;2300000;52000;00-35-08
run_opt_test0_O3;2300023;52000;00-35-08
run_opt_test0_O3;2300000;54000;00-35-08
run_opt_test0_O3;2300023;54000;00-35-08
run_opt_test0_O3;2300023;54000;00-35-08
run_opt_test0_O3;1799819;54000;00-35-08
run_opt_test0_O3;2200022;54000;00-35-09
run_opt_test0_O3;2300000;54000;00-35-09
run_opt_test0_O3;2300000;54000;00-35-09
run_opt_test0_O3;2100021;54000;00-35-09
run_opt_test0_O3;2300023;52000;00-35-09
run_opt_test0_O3;2300000;52000;00-35-09
run_opt_test0_O3;2300000;52000;00-35-09
run_opt_test0_O3;2299976;52000;00-35-10
run_opt_test0_O3;2300000;52000;00-35-10
run_opt_test0_O3;2100000;52000;00-35-10
run_opt_test0_O3;2200000;52000;00-35-10
run_opt_test0_O3;2300000;52000;00-35-10
run_opt_test0_O3;2300000;52000;00-35-10
run_opt_test0_O3;2299976;52000;00-35-10
run_opt_test0_O3;2299976;52000;00-35-11
run_opt_test0_O3;2300000;52000;00-35-11
run_opt_test0_O3;2300000;52000;00-35-11
run_opt_test0_O3;2300000;52000;00-35-11
run_opt_test0_O3;2300000;52000;00-35-11
run_opt_test0_O3;2300000;52000;00-35-11
run_opt_test0_O3;2300023;54000;00-35-11
run_opt_test0_O3;2300023;54000;00-35-12
run_opt_test0_O3;2300000;54000;00-35-12
run_opt_test0_O3;2200000;54000;00-35-12
run_opt_test0_O3;2300000;54000;00-35-12
run_opt_test0_O3;2300000;54000;00-35-12
run_opt_test0_O3;2300000;54000;00-35-12
run_opt_test0_O3;2300023;54000;00-35-12
run_opt_test0_O3;2300000;52000;00-35-12
run_opt_test0_O3;2200000;52000;00-35-13
run_opt_test0_O3;2300000;52000;00-35-13
run_opt_test0_O3;2299976;52000;00-35-13
run_opt_test0_O3;2300023;52000;00-35-13
run_opt_test0_O3;2299976;52000;00-35-13
run_opt_test0_O3;2300000;52000;00-35-13
run_opt_test0_O3;2300000;52000;00-35-13
run_opt_test0_O3;2300023;52000;00-35-14
run_opt_test0_O3;2300000;52000;00-35-14
run_opt_test0_O3;2300000;52000;00-35-14
run_opt_test0_O3;2300023;52000;00-35-14
run_opt_test0_O3;2300000;52000;00-35-14
run_opt_test0_O3;2300023;52000;00-35-14
run_opt_test0_O3;2300000;52000;00-35-14
run_opt_test0_O3;2300000;52000;00-35-15
run_opt_test0_O3;2300023;52000;00-35-15
run_opt_test0_O3;2300000;52000;00-35-15
run_opt_test0_O3;2300000;52000;00-35-15
run_opt_test0_O3;2300000;52000;00-35-15
run_opt_test0_O3;2100000;52000;00-35-15
run_opt_test0_O3;2300000;52000;00-35-15
run_opt_test0_O3;2300000;52000;00-35-16
run_opt_test0_O3;2300000;52000;00-35-16
run_opt_test0_O3;2300000;52000;00-35-16
run_opt_test0_O3;2300023;52000;00-35-16
run_opt_test0_O3;2300023;52000;00-35-16
run_opt_test0_O3;2300023;52000;00-35-16
run_opt_test0_O3;2300000;52000;00-35-16
run_opt_test0_O3;2300000;52000;00-35-17
run_opt_test0_O3;2300000;52000;00-35-17
run_opt_test0_O3;2300000;52000;00-35-17
run_opt_test0_O3;2300000;52000;00-35-17
run_opt_test0_O3;2300023;52000;00-35-17
run_opt_test0_O3;2300000;52000;00-35-17
run_opt_test0_O3;2299976;52000;00-35-17
run_opt_test0_O3;2300000;52000;00-35-17
run_opt_test0_O3;2300000;52000;00-35-18
run_opt_test0_O3;2300023;52000;00-35-18
run_opt_test0_O3;2300000;52000;00-35-18
run_opt_test0_O3;2300000;52000;00-35-18
run_opt_test0_O3;2299953;52000;00-35-18
run_opt_test0_O3;2300000;52000;00-35-18
run_opt_test0_O3;2299815;52000;00-35-18
run_opt_test0_O3;2300000;52000;00-35-19
run_opt_test0_O3;2300000;52000;00-35-19
run_opt_test0_O3;2300000;52000;00-35-19
run_opt_test0_O3;1999979;52000;00-35-19
run_opt_test0_O3;2299976;52000;00-35-19
run_opt_test0_O3;2300000;52000;00-35-19
run_opt_test0_O3;2300000;52000;00-35-19
run_opt_test0_O3;2299976;52000;00-35-20
run_opt_test0_O3;2300000;52000;00-35-20
run_opt_test0_O3;2300000;52000;00-35-20
run_opt_test0_O3;2300000;52000;00-35-20
run_opt_test0_O3;2300000;52000;00-35-20
run_opt_test0_O3;2300000;52000;00-35-20
run_opt_test0_O3;2300000;52000;00-35-20
run_opt_test0_O3;2300000;52000;00-35-21
run_opt_test0_O3;2300000;52000;00-35-21
run_opt_test0_O3;2300000;52000;00-35-21
run_opt_test0_O3;2300000;52000;00-35-21
run_opt_test0_O3;2300000;52000;00-35-21
run_opt_test0_O3;2300000;52000;00-35-21
run_opt_test0_O3;2300023;52000;00-35-21
run_opt_test0_O3;2300000;52000;00-35-22
run_opt_test0_O3;2299976;52000;00-35-22
run_opt_test0_O3;2300000;52000;00-35-22
run_opt_test0_O3;2300000;52000;00-35-22
run_opt_test0_O3;2300000;52000;00-35-22
run_opt_test0_O3;2300000;52000;00-35-22
run_opt_test0_O3;2299976;52000;00-35-22
run_opt_test0_O3;2300000;52000;00-35-23
run_opt_test0_O3;2300000;52000;00-35-23
run_opt_test0_O3;2300000;52000;00-35-23
run_opt_test0_O3;2299976;52000;00-35-23
run_opt_test0_O3;2300000;52000;00-35-23
run_opt_test0_O3;2300000;52000;00-35-23
run_opt_test0_O3;2300000;52000;00-35-23
run_opt_test0_O3;2300000;52000;00-35-24
run_opt_test0_O3;2300023;52000;00-35-24
run_opt_test0_O3;2300000;52000;00-35-24
run_opt_test0_O3;2300000;52000;00-35-24
run_opt_test0_O3;2300000;52000;00-35-24
run_opt_test0_O3;2300046;52000;00-35-24
run_opt_test0_O3;2300000;52000;00-35-24
run_opt_test0_O3;2300000;52000;00-35-24
run_opt_test0_O3;2300000;52000;00-35-25
run_opt_test0_O3;2300023;52000;00-35-25
run_opt_test0_O3;2299976;52000;00-35-25
run_opt_test0_O3;2299976;52000;00-35-25
run_opt_test0_O3;2300023;52000;00-35-25
run_opt_test0_O3;2300023;52000;00-35-25
run_opt_test0_O3;2300000;52000;00-35-25
run_opt_test0_O3;2300000;52000;00-35-26
run_opt_test0_O3;2300023;52000;00-35-26
run_opt_test0_O3;2300000;52000;00-35-26
run_opt_test0_O3;2000020;52000;00-35-26
run_opt_test0_O3;2299976;52000;00-35-26
run_opt_test0_O3;2299976;52000;00-35-26
run_opt_test0_O3;2300000;52000;00-35-26
run_opt_test0_O3;2299976;52000;00-35-27
run_opt_test0_O3;2300000;52000;00-35-27
run_opt_test0_O3;2300023;52000;00-35-27
run_opt_test0_O3;2300299;52000;00-35-27
run_opt_test0_O3;2300000;52000;00-35-27
run_opt_test0_O3;2300000;52000;00-35-27
run_opt_test0_O3;2300000;52000;00-35-27
run_opt_test0_O3;2300000;52000;00-35-28
run_opt_test0_O3;2300000;52000;00-35-28
run_opt_test0_O3;2300023;52000;00-35-28
run_opt_test0_O3;2300000;52000;00-35-28
run_opt_test0_O3;2300000;52000;00-35-28
run_opt_test0_O3;2300000;52000;00-35-28
run_opt_test0_O3;2299976;52000;00-35-28
run_opt_test0_O3;2300023;52000;00-35-28
run_opt_test0_O3;2300000;52000;00-35-29
run_opt_test0_O3;2299976;52000;00-35-29
run_opt_test0_O3;2300000;52000;00-35-29
run_opt_test0_O3;2300000;52000;00-35-29
run_opt_test0_O3;2299976;52000;00-35-29
run_opt_test0_O3;2300000;52000;00-35-29
run_opt_test0_O3;2300000;52000;00-35-29
run_opt_test0_O3;2299976;52000;00-35-30
run_opt_test0_O3;2300023;52000;00-35-30
run_opt_test0_O3;2199977;52000;00-35-30
run_opt_test0_O3;2299976;52000;00-35-30
run_opt_test0_O3;2300000;52000;00-35-30
run_opt_test0_O3;2200000;52000;00-35-30
run_opt_test0_O3;2300000;52000;00-35-30
run_opt_test0_O3;2299976;52000;00-35-31
run_opt_test0_O3;2299976;52000;00-35-31
run_opt_test0_O3;2000000;52000;00-35-31
run_opt_test0_O3;2300000;52000;00-35-31
run_opt_test0_O3;2300000;52000;00-35-31
run_opt_test0_O3;2300000;52000;00-35-31
run_opt_test0_O3;2241212;52000;00-35-31
run_opt_test0_O3;2300023;52000;00-35-32
run_opt_test0_O3;2300000;52000;00-35-32
run_opt_test0_O3;2300000;52000;00-35-32
run_opt_test0_O3;1900000;52000;00-35-32
run_opt_test0_O3;2300000;52000;00-35-32
run_opt_test0_O3;2300000;52000;00-35-32
run_opt_test0_O3;2300000;54000;00-35-32
run_opt_test0_O3;2300000;54000;00-35-33
run_opt_test0_O3;2000000;54000;00-35-33
run_opt_test0_O3;2300000;54000;00-35-33
run_opt_test0_O3;2299976;54000;00-35-33
run_opt_test0_O3;2300023;54000;00-35-33
run_opt_test0_O3;2300000;54000;00-35-33
run_opt_test0_O3;2300023;54000;00-35-33
run_opt_test0_O3;2299976;52000;00-35-34
run_opt_test0_O3;2299976;52000;00-35-34
run_opt_test0_O3;2300000;52000;00-35-34
run_opt_test0_O3;2299976;52000;00-35-34
run_opt_test0_O3;2300023;52000;00-35-34
run_opt_test0_O3;2300000;52000;00-35-34
run_opt_test0_O3;2300023;52000;00-35-34
run_opt_test0_O3;2300000;52000;00-35-34
run_opt_test0_O3;2300000;52000;00-35-35
run_opt_test0_O3;2300000;52000;00-35-35
run_opt_test0_O3;2300000;52000;00-35-35
run_opt_test0_O3;2300000;52000;00-35-35
run_opt_test0_O3;2300000;52000;00-35-35
run_opt_test0_O3;2300000;52000;00-35-35
run_opt_test0_O3;2300000;52000;00-35-35
run_opt_test0_O3;2300023;52000;00-35-36
run_opt_test0_O3;2299976;52000;00-35-36
run_opt_test0_O3;2300000;52000;00-35-36
run_opt_test0_O3;2300000;52000;00-35-36
run_opt_test0_O3;2299976;52000;00-35-36
run_opt_test0_O3;2300023;52000;00-35-36
run_opt_test0_O3;2300000;52000;00-35-36
run_opt_test0_O3;2299976;52000;00-35-37
run_opt_test0_O3;2300000;52000;00-35-37
run_opt_test0_O3;2300000;52000;00-35-37
run_opt_test0_O3;2299976;52000;00-35-37
run_opt_test0_O3;2200000;52000;00-35-37
run_opt_test0_O3;2299976;52000;00-35-37
run_opt_test0_O3;2299976;52000;00-35-37
run_opt_test0_O3;2300023;52000;00-35-37
run_opt_test0_O3;2300023;52000;00-35-38
run_opt_test0_O3;2300000;52000;00-35-38
run_opt_test0_O3;2300023;52000;00-35-38
run_opt_test0_O3;2300000;52000;00-35-38
run_opt_test0_O3;2299976;52000;00-35-38
run_opt_test0_O3;2300000;52000;00-35-38
run_opt_test0_O3;2300000;52000;00-35-38
run_opt_test0_O3;2300023;52000;00-35-39
run_opt_test0_O3;2300023;52000;00-35-39
run_opt_test0_O3;2300000;52000;00-35-39
run_opt_test0_O3;2300000;52000;00-35-39
run_opt_test0_O3;2300000;52000;00-35-39
run_opt_test0_O3;2300023;52000;00-35-39
run_opt_test0_O3;2299976;52000;00-35-39
run_opt_test0_O3;2300023;52000;00-35-40
run_opt_test0_O3;2300000;52000;00-35-40
run_opt_test0_O3;2300000;52000;00-35-40
run_opt_test0_O3;2299976;52000;00-35-40
run_opt_test0_O3;2100000;52000;00-35-40
run_opt_test0_O3;2200000;52000;00-35-40
run_opt_test0_O3;2300000;52000;00-35-40
run_opt_test0_O3;2000000;52000;00-35-41
run_opt_test0_O3;2300000;52000;00-35-41
run_opt_test0_O3;2300023;52000;00-35-41
run_opt_test0_O3;2300000;52000;00-35-41
run_opt_test0_O3;2300000;52000;00-35-41
run_opt_test0_O3;2200000;54000;00-35-41
run_opt_test0_O3;2300000;54000;00-35-41
run_opt_test0_O3;2300000;54000;00-35-42
run_opt_test0_O3;2300000;54000;00-35-42
run_opt_test0_O3;2300000;54000;00-35-42
run_opt_test0_O3;2300000;54000;00-35-42
run_opt_test0_O3;2300000;54000;00-35-42
run_opt_test0_O3;2300023;52000;00-35-42
run_opt_test0_O3;2300000;52000;00-35-42
run_opt_test0_O3;2300023;52000;00-35-42
run_opt_test0_O3;2300000;52000;00-35-43
run_opt_test0_O3;2299976;52000;00-35-43
run_opt_test0_O3;2299976;52000;00-35-43
run_opt_test0_O3;2300000;52000;00-35-43
run_opt_test0_O3;2300023;52000;00-35-43
run_opt_test0_O3;2300000;52000;00-35-43
run_opt_test0_O3;2300000;52000;00-35-43
run_opt_test0_O3;2300000;52000;00-35-44
run_opt_test0_O3;2100000;52000;00-35-44
run_opt_test0_O3;2300000;52000;00-35-44
run_opt_test0_O3;2300000;52000;00-35-44
run_opt_test0_O3;2300000;52000;00-35-44
run_opt_test0_O3;2300000;52000;00-35-44
run_opt_test0_O3;2200000;54000;00-35-44
run_opt_test0_O3;2300000;54000;00-35-45
run_opt_test0_O3;2300000;54000;00-35-45
run_opt_test0_O3;2300023;54000;00-35-45
run_opt_test0_O3;2300000;54000;00-35-45
run_opt_test0_O3;2299976;54000;00-35-45
run_opt_test0_O3;2300000;54000;00-35-45
run_opt_test0_O3;2300000;54000;00-35-45
run_opt_test0_O3;2299976;52000;00-35-46
run_opt_test0_O3;2300000;52000;00-35-46
run_opt_test0_O3;2300000;52000;00-35-46
run_opt_test0_O3;2300000;52000;00-35-46
run_opt_test0_O3;2300023;52000;00-35-46
run_opt_test0_O3;2300000;52000;00-35-46
run_opt_test0_O3;2300000;52000;00-35-46
run_opt_test0_O3;2300000;52000;00-35-47
run_opt_test0_O3;2300000;52000;00-35-47
run_opt_test0_O3;2300000;52000;00-35-47
run_opt_test0_O3;2300000;52000;00-35-47
run_opt_test0_O3;2300023;52000;00-35-47
run_opt_test0_O3;2300023;52000;00-35-47
run_opt_test0_O3;2300000;52000;00-35-47
run_opt_test0_O3;2300000;52000;00-35-47
run_opt_test0_O3;2300000;52000;00-35-48
run_opt_test0_O3;2300000;52000;00-35-48
run_opt_test0_O3;2300000;52000;00-35-48
run_opt_test0_O3;2300000;52000;00-35-48
run_opt_test0_O3;2300000;52000;00-35-48
run_opt_test0_O3;2299953;52000;00-35-48
run_opt_test0_O3;2300000;52000;00-35-48
run_opt_test0_O3;2300000;52000;00-35-49
run_opt_test0_O3;2300000;52000;00-35-49
run_opt_test0_O3;2300000;52000;00-35-49
run_opt_test0_O3;2300000;52000;00-35-49
run_opt_test0_O3;2300023;52000;00-35-49
run_opt_test0_O3;2300000;52000;00-35-49
run_opt_test0_O3;2300000;52000;00-35-49
run_opt_test0_O3;2300000;52000;00-35-50
run_opt_test0_O3;2300023;52000;00-35-50
run_opt_test0_O3;2300000;52000;00-35-50
run_opt_test0_O3;2199977;52000;00-35-50
run_opt_test0_O3;2299976;52000;00-35-50
run_opt_test0_O3;2300000;52000;00-35-50
run_opt_test0_O3;2300000;52000;00-35-50
run_opt_test0_O3;2300000;52000;00-35-50
run_opt_test0_O3;2300000;52000;00-35-51
run_opt_test0_O3;2300000;52000;00-35-51
run_opt_test0_O3;2300000;52000;00-35-51
run_opt_test0_O3;2300000;52000;00-35-51
run_opt_test0_O3;2300023;52000;00-35-51
run_opt_test0_O3;2300000;52000;00-35-51
run_opt_test0_O3;2300000;52000;00-35-51
run_opt_test0_O3;2000000;52000;00-35-52
run_opt_test0_O3;2299976;52000;00-35-52
run_opt_test0_O3;2300000;52000;00-35-52
run_opt_test0_O3;2300023;52000;00-35-52
run_opt_test0_O3;2300023;52000;00-35-52
run_opt_test0_O3;2300023;52000;00-35-52
run_opt_test0_O3;2299976;52000;00-35-52
run_opt_test0_O3;2300023;52000;00-35-53
run_opt_test0_O3;2300000;52000;00-35-53
run_opt_test0_O3;2300000;52000;00-35-53
run_opt_test0_O3;2300023;52000;00-35-53
run_opt_test0_O3;2300000;52000;00-35-53
run_opt_test0_O3;2300000;52000;00-35-53
run_opt_test0_O3;2300023;52000;00-35-53
run_opt_test0_O3;1900019;52000;00-35-54
run_opt_test0_O3;2300000;52000;00-35-54
run_opt_test0_O3;2300000;52000;00-35-54
run_opt_test0_O3;2300000;52000;00-35-54
run_opt_test0_O3;2300000;52000;00-35-54
run_opt_test0_O3;2300000;52000;00-35-54
run_opt_test0_O3;2200022;52000;00-35-54
run_opt_test0_O3;2300000;52000;00-35-55
run_opt_test0_O3;2300000;52000;00-35-55
run_opt_test0_O3;2300023;52000;00-35-55
run_opt_test0_O3;2300023;52000;00-35-55
run_opt_test0_O3;2300000;52000;00-35-55
run_opt_test0_O3;2300000;52000;00-35-55
run_opt_test0_O3;2300000;52000;00-35-55
run_opt_test0_O3;2100021;52000;00-35-55
run_opt_test0_O3;2100000;52000;00-35-56
run_opt_test0_O3;2300000;52000;00-35-56
run_opt_test0_O3;2300046;52000;00-35-56
run_opt_test0_O3;2099978;52000;00-35-56
run_opt_test0_O3;2299976;52000;00-35-56
run_opt_test0_O3;2300000;52000;00-35-56
run_opt_test0_O3;2300000;52000;00-35-56
run_opt_test0_O3;2000000;54000;00-35-57
run_opt_test0_O3;2300023;54000;00-35-57
run_opt_test0_O3;2300023;54000;00-35-57
run_opt_test0_O3;2300000;54000;00-35-57
run_opt_test0_O3;2299976;54000;00-35-57
run_opt_test0_O3;2300000;54000;00-35-57
run_opt_test0_O3;2300000;54000;00-35-57
run_opt_test0_O3;2300000;54000;00-35-58
run_opt_test0_O3;2300023;52000;00-35-58
run_opt_test0_O3;2300000;52000;00-35-58
run_opt_test0_O3;2300000;52000;00-35-58
run_opt_test0_O3;2300023;52000;00-35-58
run_opt_test0_O3;2300000;52000;00-35-58
run_opt_test0_O3;2300000;52000;00-35-58
run_opt_test0_O3;2200022;52000;00-35-59
run_opt_test0_O3;2300000;52000;00-35-59
run_opt_test0_O3;2300000;52000;00-35-59
run_opt_test0_O3;2299976;52000;00-35-59
run_opt_test0_O3;2300023;52000;00-35-59
run_opt_test0_O3;2300000;52000;00-35-59
run_opt_test0_O3;2299976;52000;00-35-59
run_opt_test0_O3;2300000;52000;00-36-00
run_opt_test0_O3;2300000;52000;00-36-00
run_opt_test0_O3;2299976;52000;00-36-00
run_opt_test0_O3;2300023;52000;00-36-00
run_opt_test0_O3;2300000;52000;00-36-00
run_opt_test0_O3;2300000;52000;00-36-00
run_opt_test0_O3;2300000;52000;00-36-00
run_opt_test0_O3;2300000;52000;00-36-01
run_opt_test0_O3;2300023;52000;00-36-01
run_opt_test0_O3;2300000;52000;00-36-01
run_opt_test0_O3;2300023;52000;00-36-01
run_opt_test0_O3;2300000;52000;00-36-01
run_opt_test0_O3;2300000;52000;00-36-01
run_opt_test0_O3;2300023;52000;00-36-01
run_opt_test0_O3;2300000;52000;00-36-01
run_opt_test0_O3;2300000;52000;00-36-02
run_opt_test0_O3;2300000;52000;00-36-02
run_opt_test0_O3;2300000;52000;00-36-02
run_opt_test0_O3;2200000;52000;00-36-02
run_opt_test0_O3;2300023;52000;00-36-02
run_opt_test0_O3;2299976;52000;00-36-02
run_opt_test0_O3;2300023;52000;00-36-02
run_opt_test0_O3;2300000;52000;00-36-03
run_opt_test0_O3;2300000;52000;00-36-03
run_opt_test0_O3;2300000;52000;00-36-03
run_opt_test0_O3;2299976;52000;00-36-03
run_opt_test0_O3;2300000;52000;00-36-03
run_opt_test0_O3;2300023;52000;00-36-03
run_opt_test0_O3;2200000;52000;00-36-03
run_opt_test0_O3;2300000;52000;00-36-04
run_opt_test0_O3;2300023;52000;00-36-04
run_opt_test0_O3;2299976;52000;00-36-04
run_opt_test0_O3;2300000;52000;00-36-04
run_opt_test0_O3;2300023;52000;00-36-04
run_opt_test0_O3;2299976;52000;00-36-04
run_opt_test0_O3;2000000;52000;00-36-04
run_opt_test0_O3;2300023;52000;00-36-05
run_opt_test0_O3;2300000;52000;00-36-05
run_opt_test0_O3;2300000;52000;00-36-05
run_opt_test0_O3;2300000;52000;00-36-05
run_opt_test0_O3;2299976;52000;00-36-05
run_opt_test0_O3;2300023;52000;00-36-05
run_opt_test0_O3;2300023;52000;00-36-05
run_opt_test0_O3;2300000;52000;00-36-06
run_opt_test0_O3;2300000;52000;00-36-06
run_opt_test0_O3;2300000;52000;00-36-06
run_opt_test0_O3;2299976;52000;00-36-06
run_opt_test0_O3;2299976;52000;00-36-06
run_opt_test0_O3;2300000;52000;00-36-06
run_opt_test0_O3;2300000;52000;00-36-06
run_opt_test0_O3;2300023;52000;00-36-07
run_opt_test0_O3;2258672;52000;00-36-07
run_opt_test0_O3;2300023;52000;00-36-07
run_opt_test0_O3;2300000;52000;00-36-07
run_opt_test0_O3;2299976;52000;00-36-07
run_opt_test0_O3;2300000;52000;00-36-07
run_opt_test0_O3;2300000;52000;00-36-07
run_opt_test0_O3;2300023;52000;00-36-08
run_opt_test0_O3;2300000;52000;00-36-08
run_opt_test0_O3;2299976;52000;00-36-08
run_opt_test0_O3;2299976;52000;00-36-08
run_opt_test0_O3;2300000;52000;00-36-08
run_opt_test0_O3;2300000;52000;00-36-08
run_opt_test0_O3;2300000;52000;00-36-08
run_opt_test0_O3;2300000;52000;00-36-09
run_opt_test0_O3;2299976;52000;00-36-09
run_opt_test0_O3;2299976;52000;00-36-09
run_opt_test0_O3;2300023;52000;00-36-09
run_opt_test0_O3;2300000;52000;00-36-09
run_opt_test0_O3;2300000;52000;00-36-09
run_opt_test0_O3;2300000;52000;00-36-09
run_opt_test0_O3;2300000;52000;00-36-09
run_opt_test0_O3;2300000;52000;00-36-10
run_opt_test0_O3;2300000;52000;00-36-10
run_opt_test0_O3;2100000;52000;00-36-10
run_opt_test0_O3;2300023;52000;00-36-10
run_opt_test0_O3;2300000;52000;00-36-10
run_opt_test0_O3;2300000;52000;00-36-10
run_opt_test0_O3;2300000;52000;00-36-10
run_opt_test0_O3;2300000;52000;00-36-11
run_opt_test0_O3;2300000;52000;00-36-11
run_opt_test0_O3;2299976;52000;00-36-11
run_opt_test0_O3;2300000;52000;00-36-11
run_opt_test0_O3;2300000;52000;00-36-11
run_opt_test0_O3;2300000;52000;00-36-11
run_opt_test0_O3;2300000;52000;00-36-11
run_opt_test0_O3;2300000;52000;00-36-12
run_opt_test0_O3;2300000;52000;00-36-12
run_opt_test0_O3;2300023;52000;00-36-12
run_opt_test0_O3;2299976;52000;00-36-12
run_opt_test0_O3;2300000;52000;00-36-12
run_opt_test0_O3;2300000;52000;00-36-12
run_opt_test0_O3;2300000;52000;00-36-12
run_opt_test0_O3;2300000;52000;00-36-13
run_opt_test0_O3;2300000;52000;00-36-13
run_opt_test0_O3;2300000;52000;00-36-13
run_opt_test0_O3;2300000;52000;00-36-13
run_opt_test0_O3;2299976;52000;00-36-13
run_opt_test0_O3;2299953;52000;00-36-13
run_opt_test0_O3;2300000;52000;00-36-13
run_opt_test0_O3;2300000;52000;00-36-14
run_opt_test0_O3;2300046;52000;00-36-14
run_opt_test0_O3;2300023;52000;00-36-14
run_opt_test0_O3;2299976;52000;00-36-14
run_opt_test0_O3;2300000;52000;00-36-14
run_opt_test0_O3;2300000;52000;00-36-14
run_opt_test0_O3;2299976;54000;00-36-14
run_opt_test0_O3;2300000;54000;00-36-15
run_opt_test0_O3;2018595;54000;00-36-15
run_opt_test0_O3;2300000;54000;00-36-15
run_opt_test0_O3;2300023;54000;00-36-15
run_opt_test0_O3;2300000;54000;00-36-15
run_opt_test0_O3;2299976;54000;00-36-15
run_opt_test0_O3;2300000;54000;00-36-15
run_opt_test0_O3;2300000;52000;00-36-15
run_opt_test0_O3;2300000;52000;00-36-16
run_opt_test0_O3;2300023;52000;00-36-16
run_opt_test0_O3;2300023;52000;00-36-16
run_opt_test0_O3;2300000;52000;00-36-16
run_opt_test0_O3;2300000;52000;00-36-16
run_opt_test0_O3;2299976;52000;00-36-16
run_opt_test0_O3;2300000;52000;00-36-16
run_opt_test0_O3;2300023;52000;00-36-17
run_opt_test0_O3;2300023;52000;00-36-17
run_opt_test0_O3;2300000;52000;00-36-17
run_opt_test0_O3;2300000;52000;00-36-17
run_opt_test0_O3;2300000;52000;00-36-17
run_opt_test0_O3;2300000;52000;00-36-17
run_opt_test0_O3;2300000;52000;00-36-17
run_opt_test0_O3;2299976;52000;00-36-18
run_opt_test0_O3;2300000;52000;00-36-18
run_opt_test0_O3;2300000;52000;00-36-18
run_opt_test0_O3;2300000;52000;00-36-18
run_opt_test0_O3;2300000;52000;00-36-18
run_opt_test0_O3;2300000;52000;00-36-18
run_opt_test0_O3;2300000;52000;00-36-18
run_opt_test0_O3;2300000;52000;00-36-19
run_opt_test0_O3;2300000;52000;00-36-19
run_opt_test0_O3;2300000;52000;00-36-19
run_opt_test0_O3;2300000;52000;00-36-19
run_opt_test0_O3;2300000;52000;00-36-19
run_opt_test0_O3;2300000;52000;00-36-19
run_opt_test0_O3;2300000;52000;00-36-19
run_opt_test0_O3;2300000;52000;00-36-20
run_opt_test0_O3;2300000;52000;00-36-20
run_opt_test0_O3;2300000;52000;00-36-20
run_opt_test0_O3;2300000;52000;00-36-20
run_opt_test0_O3;2300000;52000;00-36-20
run_opt_test0_O3;2299976;52000;00-36-20
run_opt_test0_O3;2000020;52000;00-36-20
run_opt_test0_O3;2300000;52000;00-36-20
run_opt_test0_O3;2199977;52000;00-36-21
run_opt_test0_O3;2300000;52000;00-36-21
run_opt_test0_O3;2300000;52000;00-36-21
run_opt_test0_O3;2299976;52000;00-36-21
run_opt_test0_O3;2200000;52000;00-36-21
run_opt_test0_O3;2300000;52000;00-36-21
run_opt_test0_O3;2300000;52000;00-36-21
run_opt_test0_O3;2300000;52000;00-36-22
run_opt_test0_O3;2300000;52000;00-36-22
run_opt_test0_O3;2300023;52000;00-36-22
run_opt_test0_O3;2300000;52000;00-36-22
run_opt_test0_O3;2300000;52000;00-36-22
run_opt_test0_O3;2299976;52000;00-36-22
run_opt_test0_O3;2300000;52000;00-36-22
run_opt_test0_O3;2300000;52000;00-36-23
run_opt_test0_O3;2300000;52000;00-36-23
run_opt_test0_O3;2300000;52000;00-36-23
run_opt_test0_O3;2300000;52000;00-36-23
run_opt_test0_O3;2299976;52000;00-36-23
run_opt_test0_O3;2299976;52000;00-36-23
run_opt_test0_O3;2300000;52000;00-36-23
run_opt_test0_O3;2000000;52000;00-36-24
run_opt_test0_O3;2300000;52000;00-36-24
run_opt_test0_O3;2300000;52000;00-36-24
run_opt_test0_O3;2300000;52000;00-36-24
run_opt_test0_O3;2100021;52000;00-36-24
run_opt_test0_O3;2299976;52000;00-36-24
run_opt_test0_O3;2300000;52000;00-36-24
run_opt_test0_O3;2300000;52000;00-36-25
run_opt_test0_O3;2300000;52000;00-36-25
run_opt_test0_O3;2300023;52000;00-36-25
run_opt_test0_O3;2300000;52000;00-36-25
run_opt_test0_O3;2300023;52000;00-36-25
run_opt_test0_O3;2300000;52000;00-36-25
run_opt_test0_O3;2300023;52000;00-36-25
run_opt_test0_O3;2300000;52000;00-36-26
run_opt_test0_O3;2300023;52000;00-36-26
run_opt_test0_O3;2300000;52000;00-36-26
run_opt_test0_O3;2000000;52000;00-36-26
run_opt_test0_O3;2300000;52000;00-36-26
run_opt_test0_O3;2299976;52000;00-36-26
run_opt_test0_O3;2300000;52000;00-36-26
run_opt_test0_O3;2300000;52000;00-36-27
run_opt_test0_O3;2300000;52000;00-36-27
run_opt_test0_O3;2300000;52000;00-36-27
run_opt_test0_O3;2300023;52000;00-36-27
run_opt_test0_O3;2300000;52000;00-36-27
run_opt_test0_O3;2300000;52000;00-36-27
run_opt_test0_O3;2300023;52000;00-36-27
run_opt_test0_O3;2300000;52000;00-36-28
run_opt_test0_O3;2300000;52000;00-36-28
run_opt_test0_O3;2300000;52000;00-36-28
run_opt_test0_O3;2300000;52000;00-36-28
run_opt_test0_O3;2300000;52000;00-36-28
run_opt_test0_O3;2300000;52000;00-36-28
run_opt_test0_O3;2300000;52000;00-36-28
run_opt_test0_O3;2299976;52000;00-36-28
run_opt_test0_O3;1999979;52000;00-36-29
run_opt_test0_O3;1900000;52000;00-36-29
run_opt_test0_O3;2300000;52000;00-36-29
run_opt_test0_O3;2299976;52000;00-36-29
run_opt_test0_O3;2000000;52000;00-36-29
run_opt_test0_O3;2299976;52000;00-36-29
run_opt_test0_O3;2300000;52000;00-36-29
run_opt_test0_O3;2300000;52000;00-36-30
run_opt_test0_O3;2300000;52000;00-36-30
run_opt_test0_O3;2299976;52000;00-36-30
run_opt_test0_O3;2300000;52000;00-36-30
run_opt_test0_O3;2300000;52000;00-36-30
run_opt_test0_O3;2300000;52000;00-36-30
run_opt_test0_O3;2300023;52000;00-36-30
run_opt_test0_O3;2300000;52000;00-36-31
run_opt_test0_O3;2300000;52000;00-36-31
run_opt_test0_O3;2300023;52000;00-36-31
run_opt_test0_O3;2300023;52000;00-36-31
run_opt_test0_O3;2300023;52000;00-36-31
run_opt_test0_O3;2300023;52000;00-36-31
run_opt_test0_O3;2300000;52000;00-36-31
run_opt_test0_O3;2300000;52000;00-36-31
run_opt_test0_O3;2300023;52000;00-36-32
run_opt_test0_O3;2300000;52000;00-36-32
run_opt_test0_O3;2300000;52000;00-36-32
run_opt_test0_O3;2300023;52000;00-36-32
run_opt_test0_O3;2300000;52000;00-36-32
run_opt_test0_O3;2300023;52000;00-36-32
run_opt_test0_O3;2300000;52000;00-36-32
run_opt_test0_O3;2300000;52000;00-36-33
run_opt_test0_O3;2299976;52000;00-36-33
run_opt_test0_O3;2000000;52000;00-36-33
run_opt_test0_O3;2299976;52000;00-36-33
run_opt_test0_O3;2299976;52000;00-36-33
run_opt_test0_O3;2200000;54000;00-36-33
run_opt_test0_O3;2300000;54000;00-36-33
run_opt_test0_O3;2300023;54000;00-36-33
run_opt_test0_O3;2299976;54000;00-36-34
run_opt_test0_O3;2300000;54000;00-36-34
run_opt_test0_O3;2300000;54000;00-36-34
run_opt_test0_O3;2300000;54000;00-36-34
run_opt_test0_O3;2299976;54000;00-36-34
run_opt_test0_O3;2300000;52000;00-36-34
run_opt_test0_O3;2300023;52000;00-36-34
run_opt_test0_O3;2300000;52000;00-36-35
run_opt_test0_O3;2300000;52000;00-36-35
run_opt_test0_O3;2300000;52000;00-36-35
run_opt_test0_O3;2300000;52000;00-36-35
run_opt_test0_O3;2300000;52000;00-36-35
run_opt_test0_O3;2300023;52000;00-36-35
run_opt_test0_O3;2299976;52000;00-36-35
run_opt_test0_O3;2300023;52000;00-36-36
run_opt_test0_O3;2300000;52000;00-36-36
run_opt_test0_O3;2300000;52000;00-36-36
run_opt_test0_O3;2300000;52000;00-36-36
run_opt_test0_O3;2299976;52000;00-36-36
run_opt_test0_O3;2099978;52000;00-36-36
run_opt_test0_O3;2299976;52000;00-36-36
run_opt_test0_O3;2299976;52000;00-36-37
run_opt_test0_O3;2299976;52000;00-36-37
run_opt_test0_O3;2299976;52000;00-36-37
run_opt_test0_O3;2300000;52000;00-36-37
run_opt_test0_O3;2300000;52000;00-36-37
run_opt_test0_O3;2300000;52000;00-36-37
run_opt_test0_O3;2299953;52000;00-36-37
run_opt_test0_O3;2300000;52000;00-36-38
run_opt_test0_O3;2299976;52000;00-36-38
run_opt_test0_O3;2300023;52000;00-36-38
run_opt_test0_O3;2300000;52000;00-36-38
run_opt_test0_O3;2100000;52000;00-36-38
run_opt_test0_O3;2300000;52000;00-36-38
run_opt_test0_O3;2300000;52000;00-36-38
run_opt_test0_O3;2299976;52000;00-36-39
run_opt_test0_O3;1835193;52000;00-36-39
run_opt_test0_O3;2299976;52000;00-36-39
run_opt_test0_O3;2300000;52000;00-36-39
run_opt_test0_O3;2300000;52000;00-36-39
run_opt_test0_O3;2299976;52000;00-36-39
run_opt_test0_O3;2300023;52000;00-36-39
run_opt_test0_O3;2300000;52000;00-36-39
run_opt_test0_O3;2300000;52000;00-36-40
run_opt_test0_O3;2300000;54000;00-36-40
run_opt_test0_O3;2300000;54000;00-36-40
run_opt_test0_O3;2300023;54000;00-36-40
run_opt_test0_O3;2299976;54000;00-36-40
run_opt_test0_O3;2300000;54000;00-36-40
run_opt_test0_O3;2299976;54000;00-36-40
run_opt_test0_O3;2200000;54000;00-36-41
run_opt_test0_O3;2300000;54000;00-36-41
run_opt_test0_O3;2299976;52000;00-36-41
run_opt_test0_O3;2300000;52000;00-36-41
run_opt_test0_O3;2299976;52000;00-36-41
run_opt_test0_O3;2300000;52000;00-36-41
run_opt_test0_O3;2300000;52000;00-36-41
run_opt_test0_O3;2300000;52000;00-36-42
run_opt_test0_O3;2300000;52000;00-36-42
run_opt_test0_O3;2300023;52000;00-36-42
run_opt_test0_O3;2300000;52000;00-36-42
run_opt_test0_O3;2300000;52000;00-36-42
run_opt_test0_O3;2300023;52000;00-36-42
run_opt_test0_O3;2200000;52000;00-36-42
run_opt_test0_O3;2300000;52000;00-36-43
run_opt_test0_O3;2299976;52000;00-36-43
run_opt_test0_O3;2300000;52000;00-36-43
run_opt_test0_O3;2300023;52000;00-36-43
run_opt_test0_O3;2300000;52000;00-36-43
run_opt_test0_O3;2100000;52000;00-36-43
run_opt_test0_O3;2300000;52000;00-36-43
run_opt_test0_O3;2099978;52000;00-36-43
run_opt_test0_O3;2300000;52000;00-36-44
run_opt_test0_O3;2300000;52000;00-36-44
run_opt_test0_O3;2299976;52000;00-36-44
run_opt_test0_O3;2299976;52000;00-36-44
run_opt_test0_O3;2300000;54000;00-36-44
run_opt_test0_O3;2299976;54000;00-36-44
run_opt_test0_O3;2300023;54000;00-36-44
run_opt_test0_O3;2300000;54000;00-36-45
run_opt_test0_O3;2199977;54000;00-36-45
run_opt_test0_O3;2300023;54000;00-36-45
run_opt_test0_O3;2300000;54000;00-36-45
run_opt_test0_O3;2300000;54000;00-36-45
run_opt_test0_O3;2299976;52000;00-36-45
run_opt_test0_O3;2199977;52000;00-36-45
run_opt_test0_O3;2299976;52000;00-36-46
run_opt_test0_O3;2300000;52000;00-36-46
run_opt_test0_O3;2300000;52000;00-36-46
run_opt_test0_O3;2100000;52000;00-36-46
run_opt_test0_O3;2300000;52000;00-36-46
run_opt_test0_O3;2300000;52000;00-36-46
run_opt_test0_O3;2300023;52000;00-36-46
run_opt_test0_O3;2300023;52000;00-36-47
run_opt_test0_O3;2300000;52000;00-36-47
run_opt_test0_O3;2300000;52000;00-36-47
run_opt_test0_O3;2300023;52000;00-36-47
run_opt_test0_O3;2300000;52000;00-36-47
run_opt_test0_O3;2300000;52000;00-36-47
run_opt_test0_O3;2300023;52000;00-36-47
run_opt_test0_O3;2299976;52000;00-36-47
run_opt_test0_O3;2300000;52000;00-36-48
run_opt_test0_O3;2300000;52000;00-36-48
run_opt_test0_O3;2300000;52000;00-36-48
run_opt_test0_O3;2300023;52000;00-36-48
run_opt_test0_O3;2199977;52000;00-36-48
run_opt_test0_O3;2300000;52000;00-36-48
run_opt_test0_O3;2300000;52000;00-36-48
run_opt_test0_O3;2300000;52000;00-36-49
run_opt_test0_O3;2300023;52000;00-36-49
run_opt_test0_O3;2300000;52000;00-36-49
run_opt_test0_O3;2200000;52000;00-36-49
run_opt_test0_O3;2300000;52000;00-36-49
run_opt_test0_O3;2299976;52000;00-36-49
run_opt_test0_O3;2300000;52000;00-36-49
run_opt_test0_O3;2300023;52000;00-36-50
run_opt_test0_O3;2300000;52000;00-36-50
run_opt_test0_O3;2299976;52000;00-36-50
run_opt_test0_O3;2300000;52000;00-36-50
run_opt_test0_O3;2300000;52000;00-36-50
run_opt_test0_O3;2300023;52000;00-36-50
run_opt_test0_O3;2300023;52000;00-36-50
run_opt_test0_O3;2300023;52000;00-36-51
run_opt_test0_O3;2299976;52000;00-36-51
run_opt_test0_O3;2300023;54000;00-36-51
run_opt_test0_O3;2299976;54000;00-36-51
run_opt_test0_O3;2200000;54000;00-36-51
run_opt_test0_O3;2300000;54000;00-36-51
run_opt_test0_O3;2300000;54000;00-36-51
run_opt_test0_O3;2300023;54000;00-36-52
run_opt_test0_O3;2300000;54000;00-36-52
run_opt_test0_O3;2299976;52000;00-36-52
run_opt_test0_O3;2300000;52000;00-36-52
run_opt_test0_O3;2300023;52000;00-36-52
run_opt_test0_O3;2300000;52000;00-36-52
run_opt_test0_O3;2300023;52000;00-36-52
run_opt_test0_O3;2300000;52000;00-36-52
run_opt_test0_O3;2300000;52000;00-36-53
run_opt_test0_O3;2300000;52000;00-36-53
run_opt_test0_O3;2299976;52000;00-36-53
run_opt_test0_O3;2300000;52000;00-36-53
run_opt_test0_O3;2300000;52000;00-36-53
run_opt_test0_O3;2300023;52000;00-36-53
run_opt_test0_O3;2300000;52000;00-36-53
run_opt_test0_O3;2300000;52000;00-36-54
run_opt_test0_O3;2300000;52000;00-36-54
run_opt_test0_O3;2300000;52000;00-36-54
run_opt_test0_O3;2300000;54000;00-36-54
run_opt_test0_O3;2300023;54000;00-36-54
run_opt_test0_O3;2300000;54000;00-36-54
run_opt_test0_O3;2300000;54000;00-36-54
run_opt_test0_O3;2300000;54000;00-36-55
run_opt_test0_O3;2300000;54000;00-36-55
run_opt_test0_O3;2299976;54000;00-36-55
run_opt_test0_O3;2300000;54000;00-36-55
run_opt_test0_O3;2300023;54000;00-36-55
run_opt_test0_O3;2300000;54000;00-36-55
run_opt_test0_O3;2300000;54000;00-36-55
run_opt_test0_O3;2300000;54000;00-36-56
run_opt_test0_O3;2299976;54000;00-36-56
run_opt_test0_O3;2300000;54000;00-36-56
run_opt_test0_O3;2300023;54000;00-36-56
run_opt_test0_O3;2299976;52000;00-36-56
run_opt_test0_O3;2300023;52000;00-36-56
run_opt_test0_O3;2300023;52000;00-36-56
run_opt_test0_O3;2300023;52000;00-36-57
run_opt_test0_O3;2300023;52000;00-36-57
run_opt_test0_O3;2300000;52000;00-36-57
run_opt_test0_O3;2300023;52000;00-36-57
run_opt_test0_O3;2300000;52000;00-36-57
run_opt_test0_O3;2300023;52000;00-36-57
run_opt_test0_O3;2300000;52000;00-36-57
run_opt_test0_O3;2300000;52000;00-36-58
run_opt_test0_O3;2300000;52000;00-36-58
run_opt_test0_O3;2300023;52000;00-36-58
run_opt_test0_O3;2299976;52000;00-36-58
run_opt_test0_O3;2300023;52000;00-36-58
run_opt_test0_O3;2300000;52000;00-36-58
run_opt_test0_O3;2300000;52000;00-36-58
run_opt_test0_O3;2300000;52000;00-36-59
run_opt_test0_O3;2300000;52000;00-36-59
run_opt_test0_O3;2300000;52000;00-36-59
run_opt_test0_O3;2300000;52000;00-36-59
run_opt_test0_O3;2300000;52000;00-36-59
run_opt_test0_O3;2300000;52000;00-36-59
run_opt_test0_O3;2300000;52000;00-36-59
run_opt_test0_O3;2300023;52000;00-37-00
run_opt_test0_O3;2300000;52000;00-37-00
run_opt_test0_O3;2300000;52000;00-37-00
run_opt_test0_O3;2300023;52000;00-37-00
run_opt_test0_O3;2300000;52000;00-37-00
run_opt_test0_O3;2300000;52000;00-37-00
run_opt_test0_O3;2300000;52000;00-37-00
run_opt_test0_O3;2300023;52000;00-37-01
run_opt_test0_O3;2200022;52000;00-37-01
run_opt_test0_O3;2299976;52000;00-37-01
run_opt_test0_O3;2300023;52000;00-37-01
run_opt_test0_O3;2299976;52000;00-37-01
run_opt_test0_O3;2200000;52000;00-37-01
run_opt_test0_O3;2299976;52000;00-37-01
run_opt_test0_O3;2300000;52000;00-37-02
run_opt_test0_O3;2300000;52000;00-37-02
run_opt_test0_O3;2300000;52000;00-37-02
run_opt_test0_O3;2300000;52000;00-37-02
run_opt_test0_O3;2299976;52000;00-37-02
run_opt_test0_O3;2300023;52000;00-37-02
run_opt_test0_O3;2300000;52000;00-37-02
run_opt_test0_O3;2300000;52000;00-37-03
run_opt_test0_O3;2200000;52000;00-37-03
run_opt_test0_O3;2299976;52000;00-37-03
run_opt_test0_O3;2300000;52000;00-37-03
run_opt_test0_O3;2100000;52000;00-37-03
run_opt_test0_O3;2299976;52000;00-37-03
run_opt_test0_O3;2300000;52000;00-37-03
run_opt_test0_O3;2300000;52000;00-37-04
run_opt_test0_O3;2300000;52000;00-37-04
run_opt_test0_O3;2300000;52000;00-37-04
run_opt_test0_O3;2299976;52000;00-37-04
run_opt_test0_O3;2299976;52000;00-37-04
run_opt_test0_O3;2300000;52000;00-37-04
run_opt_test0_O3;2300000;52000;00-37-04
run_opt_test0_O3;2300000;52000;00-37-05
run_opt_test0_O3;2300000;52000;00-37-05
run_opt_test0_O3;2300023;52000;00-37-05
run_opt_test0_O3;2300000;52000;00-37-05
run_opt_test0_O3;2200000;52000;00-37-05
run_opt_test0_O3;2300000;52000;00-37-05
run_opt_test0_O3;2300023;52000;00-37-05
run_opt_test0_O3;2300000;52000;00-37-06
run_opt_test0_O3;2300023;52000;00-37-06
run_opt_test0_O3;2300023;52000;00-37-06
run_opt_test0_O3;2300000;52000;00-37-06
run_opt_test0_O3;2300000;52000;00-37-06
run_opt_test0_O3;2300023;52000;00-37-06
run_opt_test0_O3;2300000;52000;00-37-06
run_opt_test0_O3;2300023;52000;00-37-07
run_opt_test0_O3;2300000;52000;00-37-07
run_opt_test0_O3;2299976;52000;00-37-07
run_opt_test0_O3;2300000;52000;00-37-07
run_opt_test0_O3;2300000;52000;00-37-07
run_opt_test0_O3;2300000;52000;00-37-07
run_opt_test0_O3;2300000;52000;00-37-07
run_opt_test0_O3;2300000;52000;00-37-07
run_opt_test0_O3;2300000;52000;00-37-08
run_opt_test0_O3;2300000;52000;00-37-08
run_opt_test0_O3;2300000;52000;00-37-08
run_opt_test0_O3;2300000;52000;00-37-08
run_opt_test0_O3;2300000;52000;00-37-08
run_opt_test0_O3;2299976;52000;00-37-08
run_opt_test0_O3;2300000;52000;00-37-09
run_opt_test0_O3;2300000;52000;00-37-09
run_opt_test0_O3;2300023;52000;00-37-09
run_opt_test0_O3;2300023;52000;00-37-09
run_opt_test0_O3;2300000;52000;00-37-09
run_opt_test0_O3;2299976;52000;00-37-09
run_opt_test0_O3;2300000;52000;00-37-09
run_opt_test0_O3;2300000;52000;00-37-10
run_opt_test0_O3;2300000;52000;00-37-10
run_opt_test0_O3;2300023;52000;00-37-10
run_opt_test0_O3;2300000;52000;00-37-10
run_opt_test0_O3;2299976;52000;00-37-10
run_opt_test0_O3;2300000;52000;00-37-10
run_opt_test0_O3;2300000;52000;00-37-10
run_opt_test0_O3;2300000;52000;00-37-10
run_opt_test0_O3;2300000;52000;00-37-11
run_opt_test0_O3;2300000;52000;00-37-11
run_opt_test0_O3;2300000;52000;00-37-11
run_opt_test0_O3;2299976;52000;00-37-11
run_opt_test0_O3;2300000;52000;00-37-11
run_opt_test0_O3;2300000;52000;00-37-11
run_opt_test0_O3;2300000;52000;00-37-12
run_opt_test0_O3;2300000;52000;00-37-12
run_opt_test0_O3;2299976;52000;00-37-12
run_opt_test0_O3;2300000;52000;00-37-12
run_opt_test0_O3;2100000;52000;00-37-12
run_opt_test0_O3;2300000;52000;00-37-12
run_opt_test0_O3;2300184;52000;00-37-12
run_opt_test0_O3;2099978;52000;00-37-12
run_opt_test0_O3;2299976;52000;00-37-13
run_opt_test0_O3;2300000;52000;00-37-13
run_opt_test0_O3;2300000;52000;00-37-13
run_opt_test0_O3;2299976;52000;00-37-13
run_opt_test0_O3;2300023;52000;00-37-13
run_opt_test0_O3;2299976;52000;00-37-13
run_opt_test0_O3;2300023;52000;00-37-13
run_opt_test0_O3;2300023;52000;00-37-14
run_opt_test0_O3;2300000;52000;00-37-14
run_opt_test0_O3;2300000;52000;00-37-14
run_opt_test0_O3;2299976;52000;00-37-14
run_opt_test0_O3;2199977;52000;00-37-14
run_opt_test0_O3;2291864;52000;00-37-14
run_opt_test0_O3;2300023;52000;00-37-14
run_opt_test0_O3;2300000;52000;00-37-15
run_opt_test0_O3;2299976;52000;00-37-15
run_opt_test0_O3;2299976;52000;00-37-15
run_opt_test0_O3;2300023;52000;00-37-15
run_opt_test0_O3;2300000;52000;00-37-15
run_opt_test0_O3;2299976;52000;00-37-15
run_opt_test0_O3;2300000;52000;00-37-15
run_opt_test0_O3;2300000;52000;00-37-16
run_opt_test0_O3;2299976;52000;00-37-16
run_opt_test0_O3;2300000;52000;00-37-16
run_opt_test0_O3;2300000;52000;00-37-16
run_opt_test0_O3;2300000;52000;00-37-16
run_opt_test0_O3;2299976;52000;00-37-16
run_opt_test0_O3;2300023;52000;00-37-16
run_opt_test0_O3;2300000;52000;00-37-17
run_opt_test0_O3;2300000;52000;00-37-17
run_opt_test0_O3;2299976;52000;00-37-17
run_opt_test0_O3;2300000;52000;00-37-17
run_opt_test0_O3;2300000;52000;00-37-17
run_opt_test0_O3;2300000;52000;00-37-17
run_opt_test0_O3;2300000;52000;00-37-17
run_opt_test0_O3;2300000;52000;00-37-18
run_opt_test0_O3;2300000;52000;00-37-18
run_opt_test0_O3;2299976;52000;00-37-18
run_opt_test0_O3;2300000;52000;00-37-18
run_opt_test0_O3;2300000;52000;00-37-18
run_opt_test0_O3;2300000;52000;00-37-18
run_opt_test0_O3;2300000;52000;00-37-18
run_opt_test0_O3;2300000;52000;00-37-19
run_opt_test0_O3;2299976;52000;00-37-19
run_opt_test0_O3;2300000;52000;00-37-19
run_opt_test0_O3;2300000;52000;00-37-19
run_opt_test0_O3;2300000;52000;00-37-19
run_opt_test0_O3;2300023;52000;00-37-19
run_opt_test0_O3;2200022;52000;00-37-19
run_opt_test0_O3;2300000;52000;00-37-20
run_opt_test0_O3;2300000;52000;00-37-20
run_opt_test0_O3;2199977;52000;00-37-20
run_opt_test0_O3;2200000;52000;00-37-20
run_opt_test0_O3;2300000;52000;00-37-20
run_opt_test0_O3;2300000;52000;00-37-20
run_opt_test0_O3;2300023;52000;00-37-20
run_opt_test0_O3;2300000;52000;00-37-20
run_opt_test0_O3;2300000;52000;00-37-21
run_opt_test0_O3;2300000;52000;00-37-21
run_opt_test0_O3;2300000;52000;00-37-21
run_opt_test0_O3;2099978;52000;00-37-21
run_opt_test0_O3;2300000;52000;00-37-21
run_opt_test0_O3;2300000;52000;00-37-21
run_opt_test0_O3;2300000;52000;00-37-21
run_opt_test0_O3;2300000;52000;00-37-22
run_opt_test0_O3;2299976;52000;00-37-22
run_opt_test0_O3;2300000;52000;00-37-22
run_opt_test0_O3;2300023;52000;00-37-22
run_opt_test0_O3;2300000;52000;00-37-22
run_opt_test0_O3;1899980;52000;00-37-22
run_opt_test0_O3;2300000;52000;00-37-22
run_opt_test0_O3;2100000;52000;00-37-23
run_opt_test0_O3;2100000;52000;00-37-23
run_opt_test0_O3;2300000;52000;00-37-23
run_opt_test0_O3;2300000;52000;00-37-23
run_opt_test0_O3;2300000;52000;00-37-23
run_opt_test0_O3;2299976;52000;00-37-23
run_opt_test0_O3;2300000;52000;00-37-23
run_opt_test0_O3;2300000;52000;00-37-24
run_opt_test0_O3;2300000;52000;00-37-24
run_opt_test0_O3;2300023;52000;00-37-24
run_opt_test0_O3;2300000;52000;00-37-24
run_opt_test0_O3;2300000;52000;00-37-24
run_opt_test0_O3;2300000;52000;00-37-24
run_opt_test0_O3;2299976;52000;00-37-24
run_opt_test0_O3;2200000;52000;00-37-25
run_opt_test0_O3;2100021;52000;00-37-25
run_opt_test0_O3;2299976;52000;00-37-25
run_opt_test0_O3;2299976;52000;00-37-25
run_opt_test0_O3;2300023;52000;00-37-25
run_opt_test0_O3;2300000;52000;00-37-25
run_opt_test0_O3;2300000;52000;00-37-25
run_opt_test0_O3;2300000;52000;00-37-26
run_opt_test0_O3;2300000;52000;00-37-26
run_opt_test0_O3;2299976;52000;00-37-26
run_opt_test0_O3;2300000;52000;00-37-26
run_opt_test0_O3;2300000;52000;00-37-26
run_opt_test0_O3;2300000;52000;00-37-26
run_opt_test0_O3;2300000;52000;00-37-26
run_opt_test0_O3;2300000;52000;00-37-27
run_opt_test0_O3;2300000;52000;00-37-27
run_opt_test0_O3;2300000;52000;00-37-27
run_opt_test0_O3;2299976;52000;00-37-27
run_opt_test0_O3;2300023;54000;00-37-27
run_opt_test0_O3;2300000;54000;00-37-27
run_opt_test0_O3;2100000;54000;00-37-27
run_opt_test0_O3;2300000;54000;00-37-28
run_opt_test0_O3;2300023;54000;00-37-28
run_opt_test0_O3;2299976;54000;00-37-28
run_opt_test0_O3;2300000;54000;00-37-28
run_opt_test0_O3;2300000;54000;00-37-28
run_opt_test0_O3;2300000;54000;00-37-28
run_opt_test0_O3;2300000;54000;00-37-28
run_opt_test0_O3;2300000;54000;00-37-28
run_opt_test0_O3;2300000;54000;00-37-29
run_opt_test0_O3;2300000;54000;00-37-29
run_opt_test0_O3;2300023;54000;00-37-29
run_opt_test0_O3;2300000;54000;00-37-29
run_pgo_test2_O3;4900000;60000;01-24-33
run_pgo_test2_O3;2599973;60000;01-24-33
run_pgo_test2_O3;2600000;60000;01-24-33
run_pgo_test2_O3;1800000;60000;01-24-34
run_pgo_test2_O3;2700027;60000;01-24-34
run_pgo_test2_O3;2599947;52000;01-24-34
run_pgo_test2_O3;2299976;52000;01-24-34
run_pgo_test2_O3;2299976;52000;01-24-35
run_pgo_test2_O3;2300000;52000;01-24-35
run_pgo_test2_O3;2300000;52000;01-24-35
run_pgo_test2_O3;2100021;54000;01-24-35
run_pgo_test2_O3;2300000;54000;01-24-35
run_pgo_test2_O3;2300000;54000;01-24-36
run_pgo_test2_O3;2300000;54000;01-24-36
run_pgo_test2_O3;2300000;54000;01-24-36
run_pgo_test2_O3;2300000;52000;01-24-36
run_pgo_test2_O3;2300000;52000;01-24-37
run_pgo_test2_O3;2300000;52000;01-24-37
run_pgo_test2_O3;2299976;52000;01-24-37
run_pgo_test2_O3;2300000;52000;01-24-37
run_pgo_test2_O3;2300000;52000;01-24-37
run_pgo_test2_O3;2300000;52000;01-24-38
run_pgo_test2_O3;2300000;52000;01-24-38
run_pgo_test2_O3;2300000;52000;01-24-38
run_pgo_test2_O3;2100000;52000;01-24-38
run_pgo_test2_O3;2300000;52000;01-24-39
run_pgo_test2_O3;2300000;52000;01-24-39
run_pgo_test2_O3;2300000;52000;01-24-39
run_pgo_test2_O3;2299976;52000;01-24-39
run_pgo_test2_O3;2300000;52000;01-24-39
run_pgo_test2_O3;2300000;54000;01-24-40
run_pgo_test2_O3;2300000;54000;01-24-40
run_pgo_test2_O3;2299976;54000;01-24-40
run_pgo_test2_O3;2200000;54000;01-24-40
run_pgo_test2_O3;2300000;54000;01-24-41
run_pgo_test2_O3;2299976;54000;01-24-41
run_pgo_test2_O3;2300000;54000;01-24-41
run_pgo_test2_O3;2300000;54000;01-24-41
run_pgo_test2_O3;2300000;54000;01-24-42
run_pgo_test2_O3;2300000;54000;01-24-42
run_pgo_test2_O3;2300046;54000;01-24-42
run_pgo_test2_O3;2300000;54000;01-24-42
run_pgo_test2_O3;2000020;54000;01-24-42
run_pgo_test2_O3;2299976;54000;01-24-43
run_pgo_test2_O3;2300000;54000;01-24-43
run_pgo_test2_O3;2300000;54000;01-24-43
run_pgo_test2_O3;2300000;54000;01-24-43
run_pgo_test2_O3;2300000;54000;01-24-44
run_pgo_test2_O3;2300023;54000;01-24-44
run_pgo_test2_O3;2300000;54000;01-24-44
run_pgo_test2_O3;2300000;56000;01-24-44
run_pgo_test2_O3;2300023;56000;01-24-44
run_pgo_test2_O3;2300000;56000;01-24-45
run_pgo_test2_O3;2300000;56000;01-24-45
run_pgo_test2_O3;2300000;56000;01-24-45
run_pgo_test2_O3;2299976;54000;01-24-45
run_pgo_test2_O3;2300000;54000;01-24-46
run_pgo_test2_O3;2300023;54000;01-24-46
run_pgo_test2_O3;2300023;54000;01-24-46
run_pgo_test2_O3;2000000;54000;01-24-46
run_pgo_test2_O3;2300000;54000;01-24-46
run_pgo_test2_O3;2300000;54000;01-24-47
run_pgo_test2_O3;2300023;54000;01-24-47
run_pgo_test2_O3;2300000;54000;01-24-47
run_pgo_test2_O3;2300000;54000;01-24-47
run_pgo_test2_O3;2300000;54000;01-24-48
run_pgo_test2_O3;2300000;54000;01-24-48
run_pgo_test2_O3;2300000;54000;01-24-48
run_pgo_test2_O3;2100000;54000;01-24-48
run_pgo_test2_O3;2300000;54000;01-24-48
run_pgo_test2_O3;2300000;56000;01-24-49
run_pgo_test2_O3;2300000;56000;01-24-49
run_pgo_test2_O3;2299976;56000;01-24-49
run_pgo_test2_O3;2300000;56000;01-24-49
run_pgo_test2_O3;2299976;56000;01-24-50
run_pgo_test2_O3;2300000;54000;01-24-50
run_pgo_test2_O3;2300000;54000;01-24-50
run_pgo_test2_O3;2300000;54000;01-24-50
run_pgo_test2_O3;2300000;54000;01-24-51
run_pgo_test2_O3;2100000;54000;01-24-51
run_pgo_test2_O3;2299976;56000;01-24-51
run_pgo_test2_O3;2300000;56000;01-24-51
run_pgo_test2_O3;2300000;56000;01-24-51
run_pgo_test2_O3;2300000;56000;01-24-52
run_pgo_test2_O3;2300000;56000;01-24-52
run_pgo_test2_O3;2300000;56000;01-24-52
run_pgo_test2_O3;2300000;56000;01-24-52
run_pgo_test2_O3;2299976;56000;01-24-52
run_pgo_test2_O3;2300023;56000;01-24-53
run_pgo_test2_O3;2299976;56000;01-24-53
run_pgo_test2_O3;2299976;56000;01-24-53
run_pgo_test2_O3;2300000;56000;01-24-53
run_pgo_test2_O3;2299976;56000;01-24-54
run_pgo_test2_O3;2300000;56000;01-24-54
run_pgo_test2_O3;2100021;56000;01-24-54
run_pgo_test2_O3;2300023;56000;01-24-54
run_pgo_test2_O3;2300000;56000;01-24-55
run_pgo_test2_O3;2300023;56000;01-24-55
run_pgo_test2_O3;2300000;56000;01-24-55
run_pgo_test2_O3;2300000;56000;01-24-55
run_pgo_test2_O3;2300000;56000;01-24-55
run_pgo_test2_O3;2300000;56000;01-24-56
run_pgo_test2_O3;2300000;56000;01-24-56
run_pgo_test2_O3;2300000;56000;01-24-56
run_pgo_test2_O3;2299976;56000;01-24-56
run_pgo_test2_O3;2300000;56000;01-24-57
run_pgo_test2_O3;2300023;56000;01-24-57
run_pgo_test2_O3;2300000;56000;01-24-57
run_pgo_test2_O3;2299976;56000;01-24-57
run_pgo_test2_O3;2300000;56000;01-24-57
run_pgo_test2_O3;2299976;56000;01-24-58
run_pgo_test2_O3;2300000;56000;01-24-58
run_pgo_test2_O3;2300000;56000;01-24-58
run_pgo_test2_O3;2300000;56000;01-24-58
run_pgo_test2_O3;2200000;56000;01-24-59
run_pgo_test2_O3;2300023;54000;01-24-59
run_pgo_test2_O3;2300000;54000;01-24-59
run_pgo_test2_O3;2300000;54000;01-24-59
run_pgo_test2_O3;2300000;54000;01-24-59
run_pgo_test2_O3;2300000;54000;01-25-00
run_pgo_test2_O3;2300000;54000;01-25-00
run_pgo_test2_O3;2300000;54000;01-25-00
run_pgo_test2_O3;2300000;54000;01-25-00
run_pgo_test2_O3;2300000;54000;01-25-01
run_pgo_test2_O3;2300000;54000;01-25-01
run_pgo_test2_O3;2300000;54000;01-25-01
run_pgo_test2_O3;2299976;54000;01-25-01
run_pgo_test2_O3;2300000;54000;01-25-01
run_pgo_test2_O3;2000000;54000;01-25-02
run_pgo_test2_O3;2300000;54000;01-25-02
run_pgo_test2_O3;2300000;54000;01-25-02
run_pgo_test2_O3;2300000;54000;01-25-02
run_pgo_test2_O3;2300000;54000;01-25-03
run_pgo_test2_O3;2300000;54000;01-25-03
run_pgo_test2_O3;2300000;54000;01-25-03
run_pgo_test2_O3;2300023;52000;01-25-03
run_pgo_test2_O3;2300000;52000;01-25-04
run_pgo_test2_O3;2300023;52000;01-25-04
run_pgo_test2_O3;2300000;52000;01-25-04
run_pgo_test2_O3;2300000;52000;01-25-04
run_pgo_test2_O3;2300000;54000;01-25-04
run_pgo_test2_O3;2299976;54000;01-25-05
run_pgo_test2_O3;2300000;54000;01-25-05
run_pgo_test2_O3;2300000;54000;01-25-05
run_pgo_test2_O3;2300023;54000;01-25-05
run_pgo_test2_O3;2300023;52000;01-25-05
run_pgo_test2_O3;2300000;52000;01-25-06
run_pgo_test2_O3;2100000;52000;01-25-06
run_pgo_test2_O3;2300000;52000;01-25-06
run_pgo_test2_O3;2299976;52000;01-25-06
run_pgo_test2_O3;2300000;52000;01-25-07
run_pgo_test2_O3;2299976;52000;01-25-07
run_pgo_test2_O3;2300000;52000;01-25-07
run_pgo_test2_O3;2300000;52000;01-25-07
run_pgo_test2_O3;2300023;52000;01-25-07
run_pgo_test2_O3;2300000;52000;01-25-08
run_pgo_test2_O3;2300000;52000;01-25-08
run_pgo_test2_O3;2299976;52000;01-25-08
run_pgo_test2_O3;2300000;52000;01-25-08
run_pgo_test2_O3;2300000;52000;01-25-09
run_pgo_test2_O3;2300000;52000;01-25-09
run_pgo_test2_O3;2300000;52000;01-25-09
run_pgo_test2_O3;2299976;52000;01-25-09
run_pgo_test2_O3;2300000;52000;01-25-10
run_pgo_test2_O3;2299976;52000;01-25-10
run_pgo_test2_O3;2300000;52000;01-25-10
run_pgo_test2_O3;2100000;52000;01-25-10
run_pgo_test2_O3;2300000;52000;01-25-11
run_pgo_test2_O3;2299976;52000;01-25-11
run_pgo_test2_O3;2300000;52000;01-25-11
run_pgo_test2_O3;2300000;52000;01-25-11
run_pgo_test2_O3;2300000;52000;01-25-11
run_pgo_test2_O3;2300000;52000;01-25-12
run_pgo_test2_O3;2300000;52000;01-25-12
run_pgo_test2_O3;2300000;52000;01-25-12
run_pgo_test2_O3;2300023;52000;01-25-12
run_pgo_test2_O3;2300000;52000;01-25-12
run_pgo_test2_O3;2300023;52000;01-25-13
run_pgo_test2_O3;2300000;52000;01-25-13
run_pgo_test2_O3;2300000;52000;01-25-13
run_pgo_test2_O3;2299976;52000;01-25-13
run_pgo_test2_O3;2300000;52000;01-25-14
run_pgo_test2_O3;2300023;52000;01-25-14
run_pgo_test2_O3;2300000;52000;01-25-14
run_pgo_test2_O3;2299976;52000;01-25-14
run_pgo_test2_O3;2100000;52000;01-25-14
run_pgo_test2_O3;2300000;52000;01-25-15
run_pgo_test2_O3;2300023;52000;01-25-15
run_pgo_test2_O3;2300023;52000;01-25-15
run_pgo_test2_O3;2300000;52000;01-25-15
run_pgo_test2_O3;2300000;50000;01-25-16
run_pgo_test2_O3;2300023;50000;01-25-16
run_pgo_test2_O3;2299976;50000;01-25-16
run_pgo_test2_O3;2300000;50000;01-25-16
run_pgo_test2_O3;2300000;50000;01-25-17
run_pgo_test2_O3;2300023;50000;01-25-17
run_pgo_test2_O3;2300000;50000;01-25-17
run_pgo_test2_O3;2300023;50000;01-25-17
run_pgo_test2_O3;2300000;50000;01-25-17
run_pgo_test2_O3;2300023;50000;01-25-18
run_pgo_test2_O3;2300000;52000;01-25-18
run_pgo_test2_O3;2300000;52000;01-25-18
run_pgo_test2_O3;2300023;52000;01-25-18
run_pgo_test2_O3;2300000;52000;01-25-19
run_pgo_test2_O3;2000000;52000;01-25-19
run_pgo_test2_O3;2300023;50000;01-25-19
run_pgo_test2_O3;2300000;50000;01-25-19
run_pgo_test2_O3;2300000;50000;01-25-19
run_pgo_test2_O3;2300000;50000;01-25-20
run_pgo_test2_O3;2300000;50000;01-25-20
run_pgo_test2_O3;2299976;50000;01-25-20
run_pgo_test2_O3;2300000;50000;01-25-20
run_pgo_test2_O3;2300023;50000;01-25-21
run_pgo_test2_O3;2300000;50000;01-25-21
run_pgo_test2_O3;2300000;50000;01-25-21
run_pgo_test2_O3;2300000;50000;01-25-21
run_pgo_test2_O3;2299953;50000;01-25-22
run_pgo_test2_O3;2300023;50000;01-25-22
run_pgo_test2_O3;2300000;50000;01-25-22
run_pgo_test2_O3;2300000;50000;01-25-22
run_pgo_test2_O3;2300023;52000;01-25-22
run_pgo_test2_O3;2300000;52000;01-25-23
run_pgo_test2_O3;2300000;52000;01-25-23
run_pgo_test2_O3;1999979;52000;01-25-23
run_pgo_test2_O3;2300000;52000;01-25-23
run_pgo_test2_O3;2300000;50000;01-25-23
run_pgo_test2_O3;2300000;50000;01-25-24
run_pgo_test2_O3;2300000;50000;01-25-24
run_pgo_test2_O3;2300000;50000;01-25-24
run_pgo_test2_O3;2300000;50000;01-25-24
run_pgo_test2_O3;2300023;50000;01-25-25
run_pgo_test2_O3;2300000;50000;01-25-25
run_pgo_test2_O3;2300000;50000;01-25-25
run_pgo_test2_O3;2300000;50000;01-25-25
run_pgo_test2_O3;2300023;50000;01-25-26
run_pgo_test2_O3;2299976;50000;01-25-26
run_pgo_test2_O3;2299976;50000;01-25-26
run_pgo_test2_O3;2300000;50000;01-25-26
run_pgo_test2_O3;2299976;50000;01-25-26
run_pgo_test2_O3;2300000;50000;01-25-27
run_pgo_test2_O3;2300000;50000;01-25-27
run_pgo_test2_O3;2300000;50000;01-25-27
run_pgo_test2_O3;2100021;50000;01-25-27
run_pgo_test2_O3;2300000;50000;01-25-28
run_pgo_test2_O3;2300000;50000;01-25-28
run_pgo_test2_O3;2300000;50000;01-25-28
run_pgo_test2_O3;2300000;50000;01-25-28
run_pgo_test2_O3;2300000;50000;01-25-28
run_pgo_test2_O3;2299976;50000;01-25-29
run_pgo_test2_O3;2300000;50000;01-25-29
run_pgo_test2_O3;2200000;52000;01-25-29
run_pgo_test2_O3;2300023;52000;01-25-29
run_pgo_test2_O3;2299976;52000;01-25-30
run_pgo_test2_O3;2300000;52000;01-25-30
run_pgo_test2_O3;2300000;52000;01-25-30
run_pgo_test2_O3;2300000;50000;01-25-30
run_pgo_test2_O3;2300000;50000;01-25-30
run_pgo_test2_O3;2300000;50000;01-25-31
run_pgo_test2_O3;2300000;50000;01-25-31
run_pgo_test2_O3;2200000;50000;01-25-31
run_pgo_test2_O3;2300023;50000;01-25-31
run_pgo_test2_O3;2300000;50000;01-25-32
run_pgo_test2_O3;2300000;50000;01-25-32
run_pgo_test2_O3;2299976;50000;01-25-32
run_pgo_test2_O3;2300000;50000;01-25-32
run_pgo_test2_O3;2300023;50000;01-25-33
run_pgo_test2_O3;2300023;50000;01-25-33
run_pgo_test2_O3;2300023;50000;01-25-33
run_pgo_test2_O3;2299976;50000;01-25-33
run_pgo_test2_O3;2100000;50000;01-25-33
run_pgo_test2_O3;2300023;50000;01-25-34
run_pgo_test2_O3;2300000;50000;01-25-34
run_pgo_test2_O3;2300000;50000;01-25-34
run_pgo_test2_O3;2300023;50000;01-25-34
run_pgo_test2_O3;2300000;50000;01-25-35
run_pgo_test2_O3;2300000;50000;01-25-35
run_pgo_test2_O3;2300000;50000;01-25-35
run_pgo_test2_O3;2300000;50000;01-25-35
run_pgo_test2_O3;2300000;50000;01-25-35
run_pgo_test2_O3;2300023;50000;01-25-36
run_pgo_test2_O3;2300000;48000;01-25-36
run_pgo_test2_O3;2200000;48000;01-25-36
run_pgo_test2_O3;2299976;48000;01-25-36
run_pgo_test2_O3;2299976;48000;01-25-37
run_pgo_test2_O3;2300000;48000;01-25-37
run_pgo_test2_O3;2300023;50000;01-25-37
run_pgo_test2_O3;2300023;50000;01-25-37
run_pgo_test2_O3;2300023;50000;01-25-37
run_pgo_test2_O3;2300000;50000;01-25-38
run_pgo_test2_O3;2300000;50000;01-25-38
run_pgo_test2_O3;2300023;50000;01-25-38
run_pgo_test2_O3;2000000;50000;01-25-38
run_pgo_test2_O3;2300000;50000;01-25-39
run_pgo_test2_O3;2300023;50000;01-25-39
run_pgo_test2_O3;2300000;50000;01-25-39
run_pgo_test2_O3;2300000;48000;01-25-39
run_pgo_test2_O3;2099978;48000;01-25-39
run_pgo_test2_O3;2300000;48000;01-25-40
run_pgo_test2_O3;2300000;48000;01-25-40
run_pgo_test2_O3;2300023;48000;01-25-40
run_pgo_test2_O3;2300000;50000;01-25-40
run_pgo_test2_O3;2300000;50000;01-25-41
run_pgo_test2_O3;2200000;50000;01-25-41
run_pgo_test2_O3;2300000;50000;01-25-41
run_pgo_test2_O3;2300023;50000;01-25-41
run_pgo_test2_O3;2300000;50000;01-25-41
run_pgo_test2_O3;2300000;50000;01-25-42
run_pgo_test2_O3;2300000;50000;01-25-42
run_pgo_test2_O3;2300000;50000;01-25-42
run_pgo_test2_O3;2300000;50000;01-25-42
run_pgo_test2_O3;2300000;50000;01-25-43
run_pgo_test2_O3;2300000;50000;01-25-43
run_pgo_test2_O3;2300000;50000;01-25-43
run_pgo_test2_O3;2300000;50000;01-25-43
run_pgo_test2_O3;2300023;50000;01-25-43
run_pgo_test2_O3;2300000;48000;01-25-44
run_pgo_test2_O3;2300000;48000;01-25-44
run_pgo_test2_O3;2300000;48000;01-25-44
run_pgo_test2_O3;2200022;48000;01-25-44
run_pgo_test2_O3;2300000;48000;01-25-45
run_pgo_test2_O3;2300023;50000;01-25-45
run_pgo_test2_O3;2299976;50000;01-25-45
run_pgo_test2_O3;2300046;50000;01-25-45
run_pgo_test2_O3;2300046;50000;01-25-46
run_pgo_test2_O3;2300000;50000;01-25-46
run_pgo_test2_O3;2300000;48000;01-25-46
run_pgo_test2_O3;2300000;48000;01-25-46
run_pgo_test2_O3;2300000;48000;01-25-46
run_pgo_test2_O3;2300000;48000;01-25-47
run_pgo_test2_O3;2300023;48000;01-25-47
run_pgo_test2_O3;2300023;50000;01-25-47
run_pgo_test2_O3;2300000;50000;01-25-47
run_pgo_test2_O3;2300000;50000;01-25-48
run_pgo_test2_O3;2300000;50000;01-25-48
run_pgo_test2_O3;2300000;50000;01-25-48
run_pgo_test2_O3;2000000;50000;01-25-48
run_pgo_test2_O3;2300023;50000;01-25-48
run_pgo_test2_O3;2300000;50000;01-25-49
run_pgo_test2_O3;2300000;50000;01-25-49
run_pgo_test2_O3;2300000;50000;01-25-49
run_pgo_test2_O3;2300000;50000;01-25-49
run_pgo_test2_O3;2300000;50000;01-25-50
run_pgo_test2_O3;2300023;50000;01-25-50
run_pgo_test2_O3;2300000;50000;01-25-50
run_pgo_test2_O3;2300000;50000;01-25-50
run_pgo_test2_O3;2300000;48000;01-25-51
run_pgo_test2_O3;2200022;48000;01-25-51
run_pgo_test2_O3;2300000;48000;01-25-51
run_pgo_test2_O3;2299976;48000;01-25-51
run_pgo_test2_O3;2300000;48000;01-25-51
run_pgo_test2_O3;2300000;48000;01-25-52
run_pgo_test2_O3;2300000;48000;01-25-52
run_pgo_test2_O3;2300000;48000;01-25-52
run_pgo_test2_O3;2300000;48000;01-25-52
run_pgo_test2_O3;2300000;48000;01-25-53
run_pgo_test2_O3;2300023;50000;01-25-53
run_pgo_test2_O3;2300000;50000;01-25-53
run_pgo_test2_O3;2300000;50000;01-25-53
run_pgo_test2_O3;2299976;50000;01-25-53
run_pgo_test2_O3;2300023;50000;01-25-54
run_pgo_test2_O3;2299976;48000;01-25-54
run_pgo_test2_O3;2100000;48000;01-25-54
run_pgo_test2_O3;2300000;48000;01-25-54
run_pgo_test2_O3;2300000;48000;01-25-55
run_pgo_test2_O3;2300000;48000;01-25-55
run_pgo_test2_O3;2300000;50000;01-25-55
run_pgo_test2_O3;2300000;50000;01-25-55
run_pgo_test2_O3;2300023;50000;01-25-56
run_pgo_test2_O3;2300023;50000;01-25-56
run_pgo_test2_O3;2199977;50000;01-25-56
run_pgo_test2_O3;2300000;50000;01-25-56
run_pgo_test2_O3;2300000;50000;01-25-56
run_pgo_test2_O3;2300000;50000;01-25-57
run_pgo_test2_O3;2299976;50000;01-25-57
run_pgo_test2_O3;2300000;50000;01-25-57
run_pgo_test2_O3;2300023;48000;01-25-57
run_pgo_test2_O3;2300000;48000;01-25-58
run_pgo_test2_O3;2300000;48000;01-25-58
run_pgo_test2_O3;2300000;48000;01-25-58
run_pgo_test2_O3;2300023;48000;01-25-58
run_pgo_test2_O3;2300023;48000;01-25-58
run_pgo_test2_O3;2300000;48000;01-25-59
run_pgo_test2_O3;2300000;48000;01-25-59
run_pgo_test2_O3;2299976;48000;01-25-59
run_pgo_test2_O3;2299976;48000;01-25-59
run_pgo_test2_O3;2300023;50000;01-26-00
run_pgo_test2_O3;2300023;50000;01-26-00
run_pgo_test2_O3;2100021;50000;01-26-00
run_pgo_test2_O3;2299976;50000;01-26-00
run_pgo_test2_O3;2300000;50000;01-26-00
run_pgo_test2_O3;2300000;48000;01-26-01
run_pgo_test2_O3;2300000;48000;01-26-01
run_pgo_test2_O3;2300023;48000;01-26-01
run_pgo_test2_O3;2299976;48000;01-26-01
run_pgo_test2_O3;2299976;48000;01-26-02
run_pgo_test2_O3;2200000;50000;01-26-02
run_pgo_test2_O3;2300000;50000;01-26-02
run_pgo_test2_O3;2300000;50000;01-26-02
run_pgo_test2_O3;2300000;50000;01-26-03
run_pgo_test2_O3;2300000;50000;01-26-03
run_pgo_test2_O3;2300000;50000;01-26-03
run_pgo_test2_O3;2300023;50000;01-26-03
run_pgo_test2_O3;2300000;50000;01-26-03
run_pgo_test2_O3;2300000;50000;01-26-04
run_pgo_test2_O3;2300023;50000;01-26-04
run_pgo_test2_O3;2300000;50000;01-26-04
run_pgo_test2_O3;1999979;50000;01-26-04
run_pgo_test2_O3;2300023;50000;01-26-05
run_pgo_test2_O3;2300023;50000;01-26-05
run_pgo_test2_O3;2300023;50000;01-26-05
run_pgo_test2_O3;2300000;48000;01-26-05
run_pgo_test2_O3;2300023;48000;01-26-05
run_pgo_test2_O3;2299976;48000;01-26-06
run_pgo_test2_O3;2300023;48000;01-26-06
run_pgo_test2_O3;2300023;48000;01-26-06
run_pgo_test2_O3;2300023;50000;01-26-06
run_pgo_test2_O3;2300000;50000;01-26-07
run_pgo_test2_O3;2300000;50000;01-26-07
run_pgo_test2_O3;2299976;50000;01-26-07
run_pgo_test2_O3;2300000;50000;01-26-07
run_pgo_test2_O3;2300000;50000;01-26-07
run_pgo_test2_O3;2300000;50000;01-26-08
run_pgo_test2_O3;2200022;50000;01-26-08
run_pgo_test2_O3;2300000;50000;01-26-08
run_pgo_test2_O3;2300000;50000;01-26-08
run_pgo_test2_O3;2100021;50000;01-26-09
run_pgo_test2_O3;2300000;50000;01-26-09
run_pgo_test2_O3;2300023;50000;01-26-09
run_pgo_test2_O3;2300023;50000;01-26-09
run_pgo_test2_O3;2300000;50000;01-26-10
run_pgo_test2_O3;2299976;48000;01-26-10
run_pgo_test2_O3;2300000;48000;01-26-10
run_pgo_test2_O3;2300000;48000;01-26-10
run_pgo_test2_O3;2299976;48000;01-26-10
run_pgo_test2_O3;2300023;48000;01-26-11
run_pgo_test2_O3;2300000;48000;01-26-11
run_pgo_test2_O3;2300000;48000;01-26-11
run_pgo_test2_O3;2300000;48000;01-26-11
run_pgo_test2_O3;2300000;48000;01-26-12
run_pgo_test2_O3;2299976;48000;01-26-12
run_pgo_test2_O3;2300000;48000;01-26-12
run_pgo_test2_O3;2300000;48000;01-26-12
run_pgo_test2_O3;2300000;48000;01-26-12
run_pgo_test2_O3;2300000;48000;01-26-13
run_pgo_test2_O3;2099978;48000;01-26-13
run_pgo_test2_O3;2300000;48000;01-26-13
run_pgo_test2_O3;2300000;48000;01-26-13
run_pgo_test2_O3;2300000;48000;01-26-14
run_pgo_test2_O3;2300000;48000;01-26-14
run_pgo_test2_O3;2300000;48000;01-26-14
run_pgo_test2_O3;2300000;48000;01-26-14
run_pgo_test2_O3;2300023;48000;01-26-15
run_pgo_test2_O3;2300000;48000;01-26-15
run_pgo_test2_O3;2100000;48000;01-26-15
run_pgo_test2_O3;2300000;48000;01-26-15
run_pgo_test2_O3;2300000;50000;01-26-15
run_pgo_test2_O3;2299976;50000;01-26-16
run_pgo_test2_O3;2300000;50000;01-26-16
run_pgo_test2_O3;2300000;50000;01-26-16
run_pgo_test2_O3;2300000;50000;01-26-16
run_pgo_test2_O3;2300023;50000;01-26-17
run_pgo_test2_O3;2300000;50000;01-26-17
run_pgo_test2_O3;2299976;50000;01-26-17
run_pgo_test2_O3;2300023;50000;01-26-17
run_pgo_test2_O3;2300000;50000;01-26-18
run_pgo_test2_O3;2300000;50000;01-26-18
run_pgo_test2_O3;2300000;50000;01-26-18
run_pgo_test2_O3;2299976;50000;01-26-18
run_pgo_test2_O3;2300023;50000;01-26-18
run_pgo_test2_O3;2300000;50000;01-26-19
run_pgo_test2_O3;2299976;50000;01-26-19
run_pgo_test2_O3;2100000;50000;01-26-19
run_pgo_test2_O3;2300023;50000;01-26-19
run_pgo_test2_O3;2300000;50000;01-26-20
run_pgo_test2_O3;2300023;50000;01-26-20
run_pgo_test2_O3;2300000;50000;01-26-20
run_pgo_test2_O3;2299976;50000;01-26-20
run_pgo_test2_O3;2300000;50000;01-26-20
run_pgo_test2_O3;2300000;50000;01-26-21
run_pgo_test2_O3;2100000;50000;01-26-21
run_pgo_test2_O3;2300000;48000;01-26-21
run_pgo_test2_O3;2300000;48000;01-26-21
run_pgo_test2_O3;2300000;48000;01-26-22
run_pgo_test2_O3;2300000;48000;01-26-22
run_pgo_test2_O3;2300023;48000;01-26-22
run_pgo_test2_O3;2300000;48000;01-26-22
run_pgo_test2_O3;2300000;48000;01-26-23
run_pgo_test2_O3;2299976;48000;01-26-23
run_pgo_test2_O3;2300000;48000;01-26-23
run_pgo_test2_O3;2299976;48000;01-26-23
run_pgo_test2_O3;2299976;48000;01-26-23
run_pgo_test2_O3;2300000;48000;01-26-24
run_pgo_test2_O3;2300023;48000;01-26-24
run_pgo_test2_O3;2300000;48000;01-26-24
run_pgo_test2_O3;2300000;48000;01-26-24
run_pgo_test2_O3;2100021;52000;01-26-25
run_pgo_test2_O3;2300000;52000;01-26-25
run_pgo_test2_O3;2300000;52000;01-26-25
run_pgo_test2_O3;2300023;52000;01-26-25
run_pgo_test2_O3;2300000;52000;01-26-25
run_pgo_test2_O3;2300000;48000;01-26-26
run_pgo_test2_O3;2300000;48000;01-26-26
run_pgo_test2_O3;2300000;48000;01-26-26
run_pgo_test2_O3;2299976;48000;01-26-26
run_pgo_test2_O3;2300000;48000;01-26-27
run_pgo_test2_O3;2300000;50000;01-26-27
run_pgo_test2_O3;2000020;50000;01-26-27
run_pgo_test2_O3;2300000;50000;01-26-27
run_pgo_test2_O3;2300000;50000;01-26-27
run_pgo_test2_O3;2299976;50000;01-26-28
run_pgo_test2_O3;2300000;48000;01-26-28
run_pgo_test2_O3;2299976;48000;01-26-28
run_pgo_test2_O3;2299976;48000;01-26-28
run_pgo_test2_O3;2300000;48000;01-26-29
run_pgo_test2_O3;2000020;48000;01-26-29
run_pgo_test2_O3;2300023;48000;01-26-29
run_pgo_test2_O3;2300000;48000;01-26-29
run_pgo_test2_O3;2299976;48000;01-26-30
run_pgo_test2_O3;2299976;48000;01-26-30
run_pgo_test2_O3;2300000;48000;01-26-30
run_pgo_test2_O3;2300000;50000;01-26-30
run_pgo_test2_O3;2300000;50000;01-26-30
run_pgo_test2_O3;2300000;50000;01-26-31
run_pgo_test2_O3;2300000;50000;01-26-31
run_pgo_test2_O3;2300000;50000;01-26-31
run_pgo_test2_O3;2300000;48000;01-26-31
run_pgo_test2_O3;2299976;48000;01-26-32
run_pgo_test2_O3;2300000;48000;01-26-32
run_pgo_test2_O3;2300000;48000;01-26-32
run_pgo_test2_O3;2300000;48000;01-26-32
run_pgo_test2_O3;2300000;50000;01-26-33
run_pgo_test2_O3;2300000;50000;01-26-33
run_pgo_test2_O3;2299976;50000;01-26-33
run_pgo_test2_O3;2300000;50000;01-26-33
run_pgo_test2_O3;2300000;50000;01-26-33
run_pgo_test2_O3;2300023;50000;01-26-34
run_pgo_test2_O3;2300023;50000;01-26-34
run_pgo_test2_O3;2299976;50000;01-26-34
run_pgo_test2_O3;2299976;50000;01-26-34
run_pgo_test2_O3;2300000;50000;01-26-35
run_pgo_test2_O3;2300000;48000;01-26-35
run_pgo_test2_O3;2300000;48000;01-26-35
run_pgo_test2_O3;2300046;48000;01-26-35
run_pgo_test2_O3;2300000;48000;01-26-36
run_pgo_test2_O3;2300046;48000;01-26-36
run_pgo_test2_O3;2100000;50000;01-26-36
run_pgo_test2_O3;2300000;50000;01-26-36
run_pgo_test2_O3;2300000;50000;01-26-36
run_pgo_test2_O3;2300184;50000;01-26-37
run_pgo_test2_O3;2299976;50000;01-26-37
run_pgo_test2_O3;2299976;50000;01-26-37
run_pgo_test2_O3;2300023;50000;01-26-37
run_pgo_test2_O3;2300000;50000;01-26-38
run_pgo_test2_O3;2300000;50000;01-26-38
run_pgo_test2_O3;2300000;50000;01-26-38
run_pgo_test2_O3;2300000;48000;01-26-38
run_pgo_test2_O3;2300000;48000;01-26-38
run_pgo_test2_O3;2300000;48000;01-26-39
run_pgo_test2_O3;2300023;48000;01-26-39
run_pgo_test2_O3;2299976;48000;01-26-39
run_pgo_test2_O3;2300023;48000;01-26-39
run_pgo_test2_O3;2300023;48000;01-26-40
run_pgo_test2_O3;2300000;48000;01-26-40
run_pgo_test2_O3;2100021;48000;01-26-40
run_pgo_test2_O3;2299976;48000;01-26-40
run_pgo_test2_O3;2300023;48000;01-26-40
run_pgo_test2_O3;2300000;48000;01-26-41
run_pgo_test2_O3;2299976;48000;01-26-41
run_pgo_test2_O3;2299976;48000;01-26-41
run_pgo_test2_O3;2300000;48000;01-26-41
run_pgo_test2_O3;2300000;50000;01-26-42
run_pgo_test2_O3;2300023;50000;01-26-42
run_pgo_test2_O3;2300000;50000;01-26-42
run_pgo_test2_O3;2300000;50000;01-26-42
run_pgo_test2_O3;2300000;50000;01-26-43
run_pgo_test2_O3;2300000;48000;01-26-43
run_pgo_test2_O3;2300023;48000;01-26-43
run_pgo_test2_O3;2299976;48000;01-26-43
run_pgo_test2_O3;2300023;48000;01-26-43
run_pgo_test2_O3;2100021;48000;01-26-44
run_pgo_test2_O3;2300000;48000;01-26-44
run_pgo_test2_O3;2300023;48000;01-26-44
run_pgo_test2_O3;2299976;48000;01-26-44
run_pgo_test2_O3;2300023;48000;01-26-45
run_pgo_test2_O3;2300000;48000;01-26-45
run_pgo_test2_O3;2300023;48000;01-26-45
run_pgo_test2_O3;2300000;48000;01-26-45
run_pgo_test2_O3;2299976;48000;01-26-46
run_pgo_test2_O3;2300000;48000;01-26-46
run_pgo_test2_O3;2300000;48000;01-26-46
run_pgo_test2_O3;2300000;48000;01-26-46
run_pgo_test2_O3;2299976;48000;01-26-46
run_pgo_test2_O3;2300000;48000;01-26-47
run_pgo_test2_O3;2299976;48000;01-26-47
run_pgo_test2_O3;2300000;48000;01-26-47
run_pgo_test2_O3;2300000;48000;01-26-47
run_pgo_test2_O3;2300000;48000;01-26-48
run_pgo_test2_O3;2300000;48000;01-26-48
run_pgo_test2_O3;2300000;48000;01-26-48
run_pgo_test2_O3;2099978;48000;01-26-48
run_pgo_test2_O3;2300000;48000;01-26-49
run_pgo_test2_O3;2300000;48000;01-26-49
run_pgo_test2_O3;2300023;48000;01-26-49
run_pgo_test2_O3;2299976;48000;01-26-49
run_pgo_test2_O3;2300023;48000;01-26-49
run_pgo_test2_O3;2300000;48000;01-26-50
run_pgo_test2_O3;2300000;48000;01-26-50
run_pgo_test2_O3;2300023;48000;01-26-50
run_pgo_test2_O3;2300000;48000;01-26-50
run_pgo_test2_O3;2200022;48000;01-26-51
run_pgo_test2_O3;2300000;48000;01-26-51
run_pgo_test2_O3;2300000;48000;01-26-51
run_pgo_test2_O3;2300000;48000;01-26-51
run_pgo_test2_O3;2300000;48000;01-26-51
run_pgo_test2_O3;2299976;48000;01-26-52
run_pgo_test2_O3;2300000;48000;01-26-52
run_pgo_test2_O3;2300000;48000;01-26-52
run_pgo_test2_O3;2300000;48000;01-26-52
run_pgo_test2_O3;2300000;48000;01-26-53
run_pgo_test2_O3;2300000;48000;01-26-53
run_pgo_test2_O3;2300000;48000;01-26-53
run_pgo_test2_O3;2300000;48000;01-26-53
run_pgo_test2_O3;2300000;48000;01-26-54
run_pgo_test2_O3;2300000;48000;01-26-54
run_pgo_test2_O3;2300000;48000;01-26-54
run_pgo_test2_O3;2299976;50000;01-26-54
run_pgo_test2_O3;2300000;50000;01-26-54
run_pgo_test2_O3;2300000;50000;01-26-55
run_pgo_test2_O3;2300000;50000;01-26-55
run_pgo_test2_O3;2300023;50000;01-26-55
run_pgo_test2_O3;2300000;48000;01-26-55
run_pgo_test2_O3;2300000;48000;01-26-56
run_pgo_test2_O3;2300000;48000;01-26-56
run_pgo_test2_O3;2099978;48000;01-26-56
run_pgo_test2_O3;2300023;48000;01-26-56
run_pgo_test2_O3;2299976;48000;01-26-56
run_pgo_test2_O3;2300000;48000;01-26-57
run_pgo_test2_O3;2300000;48000;01-26-57
run_pgo_test2_O3;2299976;48000;01-26-57
run_pgo_test2_O3;2299976;48000;01-26-57
run_pgo_test2_O3;2300000;48000;01-26-58
run_pgo_test2_O3;2300000;48000;01-26-58
run_pgo_test2_O3;2299976;48000;01-26-58
run_pgo_test2_O3;2300000;48000;01-26-58
run_pgo_test2_O3;2300000;48000;01-26-59
run_pgo_test2_O3;2000020;50000;01-26-59
run_pgo_test2_O3;2500025;50000;01-26-59
run_pgo_test2_O3;2300000;50000;01-26-59
run_pgo_test2_O3;1800018;50000;01-26-59
run_pgo_test2_O3;2100000;50000;01-27-00
run_pgo_test2_O3;2199977;48000;01-27-00
run_pgo_test2_O3;2200000;48000;01-27-00
run_pgo_test2_O3;2300000;48000;01-27-00
run_pgo_test2_O3;2300023;48000;01-27-00
run_pgo_test2_O3;2300023;48000;01-27-01
run_pgo_test2_O3;2000000;50000;01-27-01
run_pgo_test2_O3;2299976;50000;01-27-01
run_pgo_test2_O3;2300000;50000;01-27-01
run_pgo_test2_O3;2300046;50000;01-27-02
run_pgo_test2_O3;2300000;50000;01-27-02
run_pgo_test2_O3;1900000;52000;01-27-02
run_pgo_test2_O3;2600000;52000;01-27-02
run_pgo_test2_O3;2299976;52000;01-27-02
run_pgo_test2_O3;2300000;52000;01-27-03
run_pgo_test2_O3;2300023;52000;01-27-03
run_pgo_test2_O3;2299976;48000;01-27-03
run_pgo_test2_O3;2300000;48000;01-27-03
run_pgo_test2_O3;2200000;48000;01-27-04
run_pgo_test2_O3;2200022;48000;01-27-04
run_pgo_test2_O3;2300000;48000;01-27-04
run_pgo_test2_O3;2299976;50000;01-27-04
run_pgo_test2_O3;2300000;50000;01-27-04
run_pgo_test2_O3;2300000;50000;01-27-05
run_pgo_test2_O3;2300000;50000;01-27-05
run_pgo_test2_O3;2300023;50000;01-27-05
run_pgo_test2_O3;2300000;48000;01-27-05
run_pgo_test2_O3;2300000;48000;01-27-06
run_pgo_test2_O3;2300000;48000;01-27-06
run_pgo_test2_O3;2300000;48000;01-27-06
run_pgo_test2_O3;2299976;48000;01-27-06
run_pgo_test2_O3;2299976;50000;01-27-07
run_pgo_test2_O3;2100021;50000;01-27-07
run_pgo_test2_O3;2300000;50000;01-27-07
run_pgo_test2_O3;2300000;50000;01-27-07
run_pgo_test2_O3;2300000;50000;01-27-07
run_pgo_test2_O3;2300000;48000;01-27-08
run_pgo_test2_O3;2299976;48000;01-27-08
run_pgo_test2_O3;2300000;48000;01-27-08
run_pgo_test2_O3;2300000;48000;01-27-08
run_pgo_test2_O3;2300000;48000;01-27-09
run_pgo_test2_O3;2300000;48000;01-27-09
run_pgo_test2_O3;2299976;48000;01-27-09
run_pgo_test2_O3;2300023;48000;01-27-09
run_pgo_test2_O3;2100021;48000;01-27-09
run_pgo_test2_O3;2300023;48000;01-27-10
run_pgo_test2_O3;2300023;48000;01-27-10
run_pgo_test2_O3;2300023;48000;01-27-10
run_pgo_test2_O3;2300000;48000;01-27-10
run_pgo_test2_O3;2300023;48000;01-27-11
run_pgo_test2_O3;2300023;48000;01-27-11
run_pgo_test2_O3;2299976;50000;01-27-11
run_pgo_test2_O3;2300000;50000;01-27-11
run_pgo_test2_O3;2299976;50000;01-27-12
run_pgo_test2_O3;2300000;50000;01-27-12
run_pgo_test2_O3;2300023;50000;01-27-12
run_pgo_test2_O3;2300000;50000;01-27-12
run_pgo_test2_O3;2300023;50000;01-27-12
run_pgo_test2_O3;2300000;50000;01-27-13
run_pgo_test2_O3;2300000;50000;01-27-13
run_pgo_test2_O3;2300023;50000;01-27-13
run_pgo_test2_O3;2300000;48000;01-27-13
run_pgo_test2_O3;2300000;48000;01-27-14
run_pgo_test2_O3;2300023;48000;01-27-14
run_pgo_test2_O3;2100000;48000;01-27-14
run_pgo_test2_O3;2299976;48000;01-27-14
run_pgo_test2_O3;2300023;48000;01-27-14
run_pgo_test2_O3;2500025;48000;01-27-15
run_pgo_test2_O3;2800000;48000;01-27-15
run_pgo_test2_O3;2700000;48000;01-27-15
run_pgo_test2_O3;2200022;48000;01-27-15
run_pgo_test2_O3;2726256;54000;01-27-16
run_pgo_test2_O3;2300023;54000;01-27-16
run_pgo_test2_O3;2300000;54000;01-27-16
run_pgo_test2_O3;2300000;54000;01-27-16
run_pgo_test2_O3;2300000;54000;01-27-16
run_pgo_test2_O3;2300000;48000;01-27-17
run_pgo_test2_O3;2300000;48000;01-27-17
run_pgo_test2_O3;2300023;48000;01-27-17
run_pgo_test2_O3;2299976;48000;01-27-17
run_pgo_test2_O3;2299976;48000;01-27-18
run_pgo_test2_O3;2299976;50000;01-27-18
run_pgo_test2_O3;2300000;50000;01-27-18
run_pgo_test2_O3;2100000;50000;01-27-18
run_pgo_test2_O3;2300000;50000;01-27-18
run_pgo_test2_O3;2300000;50000;01-27-19
run_pgo_test2_O3;2300000;48000;01-27-19
run_pgo_test2_O3;2300000;48000;01-27-19
run_pgo_test2_O3;2300000;48000;01-27-19
run_pgo_test2_O3;2300000;48000;01-27-20
run_pgo_test2_O3;2300023;48000;01-27-20
run_pgo_test2_O3;2300000;48000;01-27-20
run_pgo_test2_O3;2299976;48000;01-27-20
run_pgo_test2_O3;2300000;48000;01-27-21
run_pgo_test2_O3;2300000;48000;01-27-21
run_pgo_test2_O3;2300000;48000;01-27-21
run_pgo_test2_O3;2300000;48000;01-27-21
run_pgo_test2_O3;2299976;48000;01-27-21
run_pgo_test2_O3;2300000;48000;01-27-22
run_pgo_test2_O3;2299953;48000;01-27-22
run_pgo_test2_O3;2300000;48000;01-27-22
run_pgo_test2_O3;2299976;48000;01-27-22
run_pgo_test2_O3;2200022;48000;01-27-23
run_pgo_test2_O3;2299976;48000;01-27-23
run_pgo_test2_O3;2300000;48000;01-27-23
run_pgo_test2_O3;2300000;48000;01-27-23
run_pgo_test2_O3;2300023;48000;01-27-23
run_pgo_test2_O3;2300000;48000;01-27-24
run_pgo_test2_O3;2300000;48000;01-27-24
run_pgo_test2_O3;2300000;48000;01-27-24
run_pgo_test2_O3;2300000;48000;01-27-24
run_pgo_test2_O3;2300023;48000;01-27-25
run_pgo_test2_O3;2300000;48000;01-27-25
run_pgo_test2_O3;2300000;48000;01-27-25
run_pgo_test2_O3;2300000;48000;01-27-25
run_pgo_test2_O3;2300023;48000;01-27-26
run_pgo_test2_O3;2300000;48000;01-27-26
run_pgo_test2_O3;2300000;48000;01-27-26
run_pgo_test2_O3;2299976;48000;01-27-26
run_pgo_test2_O3;2300023;48000;01-27-26
run_pgo_test2_O3;2300023;48000;01-27-27
run_pgo_test2_O3;2300000;48000;01-27-27
run_pgo_test2_O3;2100000;48000;01-27-27
run_pgo_test2_O3;2299976;48000;01-27-27
run_pgo_test2_O3;2299976;48000;01-27-28
run_pgo_test2_O3;2300000;48000;01-27-28
run_pgo_test2_O3;2300000;48000;01-27-28
run_pgo_test2_O3;2300000;48000;01-27-28
run_pgo_test2_O3;2300000;48000;01-27-28
run_pgo_test2_O3;2300000;48000;01-27-29
run_pgo_test2_O3;2300000;48000;01-27-29
run_pgo_test2_O3;2300000;48000;01-27-29
run_pgo_test2_O3;2300000;48000;01-27-29
run_pgo_test2_O3;2300000;48000;01-27-30
run_pgo_test2_O3;2300023;48000;01-27-30
run_pgo_test2_O3;2300000;48000;01-27-30
run_pgo_test2_O3;2300000;48000;01-27-30
run_pgo_test2_O3;2300000;48000;01-27-30
run_pgo_test2_O3;2300000;48000;01-27-31
run_pgo_test2_O3;2300000;48000;01-27-31
run_pgo_test2_O3;2300000;48000;01-27-31
run_pgo_test2_O3;2300000;48000;01-27-31
run_pgo_test2_O3;2099978;48000;01-27-32
run_pgo_test2_O3;2300000;48000;01-27-32
run_pgo_test2_O3;2300000;48000;01-27-32
run_pgo_test2_O3;2300000;48000;01-27-32
run_pgo_test2_O3;2300000;48000;01-27-32
run_pgo_test2_O3;2300000;48000;01-27-33
run_pgo_test2_O3;2300000;48000;01-27-33
run_pgo_test2_O3;2300000;48000;01-27-33
run_pgo_test2_O3;2300000;48000;01-27-33
run_pgo_test2_O3;2300000;48000;01-27-34
run_pgo_test2_O3;2300000;48000;01-27-34
run_pgo_test2_O3;2300000;48000;01-27-34
run_pgo_test2_O3;2299976;48000;01-27-34
run_pgo_test2_O3;2300000;48000;01-27-34
run_pgo_test2_O3;2300023;48000;01-27-35
run_pgo_test2_O3;2300000;48000;01-27-35
run_pgo_test2_O3;2300000;48000;01-27-35
run_pgo_test2_O3;2300000;48000;01-27-35
run_pgo_test2_O3;2300000;48000;01-27-36
run_pgo_test2_O3;2300046;48000;01-27-36
run_pgo_test2_O3;2200000;48000;01-27-36
run_pgo_test2_O3;2300023;48000;01-27-36
run_pgo_test2_O3;2300023;48000;01-27-36
run_pgo_test2_O3;2300000;48000;01-27-37
run_pgo_test2_O3;2300000;48000;01-27-37
run_pgo_test2_O3;2300023;48000;01-27-37
run_pgo_test2_O3;2300000;48000;01-27-37
run_pgo_test2_O3;2300000;48000;01-27-38
run_pgo_test2_O3;2300000;48000;01-27-38
run_pgo_test2_O3;2299976;48000;01-27-38
run_pgo_test2_O3;2300000;48000;01-27-38
run_pgo_test2_O3;2300000;48000;01-27-39
run_pgo_test2_O3;2299976;48000;01-27-39
run_pgo_test2_O3;2300000;48000;01-27-39
run_pgo_test2_O3;2300023;48000;01-27-39
run_pgo_test2_O3;2300000;48000;01-27-39
run_pgo_test2_O3;2300000;48000;01-27-40
run_pgo_test2_O3;2299976;48000;01-27-40
run_pgo_test2_O3;2300000;48000;01-27-40
run_pgo_test2_O3;2300000;48000;01-27-40
run_pgo_test2_O3;2300000;48000;01-27-41
run_pgo_test2_O3;2300000;48000;01-27-41
run_pgo_test2_O3;2299976;48000;01-27-41
run_pgo_test2_O3;2300023;48000;01-27-41
run_pgo_test2_O3;2300000;48000;01-27-41
run_pgo_test2_O3;2300000;48000;01-27-42
run_pgo_test2_O3;2299976;48000;01-27-42
run_pgo_test2_O3;2299976;48000;01-27-42
run_pgo_test2_O3;2299976;48000;01-27-42
run_pgo_test2_O3;2300000;48000;01-27-43
run_pgo_test2_O3;2300000;48000;01-27-43
run_pgo_test2_O3;2299976;48000;01-27-43
run_pgo_test2_O3;2100021;48000;01-27-43
run_pgo_test2_O3;2300023;48000;01-27-43
run_pgo_test2_O3;2300000;48000;01-27-44
run_pgo_test2_O3;2300000;48000;01-27-44
run_pgo_test2_O3;2300000;48000;01-27-44
run_pgo_test2_O3;2299976;48000;01-27-44
run_pgo_test2_O3;2300000;48000;01-27-45
run_pgo_test2_O3;2300000;48000;01-27-45
run_pgo_test2_O3;2300000;48000;01-27-45
run_pgo_test2_O3;1900019;48000;01-27-45
run_pgo_test2_O3;2300000;48000;01-27-45
run_pgo_test2_O3;2300000;48000;01-27-46
run_pgo_test2_O3;2300000;48000;01-27-46
run_pgo_test2_O3;2300000;48000;01-27-46
run_pgo_test2_O3;2299976;48000;01-27-46
run_pgo_test2_O3;2299976;48000;01-27-47
run_pgo_test2_O3;2300000;48000;01-27-47
run_pgo_test2_O3;2300000;48000;01-27-47
run_pgo_test2_O3;2299976;48000;01-27-47
run_pgo_test2_O3;2299976;48000;01-27-48
run_pgo_test2_O3;2300000;48000;01-27-48
run_pgo_test2_O3;2299976;48000;01-27-48
run_pgo_test2_O3;2300000;48000;01-27-48
run_pgo_test2_O3;2300000;48000;01-27-48
run_pgo_test2_O3;2200022;48000;01-27-49
run_pgo_test2_O3;2200022;48000;01-27-49
run_pgo_test2_O3;2300000;48000;01-27-49
run_pgo_test2_O3;2300023;48000;01-27-49
run_pgo_test2_O3;2300000;48000;01-27-50
run_pgo_test2_O3;2300000;48000;01-27-50
run_pgo_test2_O3;2299976;48000;01-27-50
run_pgo_test2_O3;2300000;48000;01-27-50
run_pgo_test2_O3;2300023;48000;01-27-51
run_pgo_test2_O3;2300000;48000;01-27-51
run_pgo_test2_O3;2163797;48000;01-27-51
run_pgo_test2_O3;2300000;48000;01-27-51
run_pgo_test2_O3;2300000;48000;01-27-51
run_pgo_test2_O3;2300023;48000;01-27-52
run_pgo_test2_O3;2300023;48000;01-27-52
run_pgo_test2_O3;2300000;48000;01-27-52
run_pgo_test2_O3;2300000;48000;01-27-52
run_pgo_test2_O3;2300023;48000;01-27-53
run_pgo_test2_O3;2300000;48000;01-27-53
run_pgo_test2_O3;2300000;48000;01-27-53
run_pgo_test2_O3;2300023;48000;01-27-53
run_pgo_test2_O3;2300000;48000;01-27-53
run_pgo_test2_O3;2300000;48000;01-27-54
run_pgo_test2_O3;2299976;48000;01-27-54
run_pgo_test2_O3;2300000;48000;01-27-54
run_pgo_test2_O3;2199977;48000;01-27-54
run_pgo_test2_O3;2299976;48000;01-27-55
run_pgo_test2_O3;2300023;48000;01-27-55
run_pgo_test2_O3;2300000;48000;01-27-55
run_pgo_test2_O3;2300023;48000;01-27-55
run_pgo_test2_O3;2299976;48000;01-27-55
run_pgo_test2_O3;2299976;48000;01-27-56
run_pgo_test2_O3;2299976;48000;01-27-56
run_pgo_test2_O3;2300023;48000;01-27-56
run_pgo_test2_O3;2300000;48000;01-27-56
run_pgo_test2_O3;2299976;48000;01-27-57
run_pgo_test2_O3;2300000;48000;01-27-57
run_pgo_test2_O3;2300000;48000;01-27-57
run_pgo_test2_O3;2300000;50000;01-27-57
run_pgo_test2_O3;2300000;50000;01-27-58
run_pgo_test2_O3;2299976;50000;01-27-58
run_pgo_test2_O3;2300000;50000;01-27-58
run_pgo_test2_O3;2300000;50000;01-27-58
run_pgo_test2_O3;2300023;48000;01-27-58
run_pgo_test2_O3;2299976;48000;01-27-59
run_pgo_test2_O3;2300000;48000;01-27-59
run_pgo_test2_O3;2300000;48000;01-27-59
run_pgo_test2_O3;2299976;48000;01-27-59
run_pgo_test2_O3;2300000;48000;01-28-00
run_pgo_test2_O3;2300000;48000;01-28-00
run_pgo_test2_O3;2300000;48000;01-28-00
run_pgo_test2_O3;2300000;48000;01-28-00
run_pgo_test2_O3;2300000;48000;01-28-00
run_pgo_test2_O3;2300023;48000;01-28-01
run_pgo_test2_O3;2300023;48000;01-28-01
run_pgo_test2_O3;2300000;48000;01-28-01
run_pgo_test2_O3;2300000;48000;01-28-01
run_pgo_test2_O3;2300000;48000;01-28-02
run_pgo_test2_O3;2100000;50000;01-28-02
run_pgo_test2_O3;2300023;50000;01-28-02
run_pgo_test2_O3;2299976;50000;01-28-02
run_pgo_test2_O3;2299976;50000;01-28-02
run_pgo_test2_O3;2300023;50000;01-28-03
run_pgo_test2_O3;2300000;48000;01-28-03
run_pgo_test2_O3;2300000;48000;01-28-03
run_pgo_test2_O3;2300000;48000;01-28-03
run_pgo_test2_O3;2300000;48000;01-28-04
run_pgo_test2_O3;2300000;48000;01-28-04
run_pgo_test2_O3;2300000;48000;01-28-04
run_pgo_test2_O3;2300000;48000;01-28-04
run_pgo_test2_O3;2300000;48000;01-28-05
run_pgo_test2_O3;2300000;48000;01-28-05
run_pgo_test2_O3;2300000;48000;01-28-05
run_pgo_test2_O3;2299976;48000;01-28-05
run_pgo_test2_O3;2300000;48000;01-28-05
run_pgo_test2_O3;2300023;48000;01-28-06
run_pgo_test2_O3;2300000;48000;01-28-06
run_pgo_test2_O3;2300000;48000;01-28-06
run_pgo_test2_O3;2099978;50000;01-28-06
run_pgo_test2_O3;2300000;50000;01-28-07
run_pgo_test2_O3;2300000;50000;01-28-07
run_pgo_test2_O3;2299976;50000;01-28-07
run_pgo_test2_O3;2299976;50000;01-28-07
run_pgo_test2_O3;2300000;48000;01-28-07
run_pgo_test2_O3;2300000;48000;01-28-08
run_pgo_test2_O3;2300000;48000;01-28-08
run_pgo_test2_O3;2200000;48000;01-28-08
run_pgo_test2_O3;2300000;48000;01-28-08
run_pgo_test2_O3;2300000;48000;01-28-09
run_pgo_test2_O3;2300000;48000;01-28-09
run_pgo_test2_O3;2300023;48000;01-28-09
run_pgo_test2_O3;2300000;48000;01-28-09
run_pgo_test2_O3;2300000;48000;01-28-10
run_pgo_test2_O3;2300000;48000;01-28-10
run_pgo_test2_O3;2300000;48000;01-28-10
run_pgo_test2_O3;2300000;48000;01-28-10
run_pgo_test2_O3;2300000;48000;01-28-10
run_pgo_test2_O3;2299976;48000;01-28-11
run_pgo_test2_O3;2000000;50000;01-28-11
run_pgo_test2_O3;2300023;50000;01-28-11
run_pgo_test2_O3;2299976;50000;01-28-11
run_pgo_test2_O3;2299976;50000;01-28-12
run_pgo_test2_O3;2299976;50000;01-28-12
run_pgo_test2_O3;2300000;48000;01-28-12
run_pgo_test2_O3;2300046;48000;01-28-12
run_pgo_test2_O3;2299976;48000;01-28-13
run_pgo_test2_O3;2299976;48000;01-28-13
run_pgo_test2_O3;2300000;48000;01-28-13
run_pgo_test2_O3;2299977;48000;01-28-13
run_pgo_test2_O3;2300000;48000;01-28-14
run_pgo_test2_O3;2300000;48000;01-28-14
run_pgo_test2_O3;2300000;48000;01-28-14
run_pgo_test2_O3;2299976;48000;01-28-14
run_pgo_test2_O3;2300000;48000;01-28-15
run_pgo_test2_O3;2300000;48000;01-28-15
run_pgo_test2_O3;2300000;48000;01-28-15
run_pgo_test2_O3;2299976;48000;01-28-15
run_pgo_test2_O3;2299976;48000;01-28-15
run_pgo_test2_O3;2100021;48000;01-28-16
run_pgo_test2_O3;2300023;48000;01-28-16
run_pgo_test2_O3;2300000;48000;01-28-16
run_pgo_test2_O3;2300000;48000;01-28-16
run_pgo_test2_O3;2299976;48000;01-28-17
run_pgo_test2_O3;2300000;48000;01-28-17
run_pgo_test2_O3;2300000;48000;01-28-17
run_pgo_test2_O3;2299976;48000;01-28-17
run_pgo_test2_O3;2300000;48000;01-28-17
run_pgo_test2_O3;2300000;48000;01-28-18
run_pgo_test2_O3;2299976;48000;01-28-18
run_pgo_test2_O3;2299976;48000;01-28-18
run_pgo_test2_O3;2299976;48000;01-28-18
run_pgo_test2_O3;2300046;48000;01-28-19
run_pgo_test2_O3;2300000;48000;01-28-19
run_pgo_test2_O3;2300000;48000;01-28-19
run_pgo_test2_O3;2300000;48000;01-28-19
run_pgo_test2_O3;2300000;48000;01-28-19
run_pgo_test2_O3;2300000;48000;01-28-20
run_pgo_test2_O3;2299976;48000;01-28-20
run_pgo_test2_O3;2100000;50000;01-28-20
run_pgo_test2_O3;2300000;50000;01-28-20
run_pgo_test2_O3;2300023;50000;01-28-21
run_pgo_test2_O3;2300000;50000;01-28-21
run_pgo_test2_O3;2300000;50000;01-28-21
run_pgo_test2_O3;2299976;48000;01-28-21
run_pgo_test2_O3;2300000;48000;01-28-22
run_pgo_test2_O3;2300000;48000;01-28-22
run_pgo_test2_O3;2300023;48000;01-28-22
run_pgo_test2_O3;2299976;48000;01-28-22
run_pgo_test2_O3;2100000;48000;01-28-22
run_pgo_test2_O3;2300000;48000;01-28-23
run_pgo_test2_O3;2300000;48000;01-28-23
run_pgo_test2_O3;2300023;48000;01-28-23
run_pgo_test2_O3;2299792;48000;01-28-23
run_pgo_test2_O3;2299976;48000;01-28-24
run_pgo_test2_O3;2300000;48000;01-28-24
run_pgo_test2_O3;2300000;48000;01-28-24
run_pgo_test2_O3;2300000;48000;01-28-24
run_pgo_test2_O3;2300023;48000;01-28-25
run_pgo_test2_O3;2300000;48000;01-28-25
run_pgo_test2_O3;2100000;48000;01-28-25
run_pgo_test2_O3;2300000;48000;01-28-25
run_pgo_test2_O3;2300000;48000;01-28-25
run_pgo_test2_O3;2300000;48000;01-28-26
run_pgo_test2_O3;2300000;48000;01-28-26
run_pgo_test2_O3;2300023;48000;01-28-26
run_pgo_test2_O3;2300000;48000;01-28-26
run_pgo_test2_O3;2300000;48000;01-28-27
run_pgo_test2_O3;2300023;48000;01-28-27
run_pgo_test2_O3;2200000;50000;01-28-27
run_pgo_test2_O3;2300000;50000;01-28-27
run_pgo_test2_O3;2300000;50000;01-28-28
run_pgo_test2_O3;2300000;50000;01-28-28
run_pgo_test2_O3;2300000;50000;01-28-28
run_pgo_test2_O3;2300000;48000;01-28-28
run_pgo_test2_O3;2300000;48000;01-28-28
run_pgo_test2_O3;2300023;48000;01-28-29
run_pgo_test2_O3;2300023;48000;01-28-29
run_pgo_test2_O3;2300000;48000;01-28-29
run_pgo_test2_O3;2100021;50000;01-28-29
run_pgo_test2_O3;2300000;50000;01-28-30
run_pgo_test2_O3;2300023;50000;01-28-30
run_pgo_test2_O3;2300023;50000;01-28-30
run_pgo_test2_O3;2299976;50000;01-28-30
run_pgo_test2_O3;2300000;48000;01-28-30
run_pgo_test2_O3;2299976;48000;01-28-31
run_pgo_test2_O3;2300000;48000;01-28-31
run_pgo_test2_O3;2300000;48000;01-28-31
run_pgo_test2_O3;2300023;48000;01-28-31
run_pgo_test2_O3;2299976;48000;01-28-32
run_pgo_test2_O3;2100000;48000;01-28-32
run_pgo_test2_O3;2300000;48000;01-28-32
run_pgo_test2_O3;2300000;48000;01-28-32
run_pgo_test2_O3;2300000;48000;01-28-32
run_pgo_test2_O3;2300000;48000;01-28-33
run_pgo_test2_O3;2300000;48000;01-28-33
run_pgo_test2_O3;2300023;48000;01-28-33
run_pgo_test2_O3;2100021;48000;01-28-33
run_pgo_test2_O3;2300000;48000;01-28-34
run_pgo_test2_O3;2300000;48000;01-28-34
run_pgo_test2_O3;2300000;48000;01-28-34
run_pgo_test2_O3;2299976;48000;01-28-34
run_pgo_test2_O3;2300000;48000;01-28-35
run_pgo_test2_O3;2300000;48000;01-28-35
run_pgo_test2_O3;2300000;48000;01-28-35
run_pgo_test2_O3;2300000;48000;01-28-35
run_pgo_test2_O3;2300023;48000;01-28-35
run_pgo_test2_O3;2300023;48000;01-28-36
run_pgo_test2_O3;2300000;48000;01-28-36
run_pgo_test2_O3;2300000;48000;01-28-36
run_pgo_test2_O3;2300000;48000;01-28-36
run_pgo_test2_O3;2299976;48000;01-28-37
run_pgo_test2_O3;2300000;48000;01-28-37
run_pgo_test2_O3;2300023;48000;01-28-37
run_pgo_test2_O3;2100000;48000;01-28-37
run_pgo_test2_O3;2300023;48000;01-28-37
run_pgo_test2_O3;2300023;48000;01-28-38
run_pgo_test2_O3;2299976;48000;01-28-38
run_pgo_test2_O3;2299976;48000;01-28-38
run_pgo_test2_O3;2300023;48000;01-28-38
run_pgo_test2_O3;2299976;48000;01-28-39
run_pgo_test2_O3;2300000;48000;01-28-39
run_pgo_test2_O3;2300000;48000;01-28-39
run_pgo_test2_O3;2299976;48000;01-28-39
run_pgo_test2_O3;2300023;48000;01-28-39
run_pgo_test2_O3;2300000;48000;01-28-40
run_pgo_test2_O3;2299976;48000;01-28-40
run_pgo_test2_O3;2299976;48000;01-28-40
run_pgo_test2_O3;2300000;48000;01-28-40
run_pgo_test2_O3;2299976;48000;01-28-41
run_pgo_test2_O3;2300000;48000;01-28-41
run_pgo_test2_O3;2300000;48000;01-28-41
run_pgo_test2_O3;2299976;48000;01-28-41
run_pgo_test2_O3;2300000;48000;01-28-41
run_pgo_test2_O3;2300000;48000;01-28-42
run_pgo_test2_O3;2300023;48000;01-28-42
run_pgo_test2_O3;2300000;48000;01-28-42
run_pgo_test2_O3;2299953;48000;01-28-42
run_pgo_test2_O3;2300023;48000;01-28-43
run_pgo_test2_O3;2299976;48000;01-28-43
run_pgo_test2_O3;2299976;48000;01-28-43
run_pgo_test2_O3;2300000;48000;01-28-43
run_pgo_test2_O3;2299976;48000;01-28-43
run_pgo_test2_O3;2200000;48000;01-28-44
run_pgo_test2_O3;2300000;48000;01-28-44
run_pgo_test2_O3;2300000;48000;01-28-44
run_pgo_test2_O3;2300000;48000;01-28-44
run_pgo_test2_O3;2299976;48000;01-28-45
run_pgo_test2_O3;2300000;48000;01-28-45
run_pgo_test2_O3;2300023;48000;01-28-45
run_pgo_test2_O3;2299976;48000;01-28-45
run_pgo_test2_O3;2300000;48000;01-28-45
run_pgo_test2_O3;2299976;48000;01-28-46
run_pgo_test2_O3;2300000;48000;01-28-46
run_pgo_test2_O3;2300000;48000;01-28-46
run_pgo_test2_O3;2300023;48000;01-28-46
run_pgo_test2_O3;2300000;48000;01-28-47
run_pgo_test2_O3;2300000;48000;01-28-47
run_pgo_test2_O3;2300000;48000;01-28-47
run_pgo_test2_O3;2300000;48000;01-28-47
run_pgo_test2_O3;2300000;48000;01-28-47
run_pgo_test2_O3;2300023;48000;01-28-48
run_pgo_test2_O3;2300000;48000;01-28-48
run_pgo_test2_O3;2200000;48000;01-28-48
run_pgo_test2_O3;2300000;48000;01-28-48
run_pgo_test2_O3;2300000;48000;01-28-49
run_pgo_test2_O3;2300000;48000;01-28-49
run_pgo_test2_O3;2300000;48000;01-28-49
run_pgo_test2_O3;2300000;48000;01-28-49
run_pgo_test2_O3;2300000;48000;01-28-49
run_pgo_test2_O3;2299976;48000;01-28-50
run_pgo_test2_O3;2300023;48000;01-28-50
run_pgo_test2_O3;2300000;48000;01-28-50
run_pgo_test2_O3;2300000;48000;01-28-50
run_pgo_test2_O3;2300000;48000;01-28-51
run_pgo_test2_O3;2300000;48000;01-28-51
run_pgo_test2_O3;2300000;48000;01-28-51
run_pgo_test2_O3;2300023;48000;01-28-51
run_pgo_test2_O3;2300000;48000;01-28-51
run_pgo_test2_O3;2300000;48000;01-28-52
run_pgo_test2_O3;2099978;48000;01-28-52
run_pgo_test2_O3;2300000;48000;01-28-52
run_pgo_test2_O3;2299976;48000;01-28-52
run_pgo_test2_O3;2099978;48000;01-28-53
run_pgo_test2_O3;2300000;48000;01-28-53
run_pgo_test2_O3;2300000;48000;01-28-53
run_pgo_test2_O3;2300000;48000;01-28-53
run_pgo_test2_O3;2300023;48000;01-28-53
run_pgo_test2_O3;2300000;48000;01-28-54
run_pgo_test2_O3;2300000;48000;01-28-54
run_pgo_test2_O3;2300023;48000;01-28-54
run_pgo_test2_O3;2300000;48000;01-28-54
run_pgo_test2_O3;2300000;48000;01-28-55
run_pgo_test2_O3;2300000;48000;01-28-55
run_pgo_test2_O3;2300023;48000;01-28-55
run_pgo_test2_O3;2300000;48000;01-28-55
run_pgo_test2_O3;2300000;48000;01-28-55
run_pgo_test2_O3;2299976;48000;01-28-56
run_pgo_test2_O3;2300000;48000;01-28-56
run_pgo_test2_O3;2300000;48000;01-28-56
run_pgo_test2_O3;2300000;48000;01-28-56
run_pgo_test2_O3;2300000;48000;01-28-57
run_pgo_test2_O3;2299976;48000;01-28-57
run_pgo_test2_O3;2100000;48000;01-28-57
run_pgo_test2_O3;2300000;48000;01-28-57
run_pgo_test2_O3;2299976;48000;01-28-57
run_pgo_test2_O3;2299976;48000;01-28-58
run_pgo_test2_O3;2300000;48000;01-28-58
run_pgo_test2_O3;2300000;48000;01-28-58
run_pgo_test2_O3;2300023;48000;01-28-58
run_pgo_test2_O3;2299976;48000;01-28-59
run_pgo_test2_O3;2300000;48000;01-28-59
run_pgo_test2_O3;2200000;48000;01-28-59
