opt1_O3;0.23024
opt1_O3;0.222258
opt1_O3;0.225253
opt1_O3;0.229271
opt1_O3;0.224461
opt1_O3;0.220124
opt1_O3;0.231768
opt1_O3;0.222953
opt1_O3;0.227603
opt1_O3;0.223488
opt1_O3;0.223483
opt1_O3;0.222623
opt1_O3;0.223446
opt1_O3;0.223772
opt1_O3;0.221516
opt1_O3;0.230953
opt1_O3;0.22665
opt1_O3;0.223474
opt1_O3;0.221436
opt1_O3;0.223858
opt1_O3;0.224872
opt1_O3;0.232028
opt1_O3;0.222373
opt1_O3;0.223668
opt1_O3;0.224181
opt1_O3;0.226885
opt1_O3;0.221675
opt1_O3;0.235878
opt1_O3;0.223909
opt1_O3;0.225569
opt1_O3;0.221605
opt1_O3;0.222531
opt1_O3;0.224041
opt1_O3;0.22282
opt1_O3;0.220281
opt1_O3;0.224694
opt1_O3;0.224282
opt1_O3;0.223128
opt1_O3;0.230879
opt1_O3;0.222129
opt1_O3;0.223744
opt1_O3;0.220675
opt1_O3;0.221945
opt1_O3;0.229131
opt1_O3;0.224514
opt1_O3;0.225347
opt1_O3;0.226477
opt1_O3;0.221083
opt1_O3;0.224634
opt1_O3;0.220547
opt1_O3;0.223112
opt1_O3;0.224804
opt1_O3;0.222931
opt1_O3;0.224238
opt1_O3;0.221788
opt1_O3;0.23824
opt1_O3;0.22443
opt1_O3;0.229553
opt1_O3;0.220382
opt1_O3;0.238575
opt1_O3;0.23958
opt1_O3;0.223574
opt1_O3;0.222569
opt1_O3;0.224349
opt1_O3;0.225088
opt1_O3;0.247237
opt1_O3;0.235402
opt1_O3;0.225853
opt1_O3;0.23065
opt1_O3;0.225196
opt1_O3;0.226411
opt1_O3;0.222707
opt1_O3;0.221516
opt1_O3;0.227531
opt1_O3;0.221728
opt1_O3;0.22459
opt1_O3;0.238883
opt1_O3;0.221937
opt1_O3;0.222896
opt1_O3;0.224189
opt1_O3;0.224275
opt1_O3;0.219682
opt1_O3;0.2228
opt1_O3;0.231189
opt1_O3;0.222574
opt1_O3;0.223349
opt1_O3;0.225085
opt1_O3;0.221486
opt1_O3;0.222953
opt1_O3;0.226031
opt1_O3;0.229434
opt1_O3;0.223873
opt1_O3;0.225133
opt1_O3;0.224742
opt1_O3;0.222742
opt1_O3;0.227891
opt1_O3;0.241825
opt1_O3;0.223
opt1_O3;0.22296
opt1_O3;0.226997
opt1_O3;0.223371
opt1_O3;0.221833
opt1_O3;0.225561
opt1_O3;0.22224
opt1_O3;0.225204
opt1_O3;0.229294
opt1_O3;0.224346
opt1_O3;0.224311
opt1_O3;0.224829
opt1_O3;0.23326
opt1_O3;0.220471
opt1_O3;0.232731
opt1_O3;0.220809
opt1_O3;0.225652
opt1_O3;0.220374
opt1_O3;0.229071
opt1_O3;0.22105
opt1_O3;0.221905
opt1_O3;0.240166
opt1_O3;0.226481
opt1_O3;0.222007
opt1_O3;0.224134
opt1_O3;0.223245
opt1_O3;0.223483
opt1_O3;0.223635
opt1_O3;0.223786
opt1_O3;0.22119
opt1_O3;0.222983
opt1_O3;0.224367
opt1_O3;0.223593
opt1_O3;0.222762
opt1_O3;0.222147
opt1_O3;0.227815
opt1_O3;0.222716
opt1_O3;0.222103
opt1_O3;0.225931
opt1_O3;0.222788
opt1_O3;0.227554
opt1_O3;0.225499
opt1_O3;0.223216
opt1_O3;0.242509
opt1_O3;0.224124
opt1_O3;0.222444
opt1_O3;0.222085
opt1_O3;0.224993
opt1_O3;0.228855
opt1_O3;0.224711
opt1_O3;0.222662
opt1_O3;0.225338
opt1_O3;0.222632
opt1_O3;0.2222
opt1_O3;0.224516
opt1_O3;0.220273
opt1_O3;0.221288
opt1_O3;0.231472
opt1_O3;0.219807
opt1_O3;0.222825
opt1_O3;0.22599
opt1_O3;0.226628
opt1_O3;0.224512
opt1_O3;0.224701
opt1_O3;0.222646
opt1_O3;0.220545
opt1_O3;0.222957
opt1_O3;0.236065
opt1_O3;0.235315
opt1_O3;0.221815
opt1_O3;0.218923
opt1_O3;0.221349
opt1_O3;0.219298
opt1_O3;0.222696
opt1_O3;0.241021
opt1_O3;0.2227
opt1_O3;0.220609
opt1_O3;0.222825
opt1_O3;0.236267
opt1_O3;0.224902
opt1_O3;0.224226
opt1_O3;0.22805
opt1_O3;0.223013
opt1_O3;0.236766
opt1_O3;0.225537
opt1_O3;0.223665
opt1_O3;0.220239
opt1_O3;0.224224
opt1_O3;0.225579
opt1_O3;0.229789
opt1_O3;0.230933
opt1_O3;0.238307
opt1_O3;0.221927
opt1_O3;0.219244
opt1_O3;0.222991
opt1_O3;0.222508
opt1_O3;0.220965
opt1_O3;0.221763
opt1_O3;0.237938
opt1_O3;0.225185
opt1_O3;0.224188
opt1_O3;0.222259
opt1_O3;0.222189
opt1_O3;0.228029
opt1_O3;0.223852
opt1_O3;0.221502
opt1_O3;0.221749
opt1_O3;0.219867
opt1_O3;0.222898
opt1_O3;0.221555
opt1_O3;0.228381
opt1_O3;0.220467
opt1_O3;0.219708
opt1_O3;0.219951
opt1_O3;0.234626
opt1_O3;0.221447
opt1_O3;0.221332
opt1_O3;0.222618
opt1_O3;0.223281
opt1_O3;0.226852
opt1_O3;0.221621
opt1_O3;0.222998
opt1_O3;0.221902
opt1_O3;0.229848
opt1_O3;0.219203
opt1_O3;0.22433
opt1_O3;0.221219
opt1_O3;0.222176
opt1_O3;0.218906
opt1_O3;0.223199
opt1_O3;0.220028
opt1_O3;0.226658
opt1_O3;0.234298
opt1_O3;0.220691
opt1_O3;0.221289
opt1_O3;0.234951
opt1_O3;0.221452
opt1_O3;0.220396
opt1_O3;0.219632
opt1_O3;0.226888
opt1_O3;0.220566
opt1_O3;0.219957
opt1_O3;0.224118
opt1_O3;0.21954
opt1_O3;0.220721
opt1_O3;0.226527
opt1_O3;0.222631
opt1_O3;0.233159
opt1_O3;0.221324
opt1_O3;0.227783
opt1_O3;0.219987
opt1_O3;0.221982
opt1_O3;0.22832
opt1_O3;0.226338
opt1_O3;0.23662
opt1_O3;0.219822
opt1_O3;0.222159
opt1_O3;0.220802
opt1_O3;0.221879
opt1_O3;0.220675
opt1_O3;0.219258
opt1_O3;0.227503
opt1_O3;0.222128
opt1_O3;0.220756
opt1_O3;0.218722
opt1_O3;0.22155
opt1_O3;0.219014
opt1_O3;0.222913
opt1_O3;0.235766
opt1_O3;0.221662
opt1_O3;0.222359
opt1_O3;0.221558
opt1_O3;0.221237
opt1_O3;0.229181
opt1_O3;0.224111
opt1_O3;0.222365
opt1_O3;0.221485
opt1_O3;0.220117
opt1_O3;0.222328
opt1_O3;0.220581
opt1_O3;0.222709
opt1_O3;0.222784
opt1_O3;0.222611
opt1_O3;0.2216
opt1_O3;0.222365
opt1_O3;0.228978
opt1_O3;0.220444
opt1_O3;0.22472
opt1_O3;0.222057
opt1_O3;0.221503
opt1_O3;0.226335
opt1_O3;0.220413
opt1_O3;0.223623
opt1_O3;0.218904
opt1_O3;0.228417
opt1_O3;0.223374
opt1_O3;0.236343
opt1_O3;0.222127
opt1_O3;0.224596
opt1_O3;0.222916
opt1_O3;0.236682
opt1_O3;0.221772
opt1_O3;0.221304
opt1_O3;0.218829
opt1_O3;0.221797
opt1_O3;0.222249
opt1_O3;0.223744
opt1_O3;0.225982
opt1_O3;0.225235
opt1_O3;0.225147
opt1_O3;0.222985
opt1_O3;0.230444
opt1_O3;0.222531
opt1_O3;0.227771
opt1_O3;0.228016
opt1_O3;0.224942
opt1_O3;0.220569
opt1_O3;0.224465
opt1_O3;0.221791
opt1_O3;0.227524
opt1_O3;0.220377
opt1_O3;0.222593
opt1_O3;0.22226
opt1_O3;0.220734
opt1_O3;0.228969
opt1_O3;0.228781
opt1_O3;0.234614
opt1_O3;0.221459
opt1_O3;0.220092
opt1_O3;0.225113
opt1_O3;0.224827
opt1_O3;0.242025
opt1_O3;0.219455
opt1_O3;0.222988
opt1_O3;0.227826
opt1_O3;0.222127
opt1_O3;0.219603
opt1_O3;0.220475
opt1_O3;0.222531
opt1_O3;0.222789
opt1_O3;0.23053
opt1_O3;0.220454
opt1_O3;0.222196
opt1_O3;0.221561
opt1_O3;0.221756
opt1_O3;0.222858
opt1_O3;0.226851
opt1_O3;0.22056
opt1_O3;0.221663
opt1_O3;0.21917
opt1_O3;0.229217
opt1_O3;0.22007
opt1_O3;0.222238
opt1_O3;0.223142
opt1_O3;0.245839
opt1_O3;0.220914
opt1_O3;0.223239
opt1_O3;0.234842
opt1_O3;0.222071
opt1_O3;0.23348
opt1_O3;0.221315
opt1_O3;0.222644
opt1_O3;0.234345
opt1_O3;0.223669
opt1_O3;0.22328
opt1_O3;0.224701
opt1_O3;0.222902
opt1_O3;0.220732
opt1_O3;0.219492
opt1_O3;0.220545
opt1_O3;0.225291
opt1_O3;0.225416
opt1_O3;0.222007
opt1_O3;0.227101
opt1_O3;0.223715
opt1_O3;0.223328
opt1_O3;0.22206
opt1_O3;0.220594
opt1_O3;0.22722
opt1_O3;0.226689
opt1_O3;0.22051
opt1_O3;0.22352
opt1_O3;0.221
opt1_O3;0.220688
opt1_O3;0.220928
opt1_O3;0.220715
opt1_O3;0.224481
opt1_O3;0.228133
opt1_O3;0.22567
opt1_O3;0.230311
opt1_O3;0.221928
opt1_O3;0.223459
opt1_O3;0.223373
opt1_O3;0.226642
opt1_O3;0.219468
opt1_O3;0.224866
opt1_O3;0.222117
opt1_O3;0.223026
opt1_O3;0.219199
opt1_O3;0.221929
opt1_O3;0.223425
opt1_O3;0.230104
opt1_O3;0.219996
opt1_O3;0.220832
opt1_O3;0.222505
opt1_O3;0.219497
opt1_O3;0.22087
opt1_O3;0.225106
opt1_O3;0.222392
opt1_O3;0.221235
opt1_O3;0.221977
opt1_O3;0.223812
opt1_O3;0.222677
opt1_O3;0.222304
opt1_O3;0.225511
opt1_O3;0.226002
opt1_O3;0.221734
opt1_O3;0.224285
opt1_O3;0.225924
opt1_O3;0.220692
opt1_O3;0.221162
opt1_O3;0.219108
opt1_O3;0.224304
opt1_O3;0.223096
opt1_O3;0.220045
opt1_O3;0.223638
opt1_O3;0.231236
opt1_O3;0.22424
opt1_O3;0.220738
opt1_O3;0.218611
opt1_O3;0.220339
opt1_O3;0.228223
opt1_O3;0.220528
opt1_O3;0.230566
opt1_O3;0.218693
opt1_O3;0.223441
opt1_O3;0.221028
opt1_O3;0.229543
opt1_O3;0.221244
opt1_O3;0.224508
opt1_O3;0.222349
opt1_O3;0.228811
opt1_O3;0.220211
opt1_O3;0.223691
opt1_O3;0.226478
opt1_O3;0.224843
opt1_O3;0.221907
opt1_O3;0.222267
opt1_O3;0.2271
opt1_O3;0.222312
opt1_O3;0.228056
opt1_O3;0.224796
opt1_O3;0.219597
opt1_O3;0.240643
opt1_O3;0.222578
opt1_O3;0.225392
opt1_O3;0.237912
opt1_O3;0.219363
opt1_O3;0.221065
opt1_O3;0.224294
opt1_O3;0.22223
opt1_O3;0.22608
opt1_O3;0.225521
opt1_O3;0.22257
opt1_O3;0.220629
opt1_O3;0.225187
opt1_O3;0.219555
opt1_O3;0.227282
opt1_O3;0.23297
opt1_O3;0.225074
opt1_O3;0.220906
opt1_O3;0.224022
opt1_O3;0.224057
opt1_O3;0.220157
opt1_O3;0.21923
opt1_O3;0.220506
opt1_O3;0.230211
opt1_O3;0.223409
opt1_O3;0.221718
opt1_O3;0.220553
opt1_O3;0.223235
opt1_O3;0.220233
opt1_O3;0.222246
opt1_O3;0.225812
opt1_O3;0.22381
opt1_O3;0.230928
opt1_O3;0.222495
opt1_O3;0.221483
opt1_O3;0.22933
opt1_O3;0.220722
opt1_O3;0.223353
opt1_O3;0.220693
opt1_O3;0.222967
opt1_O3;0.235395
opt1_O3;0.222133
opt1_O3;0.224169
opt1_O3;0.220801
opt1_O3;0.222072
opt1_O3;0.222161
opt1_O3;0.221528
opt1_O3;0.222302
opt1_O3;0.221251
opt1_O3;0.223992
opt1_O3;0.228129
opt1_O3;0.230604
opt1_O3;0.231693
opt1_O3;0.234374
opt1_O3;0.233553
opt1_O3;0.227942
opt1_O3;0.229088
opt1_O3;0.226453
opt1_O3;0.227711
opt1_O3;0.231735
opt1_O3;0.234293
opt1_O3;0.233688
opt1_O3;0.232108
opt1_O3;0.231093
opt1_O3;0.241788
opt1_O3;0.227847
opt1_O3;0.227991
opt1_O3;0.230409
opt1_O3;0.231357
opt1_O3;0.231798
opt1_O3;0.227815
opt1_O3;0.228732
opt1_O3;0.226211
opt1_O3;0.227636
opt1_O3;0.226158
opt1_O3;0.228455
opt1_O3;0.242351
opt1_O3;0.231411
opt1_O3;0.228002
opt1_O3;0.229745
opt1_O3;0.230093
opt1_O3;0.229243
opt1_O3;0.22742
opt1_O3;0.229943
opt1_O3;0.232041
opt1_O3;0.224144
opt1_O3;0.228923
opt1_O3;0.226209
opt1_O3;0.232103
opt1_O3;0.227092
opt1_O3;0.228956
opt1_O3;0.242331
opt1_O3;0.234551
opt1_O3;0.231869
opt1_O3;0.23064
opt1_O3;0.233447
opt1_O3;0.228646
opt1_O3;0.23791
opt1_O3;0.231838
opt1_O3;0.227849
opt1_O3;0.233563
opt1_O3;0.229472
opt1_O3;0.229608
opt1_O3;0.227239
opt1_O3;0.22889
opt1_O3;0.228545
opt1_O3;0.231217
opt1_O3;0.229737
opt1_O3;0.236811
opt1_O3;0.227687
opt1_O3;0.238671
opt1_O3;0.226964
opt1_O3;0.226698
opt1_O3;0.229241
opt1_O3;0.238896
opt1_O3;0.231691
opt1_O3;0.228899
opt1_O3;0.236566
opt1_O3;0.22725
opt1_O3;0.228678
opt1_O3;0.235427
opt1_O3;0.227803
opt1_O3;0.228738
opt1_O3;0.229166
opt1_O3;0.238954
opt1_O3;0.226288
opt1_O3;0.227469
opt1_O3;0.22663
opt1_O3;0.231271
opt1_O3;0.22735
opt1_O3;0.228309
opt1_O3;0.230474
opt1_O3;0.230763
opt1_O3;0.230494
opt1_O3;0.233266
opt1_O3;0.229258
opt1_O3;0.235375
opt1_O3;0.237598
opt1_O3;0.227832
opt1_O3;0.228
opt1_O3;0.227658
opt1_O3;0.228861
opt1_O3;0.228406
opt1_O3;0.245513
opt1_O3;0.228383
opt1_O3;0.229163
opt1_O3;0.231581
opt1_O3;0.23136
opt1_O3;0.2279
opt1_O3;0.228203
opt1_O3;0.233706
opt1_O3;0.226342
opt1_O3;0.231798
opt1_O3;0.232766
opt1_O3;0.228285
opt1_O3;0.22979
opt1_O3;0.230689
opt1_O3;0.228389
opt1_O3;0.228531
opt1_O3;0.227418
opt1_O3;0.237509
opt1_O3;0.229468
opt1_O3;0.228252
opt1_O3;0.228791
opt1_O3;0.232216
opt1_O3;0.230286
opt1_O3;0.232162
opt1_O3;0.236503
opt1_O3;0.245312
opt1_O3;0.229197
opt1_O3;0.227432
opt1_O3;0.229475
opt1_O3;0.23139
opt1_O3;0.229113
opt1_O3;0.234503
opt1_O3;0.230763
opt1_O3;0.227055
opt1_O3;0.22814
opt1_O3;0.228107
opt1_O3;0.232815
opt1_O3;0.230363
opt1_O3;0.236503
opt1_O3;0.227405
opt1_O3;0.228278
opt1_O3;0.22884
opt1_O3;0.231171
opt1_O3;0.230924
opt1_O3;0.225626
opt1_O3;0.234685
opt1_O3;0.22562
opt1_O3;0.231186
opt1_O3;0.225612
opt1_O3;0.229145
opt1_O3;0.229833
opt1_O3;0.229527
opt1_O3;0.231946
opt1_O3;0.229768
opt1_O3;0.229759
opt1_O3;0.227908
opt1_O3;0.239909
opt1_O3;0.23026
opt1_O3;0.225944
opt1_O3;0.224724
opt1_O3;0.229505
opt1_O3;0.231002
opt1_O3;0.22803
opt1_O3;0.234682
opt1_O3;0.242558
opt1_O3;0.227693
opt1_O3;0.228626
opt1_O3;0.231083
opt1_O3;0.231061
opt1_O3;0.228354
opt1_O3;0.228546
opt1_O3;0.22632
opt1_O3;0.226878
opt1_O3;0.227577
opt1_O3;0.227114
opt1_O3;0.229641
opt1_O3;0.231677
opt1_O3;0.228448
opt1_O3;0.235628
opt1_O3;0.228891
opt1_O3;0.234119
opt1_O3;0.229502
opt1_O3;0.225166
opt1_O3;0.22918
opt1_O3;0.226009
opt1_O3;0.230015
opt1_O3;0.236331
opt1_O3;0.229234
opt1_O3;0.228641
opt1_O3;0.231986
opt1_O3;0.227275
opt1_O3;0.227717
opt1_O3;0.230741
opt1_O3;0.227128
opt1_O3;0.229358
opt1_O3;0.237464
opt1_O3;0.228806
opt1_O3;0.233819
opt1_O3;0.228203
opt1_O3;0.228977
opt1_O3;0.226945
opt1_O3;0.224898
opt1_O3;0.227244
opt1_O3;0.230607
opt1_O3;0.228548
opt1_O3;0.227918
opt1_O3;0.226428
opt1_O3;0.233959
opt1_O3;0.228084
opt1_O3;0.230203
opt1_O3;0.229769
opt1_O3;0.230084
opt1_O3;0.22644
opt1_O3;0.228538
opt1_O3;0.228966
opt1_O3;0.239479
opt1_O3;0.233796
opt1_O3;0.227352
opt1_O3;0.230096
opt1_O3;0.230898
opt1_O3;0.226969
opt1_O3;0.227645
opt1_O3;0.228971
opt1_O3;0.228812
opt1_O3;0.231194
opt1_O3;0.227978
opt1_O3;0.229926
opt1_O3;0.229253
opt1_O3;0.227493
opt1_O3;0.227887
opt1_O3;0.229129
opt1_O3;0.231408
opt1_O3;0.228766
opt1_O3;0.229527
opt1_O3;0.229679
opt1_O3;0.227779
opt1_O3;0.250265
opt1_O3;0.227759
opt1_O3;0.226934
opt1_O3;0.226133
opt1_O3;0.2281
opt1_O3;0.230876
opt1_O3;0.227531
opt1_O3;0.234981
opt1_O3;0.23137
opt1_O3;0.238039
opt1_O3;0.229392
opt1_O3;0.226917
opt1_O3;0.228655
opt1_O3;0.226588
opt1_O3;0.227713
opt1_O3;0.226313
opt1_O3;0.232274
opt1_O3;0.23128
opt1_O3;0.230453
opt1_O3;0.230508
opt1_O3;0.227582
opt1_O3;0.248967
opt1_O3;0.229414
opt1_O3;0.231863
opt1_O3;0.230548
opt1_O3;0.229535
opt1_O3;0.226075
opt1_O3;0.230161
opt1_O3;0.230582
opt1_O3;0.228477
opt1_O3;0.229133
opt1_O3;0.237516
opt1_O3;0.239584
opt1_O3;0.23002
opt1_O3;0.228915
opt1_O3;0.227706
opt1_O3;0.232757
opt1_O3;0.233059
opt1_O3;0.233046
opt1_O3;0.229114
opt1_O3;0.228243
opt1_O3;0.228756
opt1_O3;0.235865
opt1_O3;0.23014
opt1_O3;0.22453
opt1_O3;0.238842
opt1_O3;0.235735
opt1_O3;0.234616
opt1_O3;0.231825
opt1_O3;0.229542
opt1_O3;0.229496
opt1_O3;0.227512
opt1_O3;0.226382
opt1_O3;0.228589
opt1_O3;0.22682
opt1_O3;0.229757
opt1_O3;0.254423
opt1_O3;0.23134
opt1_O3;0.225119
opt1_O3;0.230305
opt1_O3;0.23601
opt1_O3;0.228556
opt1_O3;0.227001
opt1_O3;0.228966
opt1_O3;0.233591
opt1_O3;0.228397
opt1_O3;0.228302
opt1_O3;0.227238
opt1_O3;0.23293
opt1_O3;0.22786
opt1_O3;0.228665
opt1_O3;0.226671
opt1_O3;0.233046
opt1_O3;0.22699
opt1_O3;0.231382
opt1_O3;0.228103
opt1_O3;0.231811
opt1_O3;0.228218
opt1_O3;0.229298
opt1_O3;0.233071
opt1_O3;0.227825
opt1_O3;0.230406
opt1_O3;0.241404
opt1_O3;0.228558
opt1_O3;0.235748
opt1_O3;0.228847
opt1_O3;0.231998
opt1_O3;0.227827
opt1_O3;0.229206
opt1_O3;0.241859
opt1_O3;0.243308
opt1_O3;0.231035
opt1_O3;0.2286
opt1_O3;0.247166
opt1_O3;0.22536
opt1_O3;0.231114
opt1_O3;0.227536
opt1_O3;0.228101
opt1_O3;0.236773
opt1_O3;0.231592
opt1_O3;0.231008
opt1_O3;0.229624
opt1_O3;0.227009
opt1_O3;0.228084
opt1_O3;0.227392
opt1_O3;0.230357
opt1_O3;0.227312
opt1_O3;0.228879
opt1_O3;0.227873
opt1_O3;0.228682
opt1_O3;0.226713
opt1_O3;0.227218
opt1_O3;0.233681
opt1_O3;0.228231
opt1_O3;0.225112
opt1_O3;0.228046
opt1_O3;0.238419
opt1_O3;0.22858
opt1_O3;0.228067
opt1_O3;0.228208
opt1_O3;0.229953
opt1_O3;0.225271
opt1_O3;0.231323
opt1_O3;0.234701
opt1_O3;0.234412
opt1_O3;0.23497
opt1_O3;0.230836
opt1_O3;0.23073
opt1_O3;0.249513
opt1_O3;0.228749
opt1_O3;0.231654
opt1_O3;0.227292
opt1_O3;0.228372
opt1_O3;0.239585
opt1_O3;0.229288
opt1_O3;0.243701
opt1_O3;0.208086
opt1_O3;0.186852
opt1_O3;0.210056
opt1_O3;0.232501
opt1_O3;0.230526
opt1_O3;0.226419
opt1_O3;0.237346
opt1_O3;0.226456
opt1_O3;0.229037
opt1_O3;0.227108
opt1_O3;0.238162
opt1_O3;0.234049
opt1_O3;0.229951
opt1_O3;0.232972
opt1_O3;0.241892
opt1_O3;0.225685
opt1_O3;0.227088
opt1_O3;0.231643
opt1_O3;0.228675
opt1_O3;0.227871
opt1_O3;0.226444
opt1_O3;0.230551
opt1_O3;0.241706
opt1_O3;0.231209
opt1_O3;0.228409
opt1_O3;0.228253
opt1_O3;0.226714
opt1_O3;0.226706
opt1_O3;0.229292
opt1_O3;0.227184
opt1_O3;0.228354
opt1_O3;0.228961
opt1_O3;0.2278
opt1_O3;0.235293
opt1_O3;0.241204
opt1_O3;0.229047
opt1_O3;0.229573
opt1_O3;0.228654
opt1_O3;0.2266
opt1_O3;0.228745
opt1_O3;0.233059
opt1_O3;0.226869
opt1_O3;0.227578
opt1_O3;0.247081
opt1_O3;0.225561
opt1_O3;0.249507
opt1_O3;0.229845
opt1_O3;0.227804
opt1_O3;0.241681
opt1_O3;0.247001
opt1_O3;0.225617
opt1_O3;0.229921
opt1_O3;0.226149
opt1_O3;0.233191
opt1_O3;0.228982
opt1_O3;0.236231
opt1_O3;0.236763
opt1_O3;0.228311
opt1_O3;0.228429
opt1_O3;0.230112
opt1_O3;0.23033
opt1_O3;0.227078
opt1_O3;0.228225
opt1_O3;0.226436
opt1_O3;0.230675
opt1_O3;0.226087
opt1_O3;0.229155
opt1_O3;0.231932
opt1_O3;0.233906
opt1_O3;0.229787
opt1_O3;0.228688
opt1_O3;0.230563
opt1_O3;0.229667
opt1_O3;0.227038
opt1_O3;0.232984
opt1_O3;0.227814
opt1_O3;0.243072
opt1_O3;0.235151
opt1_O3;0.234768
opt1_O3;0.231088
opt1_O3;0.226608
opt1_O3;0.228029
opt1_O3;0.237036
opt1_O3;0.233096
opt1_O3;0.241943
opt1_O3;0.244088
opt1_O3;0.228617
opt1_O3;0.240819
opt1_O3;0.228813
opt1_O3;0.230038
opt1_O3;0.225951
opt1_O3;0.230031
opt1_O3;0.231151
opt1_O3;0.231462
opt1_O3;0.227666
opt1_O3;0.233587
opt1_O3;0.24213
opt1_O3;0.232419
opt1_O3;0.229435
opt1_O3;0.245431
opt1_O3;0.227283
opt1_O3;0.230016
opt1_O3;0.232475
opt1_O3;0.231089
opt1_O3;0.229172
opt1_O3;0.225731
opt1_O3;0.228867
opt1_O3;0.239843
opt1_O3;0.228417
opt1_O3;0.236516
opt1_O3;0.233468
opt1_O3;0.225637
opt1_O3;0.231663
opt1_O3;0.2255
opt1_O3;0.229566
opt1_O3;0.227682
opt1_O3;0.230766
opt1_O3;0.230362
opt1_O3;0.231633
opt1_O3;0.22673
opt1_O3;0.230493
opt1_O3;0.237348
opt1_O3;0.233158
opt1_O3;0.230057
opt1_O3;0.234857
opt1_O3;0.228876
opt1_O3;0.233252
opt1_O3;0.228769
opt1_O3;0.239728
opt1_O3;0.229746
opt1_O3;0.227497
opt1_O3;0.227732
opt1_O3;0.231358
opt1_O3;0.249524
opt1_O3;0.227277
opt2_O3;0.126383
opt2_O3;0.136934
opt2_O3;0.129576
opt2_O3;0.127642
opt2_O3;0.127468
opt2_O3;0.129007
opt2_O3;0.133899
opt2_O3;0.128315
opt2_O3;0.130528
opt2_O3;0.130448
opt2_O3;0.126563
opt2_O3;0.128397
opt2_O3;0.130437
opt2_O3;0.127964
opt2_O3;0.145706
opt2_O3;0.127399
opt2_O3;0.131008
opt2_O3;0.127329
opt2_O3;0.128114
opt2_O3;0.128116
opt2_O3;0.130741
opt2_O3;0.127581
opt2_O3;0.138286
opt2_O3;0.137383
opt2_O3;0.128857
opt2_O3;0.129037
opt2_O3;0.143902
opt2_O3;0.131573
opt2_O3;0.130079
opt2_O3;0.128246
opt2_O3;0.127459
opt2_O3;0.12863
opt2_O3;0.131439
opt2_O3;0.126819
opt2_O3;0.127768
opt2_O3;0.131666
opt2_O3;0.129002
opt2_O3;0.126255
opt2_O3;0.127921
opt2_O3;0.12872
opt2_O3;0.128138
opt2_O3;0.127815
opt2_O3;0.134397
opt2_O3;0.129059
opt2_O3;0.128952
opt2_O3;0.142215
opt2_O3;0.131224
opt2_O3;0.128694
opt2_O3;0.128222
opt2_O3;0.128594
opt2_O3;0.128416
opt2_O3;0.130285
opt2_O3;0.130164
opt2_O3;0.127821
opt2_O3;0.127655
opt2_O3;0.130954
opt2_O3;0.128581
opt2_O3;0.127344
opt2_O3;0.128528
opt2_O3;0.129156
opt2_O3;0.127712
opt2_O3;0.148621
opt2_O3;0.127993
opt2_O3;0.129072
opt2_O3;0.134057
opt2_O3;0.128554
opt2_O3;0.127396
opt2_O3;0.129338
opt2_O3;0.129673
opt2_O3;0.125802
opt2_O3;0.128124
opt2_O3;0.129169
opt2_O3;0.127743
opt2_O3;0.128422
opt2_O3;0.128558
opt2_O3;0.1311
opt2_O3;0.139474
opt2_O3;0.13356
opt2_O3;0.129026
opt2_O3;0.131642
opt2_O3;0.12742
opt2_O3;0.129867
opt2_O3;0.130464
opt2_O3;0.127681
opt2_O3;0.127328
opt2_O3;0.137411
opt2_O3;0.129289
opt2_O3;0.127816
opt2_O3;0.130386
opt2_O3;0.12885
opt2_O3;0.12814
opt2_O3;0.129658
opt2_O3;0.135871
opt2_O3;0.12899
opt2_O3;0.12755
opt2_O3;0.130818
opt2_O3;0.128222
opt2_O3;0.129156
opt2_O3;0.128145
opt2_O3;0.129804
opt2_O3;0.127055
opt2_O3;0.127494
opt2_O3;0.131179
opt2_O3;0.130088
opt2_O3;0.137861
opt2_O3;0.129164
opt2_O3;0.130917
opt2_O3;0.127392
opt2_O3;0.129495
opt2_O3;0.133047
opt2_O3;0.129337
opt2_O3;0.126512
opt2_O3;0.129897
opt2_O3;0.129622
opt2_O3;0.131172
opt2_O3;0.135174
opt2_O3;0.13103
opt2_O3;0.133131
opt2_O3;0.128337
opt2_O3;0.127459
opt2_O3;0.130554
opt2_O3;0.1305
opt2_O3;0.127449
opt2_O3;0.135459
opt2_O3;0.129554
opt2_O3;0.128461
opt2_O3;0.130437
opt2_O3;0.133493
opt2_O3;0.131779
opt2_O3;0.126938
opt2_O3;0.127053
opt2_O3;0.129189
opt2_O3;0.132777
opt2_O3;0.127877
opt2_O3;0.13353
opt2_O3;0.13018
opt2_O3;0.129512
opt2_O3;0.126117
opt2_O3;0.129688
opt2_O3;0.128491
opt2_O3;0.132185
opt2_O3;0.127821
opt2_O3;0.128195
opt2_O3;0.12864
opt2_O3;0.133198
opt2_O3;0.127313
opt2_O3;0.129223
opt2_O3;0.137427
opt2_O3;0.130145
opt2_O3;0.126353
opt2_O3;0.127932
opt2_O3;0.127671
opt2_O3;0.136684
opt2_O3;0.129051
opt2_O3;0.130323
opt2_O3;0.127653
opt2_O3;0.126679
opt2_O3;0.127738
opt2_O3;0.129401
opt2_O3;0.129685
opt2_O3;0.129042
opt2_O3;0.128675
opt2_O3;0.128273
opt2_O3;0.126942
opt2_O3;0.131547
opt2_O3;0.130699
opt2_O3;0.127891
opt2_O3;0.130882
opt2_O3;0.129198
opt2_O3;0.129425
opt2_O3;0.128126
opt2_O3;0.130345
opt2_O3;0.128183
opt2_O3;0.127256
opt2_O3;0.129104
opt2_O3;0.130886
opt2_O3;0.129193
opt2_O3;0.127236
opt2_O3;0.131899
opt2_O3;0.129235
opt2_O3;0.130415
opt2_O3;0.138361
opt2_O3;0.131047
opt2_O3;0.126971
opt2_O3;0.132777
opt2_O3;0.132627
opt2_O3;0.133125
opt2_O3;0.126892
opt2_O3;0.130632
opt2_O3;0.128941
opt2_O3;0.129242
opt2_O3;0.126778
opt2_O3;0.128852
opt2_O3;0.129189
opt2_O3;0.129955
opt2_O3;0.132604
opt2_O3;0.127862
opt2_O3;0.128156
opt2_O3;0.128174
opt2_O3;0.128254
opt2_O3;0.128611
opt2_O3;0.128996
opt2_O3;0.129387
opt2_O3;0.132364
opt2_O3;0.128292
opt2_O3;0.137853
opt2_O3;0.127866
opt2_O3;0.129341
opt2_O3;0.126725
opt2_O3;0.141514
opt2_O3;0.138052
opt2_O3;0.129241
opt2_O3;0.13025
opt2_O3;0.128838
opt2_O3;0.128619
opt2_O3;0.127895
opt2_O3;0.126202
opt2_O3;0.129449
opt2_O3;0.129874
opt2_O3;0.129782
opt2_O3;0.127946
opt2_O3;0.129105
opt2_O3;0.12869
opt2_O3;0.128762
opt2_O3;0.131379
opt2_O3;0.128719
opt2_O3;0.13112
opt2_O3;0.126756
opt2_O3;0.14097
opt2_O3;0.130365
opt2_O3;0.128916
opt2_O3;0.12821
opt2_O3;0.128496
opt2_O3;0.127561
opt2_O3;0.129869
opt2_O3;0.131549
opt2_O3;0.127551
opt2_O3;0.127775
opt2_O3;0.129296
opt2_O3;0.142558
opt2_O3;0.134317
opt2_O3;0.136434
opt2_O3;0.131767
opt2_O3;0.127863
opt2_O3;0.130971
opt2_O3;0.127956
opt2_O3;0.130406
opt2_O3;0.128141
opt2_O3;0.128196
opt2_O3;0.130122
opt2_O3;0.129892
opt2_O3;0.129321
opt2_O3;0.130715
opt2_O3;0.133724
opt2_O3;0.128804
opt2_O3;0.130811
opt2_O3;0.130323
opt2_O3;0.128308
opt2_O3;0.129638
opt2_O3;0.131216
opt2_O3;0.129778
opt2_O3;0.133051
opt2_O3;0.131037
opt2_O3;0.130389
opt2_O3;0.127405
opt2_O3;0.132199
opt2_O3;0.131047
opt2_O3;0.127493
opt2_O3;0.138889
opt2_O3;0.131734
opt2_O3;0.139226
opt2_O3;0.128984
opt2_O3;0.131236
opt2_O3;0.127573
opt2_O3;0.128674
opt2_O3;0.132623
opt2_O3;0.131465
opt2_O3;0.126227
opt2_O3;0.131737
opt2_O3;0.129271
opt2_O3;0.131009
opt2_O3;0.128988
opt2_O3;0.131574
opt2_O3;0.129228
opt2_O3;0.127635
opt2_O3;0.133499
opt2_O3;0.131081
opt2_O3;0.127925
opt2_O3;0.12852
opt2_O3;0.129515
opt2_O3;0.134458
opt2_O3;0.12928
opt2_O3;0.130201
opt2_O3;0.130534
opt2_O3;0.128733
opt2_O3;0.131066
opt2_O3;0.135953
opt2_O3;0.128041
opt2_O3;0.135288
opt2_O3;0.12935
opt2_O3;0.136154
opt2_O3;0.131978
opt2_O3;0.130687
opt2_O3;0.129468
opt2_O3;0.128437
opt2_O3;0.130937
opt2_O3;0.13481
opt2_O3;0.13037
opt2_O3;0.127251
opt2_O3;0.128862
opt2_O3;0.13666
opt2_O3;0.129504
opt2_O3;0.12725
opt2_O3;0.130042
opt2_O3;0.130014
opt2_O3;0.127448
opt2_O3;0.130182
opt2_O3;0.130622
opt2_O3;0.129715
opt2_O3;0.127628
opt2_O3;0.128607
opt2_O3;0.129758
opt2_O3;0.128672
opt2_O3;0.13129
opt2_O3;0.129527
opt2_O3;0.127665
opt2_O3;0.131843
opt2_O3;0.132987
opt2_O3;0.129378
opt2_O3;0.129927
opt2_O3;0.130446
opt2_O3;0.137797
opt2_O3;0.130838
opt2_O3;0.128995
opt2_O3;0.12868
opt2_O3;0.128447
opt2_O3;0.128542
opt2_O3;0.127528
opt2_O3;0.129012
opt2_O3;0.127545
opt2_O3;0.12723
opt2_O3;0.131934
opt2_O3;0.132933
opt2_O3;0.128783
opt2_O3;0.131885
opt2_O3;0.13204
opt2_O3;0.130391
opt2_O3;0.127306
opt2_O3;0.130008
opt2_O3;0.133732
opt2_O3;0.135182
opt2_O3;0.128141
opt2_O3;0.130491
opt2_O3;0.131107
opt2_O3;0.12911
opt2_O3;0.130504
opt2_O3;0.131115
opt2_O3;0.131991
opt2_O3;0.132763
opt2_O3;0.129491
opt2_O3;0.128839
opt2_O3;0.144629
opt2_O3;0.129704
opt2_O3;0.129798
opt2_O3;0.126484
opt2_O3;0.12698
opt2_O3;0.137319
opt2_O3;0.131167
opt2_O3;0.136487
opt2_O3;0.127229
opt2_O3;0.131773
opt2_O3;0.131257
opt2_O3;0.128902
opt2_O3;0.128696
opt2_O3;0.128856
opt2_O3;0.131415
opt2_O3;0.12682
opt2_O3;0.128394
opt2_O3;0.13202
opt2_O3;0.127326
opt2_O3;0.130978
opt2_O3;0.130096
opt2_O3;0.129766
opt2_O3;0.128757
opt2_O3;0.13034
opt2_O3;0.129643
opt2_O3;0.129309
opt2_O3;0.12993
opt2_O3;0.128733
opt2_O3;0.129669
opt2_O3;0.127851
opt2_O3;0.128802
opt2_O3;0.13086
opt2_O3;0.129311
opt2_O3;0.126137
opt2_O3;0.133534
opt2_O3;0.130649
opt2_O3;0.127676
opt2_O3;0.12617
opt2_O3;0.129972
opt2_O3;0.128727
opt2_O3;0.127237
opt2_O3;0.129179
opt2_O3;0.129236
opt2_O3;0.129739
opt2_O3;0.127409
opt2_O3;0.132322
opt2_O3;0.129415
opt2_O3;0.137706
opt2_O3;0.127315
opt2_O3;0.133645
opt2_O3;0.133463
opt2_O3;0.128278
opt2_O3;0.129048
opt2_O3;0.135427
opt2_O3;0.132723
opt2_O3;0.126792
opt2_O3;0.130261
opt2_O3;0.128934
opt2_O3;0.135507
opt2_O3;0.134332
opt2_O3;0.130037
opt2_O3;0.127658
opt2_O3;0.130572
opt2_O3;0.128027
opt2_O3;0.129668
opt2_O3;0.136412
opt2_O3;0.131689
opt2_O3;0.130057
opt2_O3;0.129479
opt2_O3;0.126949
opt2_O3;0.127132
opt2_O3;0.129849
opt2_O3;0.129481
opt2_O3;0.134665
opt2_O3;0.126821
opt2_O3;0.130927
opt2_O3;0.129674
opt2_O3;0.127991
opt2_O3;0.127699
opt2_O3;0.127784
opt2_O3;0.136606
opt2_O3;0.127917
opt2_O3;0.132004
opt2_O3;0.131836
opt2_O3;0.12634
opt2_O3;0.133129
opt2_O3;0.132201
opt2_O3;0.13455
opt2_O3;0.127552
opt2_O3;0.128059
opt2_O3;0.12792
opt2_O3;0.127831
opt2_O3;0.129281
opt2_O3;0.1369
opt2_O3;0.13158
opt2_O3;0.128035
opt2_O3;0.127575
opt2_O3;0.138476
opt2_O3;0.131485
opt2_O3;0.138254
opt2_O3;0.127162
opt2_O3;0.129399
opt2_O3;0.131037
opt2_O3;0.133631
opt2_O3;0.128734
opt2_O3;0.129867
opt2_O3;0.133008
opt2_O3;0.128076
opt2_O3;0.129448
opt2_O3;0.129285
opt2_O3;0.131666
opt2_O3;0.130464
opt2_O3;0.127159
opt2_O3;0.128867
opt2_O3;0.12705
opt2_O3;0.142369
opt2_O3;0.127659
opt2_O3;0.129486
opt2_O3;0.132301
opt2_O3;0.125601
opt2_O3;0.129248
opt2_O3;0.131186
opt2_O3;0.137937
opt2_O3;0.126661
opt2_O3;0.12951
opt2_O3;0.131053
opt2_O3;0.132319
opt2_O3;0.126972
opt2_O3;0.128307
opt2_O3;0.129223
opt2_O3;0.140554
opt2_O3;0.128245
opt2_O3;0.131044
opt2_O3;0.127897
opt2_O3;0.139577
opt2_O3;0.127934
opt2_O3;0.128176
opt2_O3;0.127828
opt2_O3;0.126457
opt2_O3;0.128735
opt2_O3;0.130392
opt2_O3;0.128824
opt2_O3;0.135602
opt2_O3;0.138693
opt2_O3;0.129101
opt2_O3;0.129619
opt2_O3;0.126035
opt2_O3;0.128475
opt2_O3;0.13078
opt2_O3;0.138392
opt2_O3;0.128944
opt2_O3;0.130898
opt2_O3;0.133811
opt2_O3;0.125902
opt2_O3;0.130044
opt2_O3;0.130275
opt2_O3;0.130986
opt2_O3;0.130248
opt2_O3;0.128531
opt2_O3;0.129894
opt2_O3;0.130722
opt2_O3;0.127412
opt2_O3;0.129765
opt2_O3;0.13352
opt2_O3;0.13335
opt2_O3;0.137529
opt2_O3;0.138858
opt2_O3;0.131076
opt2_O3;0.131876
opt2_O3;0.126835
opt2_O3;0.128492
opt2_O3;0.13208
opt2_O3;0.129355
opt2_O3;0.130183
opt2_O3;0.128706
opt2_O3;0.132039
opt2_O3;0.130635
opt2_O3;0.133882
opt2_O3;0.130945
opt2_O3;0.129631
opt2_O3;0.126667
opt2_O3;0.146259
opt2_O3;0.130077
opt2_O3;0.128617
opt2_O3;0.135444
opt2_O3;0.131438
opt2_O3;0.127465
opt2_O3;0.129042
opt2_O3;0.129682
opt2_O3;0.127439
opt2_O3;0.130597
opt2_O3;0.129046
opt2_O3;0.12852
opt2_O3;0.126444
opt2_O3;0.13016
opt2_O3;0.136057
opt2_O3;0.141243
opt2_O3;0.128425
opt2_O3;0.131809
opt2_O3;0.128442
opt2_O3;0.128175
opt2_O3;0.126632
opt2_O3;0.136643
opt2_O3;0.129169
opt2_O3;0.129683
opt2_O3;0.127259
opt2_O3;0.130155
opt2_O3;0.132877
opt2_O3;0.137944
opt2_O3;0.127828
opt2_O3;0.127978
opt2_O3;0.129244
opt2_O3;0.129324
opt2_O3;0.130291
opt2_O3;0.131875
opt2_O3;0.12887
opt2_O3;0.12829
opt2_O3;0.127638
opt2_O3;0.127498
opt2_O3;0.131171
opt2_O3;0.12744
opt2_O3;0.138221
opt2_O3;0.126448
opt2_O3;0.130243
opt2_O3;0.127769
opt2_O3;0.127584
opt2_O3;0.129546
opt2_O3;0.127711
opt2_O3;0.127985
opt2_O3;0.129334
opt2_O3;0.129363
opt2_O3;0.12968
opt2_O3;0.129333
opt2_O3;0.127507
opt2_O3;0.1345
opt2_O3;0.126245
opt2_O3;0.130781
opt2_O3;0.131693
opt2_O3;0.142692
opt2_O3;0.12598
opt2_O3;0.128393
opt2_O3;0.13035
opt2_O3;0.128555
opt2_O3;0.128418
opt2_O3;0.129186
opt2_O3;0.13637
opt2_O3;0.127598
opt2_O3;0.131908
opt2_O3;0.130819
opt2_O3;0.128076
opt2_O3;0.133925
opt2_O3;0.131152
opt2_O3;0.131949
opt2_O3;0.131411
opt2_O3;0.128092
opt2_O3;0.129157
opt2_O3;0.128426
opt2_O3;0.127119
opt2_O3;0.126173
opt2_O3;0.130454
opt2_O3;0.140445
opt2_O3;0.127975
opt2_O3;0.126651
opt2_O3;0.128609
opt2_O3;0.129076
opt2_O3;0.127275
opt2_O3;0.135269
opt2_O3;0.132461
opt2_O3;0.133079
opt2_O3;0.129063
opt2_O3;0.13062
opt2_O3;0.13276
opt2_O3;0.129717
opt2_O3;0.132393
opt2_O3;0.12832
opt2_O3;0.128925
opt2_O3;0.140652
opt2_O3;0.133098
opt2_O3;0.127255
opt2_O3;0.132475
opt2_O3;0.125886
opt2_O3;0.127672
opt2_O3;0.137212
opt2_O3;0.136442
opt2_O3;0.127743
opt2_O3;0.128313
opt2_O3;0.128996
opt2_O3;0.12937
opt2_O3;0.126978
opt2_O3;0.126966
opt2_O3;0.130521
opt2_O3;0.12698
opt2_O3;0.12767
opt2_O3;0.128664
opt2_O3;0.128394
opt2_O3;0.126866
opt2_O3;0.127726
opt2_O3;0.132579
opt2_O3;0.130468
opt2_O3;0.129735
opt2_O3;0.128218
opt2_O3;0.138279
opt2_O3;0.129283
opt2_O3;0.126664
opt2_O3;0.128683
opt2_O3;0.128656
opt2_O3;0.127995
opt2_O3;0.12579
opt2_O3;0.129986
opt2_O3;0.127417
opt2_O3;0.128128
opt2_O3;0.140132
opt2_O3;0.128345
opt2_O3;0.12925
opt2_O3;0.128592
opt2_O3;0.127152
opt2_O3;0.133181
opt2_O3;0.132621
opt2_O3;0.130381
opt2_O3;0.131667
opt2_O3;0.128554
opt2_O3;0.129576
opt2_O3;0.126447
opt2_O3;0.140573
opt2_O3;0.129532
opt2_O3;0.128372
opt2_O3;0.133952
opt2_O3;0.128081
opt2_O3;0.130572
opt2_O3;0.131816
opt2_O3;0.134494
opt2_O3;0.131968
opt2_O3;0.131218
opt2_O3;0.129213
opt2_O3;0.128411
opt2_O3;0.13006
opt2_O3;0.130837
opt2_O3;0.127196
opt2_O3;0.133099
opt2_O3;0.13098
opt2_O3;0.130957
opt2_O3;0.127489
opt2_O3;0.12828
opt2_O3;0.129691
opt2_O3;0.128626
opt2_O3;0.132092
opt2_O3;0.139363
opt2_O3;0.130525
opt2_O3;0.126516
opt2_O3;0.127365
opt2_O3;0.131002
opt2_O3;0.131382
opt2_O3;0.131222
opt2_O3;0.128881
opt2_O3;0.130685
opt2_O3;0.128407
opt2_O3;0.128896
opt2_O3;0.12988
opt2_O3;0.12803
opt2_O3;0.135933
opt2_O3;0.12962
opt2_O3;0.133876
opt2_O3;0.128379
opt2_O3;0.127778
opt2_O3;0.129436
opt2_O3;0.127662
opt2_O3;0.130082
opt2_O3;0.129281
opt2_O3;0.137356
opt2_O3;0.129974
opt2_O3;0.128597
opt2_O3;0.128179
opt2_O3;0.130511
opt2_O3;0.129712
opt2_O3;0.128938
opt2_O3;0.130382
opt2_O3;0.135037
opt2_O3;0.127382
opt2_O3;0.127136
opt2_O3;0.128615
opt2_O3;0.130024
opt2_O3;0.130354
opt2_O3;0.13028
opt2_O3;0.127984
opt2_O3;0.129592
opt2_O3;0.13006
opt2_O3;0.130122
opt2_O3;0.127762
opt2_O3;0.130113
opt2_O3;0.12866
opt2_O3;0.137377
opt2_O3;0.129516
opt2_O3;0.128483
opt2_O3;0.125949
opt2_O3;0.128225
opt2_O3;0.127306
opt2_O3;0.129234
opt2_O3;0.127718
opt2_O3;0.133116
opt2_O3;0.12798
opt2_O3;0.127716
opt2_O3;0.125165
opt2_O3;0.131433
opt2_O3;0.129977
opt2_O3;0.130581
opt2_O3;0.127598
opt2_O3;0.13164
opt2_O3;0.129175
opt2_O3;0.131412
opt2_O3;0.134163
opt2_O3;0.135779
opt2_O3;0.12972
opt2_O3;0.138052
opt2_O3;0.131603
opt2_O3;0.129389
opt2_O3;0.130767
opt2_O3;0.126986
opt2_O3;0.128167
opt2_O3;0.128515
opt2_O3;0.127057
opt2_O3;0.127925
opt2_O3;0.129279
opt2_O3;0.127895
opt2_O3;0.129502
opt2_O3;0.127916
opt2_O3;0.130697
opt2_O3;0.131992
opt2_O3;0.133498
opt2_O3;0.135131
opt2_O3;0.127575
opt2_O3;0.127889
opt2_O3;0.130225
opt2_O3;0.131257
opt2_O3;0.134866
opt2_O3;0.133394
opt2_O3;0.128636
opt2_O3;0.129033
opt2_O3;0.132569
opt2_O3;0.131933
opt2_O3;0.12929
opt2_O3;0.131144
opt2_O3;0.130747
opt2_O3;0.130605
opt2_O3;0.127987
opt2_O3;0.136134
opt2_O3;0.128965
opt2_O3;0.128388
opt2_O3;0.127886
opt2_O3;0.131612
opt2_O3;0.135509
opt2_O3;0.126584
opt2_O3;0.128668
opt2_O3;0.136428
opt2_O3;0.128512
opt2_O3;0.125774
opt2_O3;0.130239
opt2_O3;0.128571
opt2_O3;0.125689
opt2_O3;0.128464
opt2_O3;0.129112
opt2_O3;0.130331
opt2_O3;0.128559
opt2_O3;0.137596
opt2_O3;0.131551
opt2_O3;0.129433
opt2_O3;0.127399
opt2_O3;0.132245
opt2_O3;0.131193
opt2_O3;0.130041
opt2_O3;0.127507
opt2_O3;0.12995
opt2_O3;0.135114
opt2_O3;0.129202
opt2_O3;0.128111
opt2_O3;0.130303
opt2_O3;0.13077
opt2_O3;0.143616
opt2_O3;0.13299
opt2_O3;0.129389
opt2_O3;0.129604
opt2_O3;0.127398
opt2_O3;0.135728
opt2_O3;0.127515
opt2_O3;0.126723
opt2_O3;0.135545
opt2_O3;0.136167
opt2_O3;0.128926
opt2_O3;0.129304
opt2_O3;0.127367
opt2_O3;0.12666
opt2_O3;0.129409
opt2_O3;0.127868
opt2_O3;0.12737
opt2_O3;0.14214
opt2_O3;0.128123
opt2_O3;0.140127
opt2_O3;0.129327
opt2_O3;0.128288
opt2_O3;0.130304
opt2_O3;0.134889
opt2_O3;0.128191
opt2_O3;0.129056
opt2_O3;0.12996
opt2_O3;0.130199
opt2_O3;0.127282
opt2_O3;0.140473
opt2_O3;0.137222
opt2_O3;0.129036
opt2_O3;0.126443
opt2_O3;0.130372
opt2_O3;0.130075
opt2_O3;0.128349
opt2_O3;0.13711
opt2_O3;0.131221
opt2_O3;0.129591
opt2_O3;0.127948
opt2_O3;0.128188
opt2_O3;0.134554
opt2_O3;0.128299
opt2_O3;0.127908
opt2_O3;0.132028
opt2_O3;0.129375
opt2_O3;0.127393
opt2_O3;0.129213
opt2_O3;0.132362
opt2_O3;0.127957
opt2_O3;0.139097
opt2_O3;0.129757
opt2_O3;0.135578
opt2_O3;0.127767
opt2_O3;0.129816
opt2_O3;0.128808
opt2_O3;0.142003
opt2_O3;0.135922
opt2_O3;0.134716
opt2_O3;0.128112
opt2_O3;0.127809
opt2_O3;0.131525
opt2_O3;0.129999
opt2_O3;0.130242
opt2_O3;0.127298
opt2_O3;0.12977
opt2_O3;0.127571
opt2_O3;0.128588
opt2_O3;0.130493
opt2_O3;0.139223
opt2_O3;0.128944
opt2_O3;0.128701
opt2_O3;0.12766
opt2_O3;0.13237
opt2_O3;0.129415
opt2_O3;0.126733
opt2_O3;0.133083
opt2_O3;0.130867
opt2_O3;0.133432
opt2_O3;0.128113
opt2_O3;0.12969
opt2_O3;0.128584
opt2_O3;0.143478
opt2_O3;0.135928
opt2_O3;0.131009
opt2_O3;0.13554
opt2_O3;0.128417
opt2_O3;0.136947
opt2_O3;0.143032
opt2_O3;0.128602
opt2_O3;0.13106
opt2_O3;0.135871
opt2_O3;0.133381
opt2_O3;0.128746
opt2_O3;0.126804
opt2_O3;0.131096
opt2_O3;0.130835
opt2_O3;0.128471
opt2_O3;0.127656
opt2_O3;0.128261
opt2_O3;0.130517
opt2_O3;0.129265
opt2_O3;0.128654
opt2_O3;0.130171
opt2_O3;0.133324
opt2_O3;0.12952
opt2_O3;0.128831
opt2_O3;0.129475
opt2_O3;0.129324
opt2_O3;0.128388
opt2_O3;0.129446
opt2_O3;0.132451
opt2_O3;0.127748
opt2_O3;0.129068
opt2_O3;0.133166
opt2_O3;0.137341
opt2_O3;0.128449
opt2_O3;0.129755
opt2_O3;0.13018
opt2_O3;0.131906
opt2_O3;0.128786
opt2_O3;0.128068
opt2_O3;0.129668
opt2_O3;0.131708
opt2_O3;0.12773
opt2_O3;0.130578
opt2_O3;0.13107
opt2_O3;0.126881
opt2_O3;0.129721
opt2_O3;0.130294
opt2_O3;0.135494
opt2_O3;0.131672
opt2_O3;0.12807
opt2_O3;0.136791
opt2_O3;0.128091
opt2_O3;0.139131
opt2_O3;0.139187
opt2_O3;0.132589
opt2_O3;0.134124
opt2_O3;0.129083
opt2_O3;0.128988
opt2_O3;0.128442
opt2_O3;0.127007
opt2_O3;0.127587
opt2_O3;0.127914
opt2_O3;0.130114
opt2_O3;0.13203
opt2_O3;0.127328
opt2_O3;0.132134
opt2_O3;0.13751
opt2_O3;0.12875
opt2_O3;0.127991
opt2_O3;0.126384
opt2_O3;0.129165
opt2_O3;0.131638
opt2_O3;0.12806
opt2_O3;0.126291
opt2_O3;0.128887
opt2_O3;0.131072
opt2_O3;0.128791
opt2_O3;0.128057
opt2_O3;0.130123
opt2_O3;0.130941
opt3_O3;0.116472
opt3_O3;0.115949
opt3_O3;0.118403
opt3_O3;0.115268
opt3_O3;0.118049
opt3_O3;0.115887
opt3_O3;0.115326
opt3_O3;0.119008
opt3_O3;0.116845
opt3_O3;0.116959
opt3_O3;0.118263
opt3_O3;0.115464
opt3_O3;0.116819
opt3_O3;0.120654
opt3_O3;0.116824
opt3_O3;0.114637
opt3_O3;0.115803
opt3_O3;0.115341
opt3_O3;0.114386
opt3_O3;0.126594
opt3_O3;0.114152
opt3_O3;0.117533
opt3_O3;0.117092
opt3_O3;0.116071
opt3_O3;0.114652
opt3_O3;0.11768
opt3_O3;0.116006
opt3_O3;0.116583
opt3_O3;0.115167
opt3_O3;0.116727
opt3_O3;0.11781
opt3_O3;0.116815
opt3_O3;0.120013
opt3_O3;0.123671
opt3_O3;0.115954
opt3_O3;0.115389
opt3_O3;0.119002
opt3_O3;0.116439
opt3_O3;0.116178
opt3_O3;0.11706
opt3_O3;0.115039
opt3_O3;0.117793
opt3_O3;0.114041
opt3_O3;0.116287
opt3_O3;0.115467
opt3_O3;0.118166
opt3_O3;0.116875
opt3_O3;0.114774
opt3_O3;0.115736
opt3_O3;0.114735
opt3_O3;0.119131
opt3_O3;0.117036
opt3_O3;0.1166
opt3_O3;0.118949
opt3_O3;0.115315
opt3_O3;0.114959
opt3_O3;0.115283
opt3_O3;0.115359
opt3_O3;0.117225
opt3_O3;0.11502
opt3_O3;0.116982
opt3_O3;0.125539
opt3_O3;0.115581
opt3_O3;0.116256
opt3_O3;0.123487
opt3_O3;0.117833
opt3_O3;0.11708
opt3_O3;0.117348
opt3_O3;0.117817
opt3_O3;0.119683
opt3_O3;0.120292
opt3_O3;0.114732
opt3_O3;0.11377
opt3_O3;0.115454
opt3_O3;0.12098
opt3_O3;0.125677
opt3_O3;0.118061
opt3_O3;0.118057
opt3_O3;0.116922
opt3_O3;0.124848
opt3_O3;0.117815
opt3_O3;0.115813
opt3_O3;0.115055
opt3_O3;0.118285
opt3_O3;0.119607
opt3_O3;0.122965
opt3_O3;0.118292
opt3_O3;0.114227
opt3_O3;0.118779
opt3_O3;0.124127
opt3_O3;0.11496
opt3_O3;0.114843
opt3_O3;0.116697
opt3_O3;0.11676
opt3_O3;0.120363
opt3_O3;0.115566
opt3_O3;0.116411
opt3_O3;0.115484
opt3_O3;0.114515
opt3_O3;0.11498
opt3_O3;0.123107
opt3_O3;0.121521
opt3_O3;0.116921
opt3_O3;0.115124
opt3_O3;0.117197
opt3_O3;0.132848
opt3_O3;0.115642
opt3_O3;0.115149
opt3_O3;0.117141
opt3_O3;0.120675
opt3_O3;0.11501
opt3_O3;0.127021
opt3_O3;0.1193
opt3_O3;0.11444
opt3_O3;0.116974
opt3_O3;0.114406
opt3_O3;0.122068
opt3_O3;0.117845
opt3_O3;0.114537
opt3_O3;0.116913
opt3_O3;0.115417
opt3_O3;0.116945
opt3_O3;0.1154
opt3_O3;0.116643
opt3_O3;0.116308
opt3_O3;0.115059
opt3_O3;0.116169
opt3_O3;0.116438
opt3_O3;0.124762
opt3_O3;0.115512
opt3_O3;0.124054
opt3_O3;0.116285
opt3_O3;0.11499
opt3_O3;0.115065
opt3_O3;0.11855
opt3_O3;0.114931
opt3_O3;0.123503
opt3_O3;0.116996
opt3_O3;0.115011
opt3_O3;0.123053
opt3_O3;0.114887
opt3_O3;0.115405
opt3_O3;0.116086
opt3_O3;0.113919
opt3_O3;0.116619
opt3_O3;0.118202
opt3_O3;0.120719
opt3_O3;0.115204
opt3_O3;0.115992
opt3_O3;0.115864
opt3_O3;0.11372
opt3_O3;0.120921
opt3_O3;0.116125
opt3_O3;0.11694
opt3_O3;0.116916
opt3_O3;0.11421
opt3_O3;0.116303
opt3_O3;0.119406
opt3_O3;0.118781
opt3_O3;0.116768
opt3_O3;0.11579
opt3_O3;0.115796
opt3_O3;0.115722
opt3_O3;0.114678
opt3_O3;0.117232
opt3_O3;0.114334
opt3_O3;0.115744
opt3_O3;0.119458
opt3_O3;0.117918
opt3_O3;0.114324
opt3_O3;0.115151
opt3_O3;0.11779
opt3_O3;0.1174
opt3_O3;0.11772
opt3_O3;0.115579
opt3_O3;0.117919
opt3_O3;0.119367
opt3_O3;0.116355
opt3_O3;0.114627
opt3_O3;0.115456
opt3_O3;0.11688
opt3_O3;0.116347
opt3_O3;0.117391
opt3_O3;0.123598
opt3_O3;0.114766
opt3_O3;0.118888
opt3_O3;0.113618
opt3_O3;0.12516
opt3_O3;0.117994
opt3_O3;0.114112
opt3_O3;0.117882
opt3_O3;0.113571
opt3_O3;0.116541
opt3_O3;0.115254
opt3_O3;0.115958
opt3_O3;0.115287
opt3_O3;0.115605
opt3_O3;0.116503
opt3_O3;0.117229
opt3_O3;0.114708
opt3_O3;0.116199
opt3_O3;0.117687
opt3_O3;0.116288
opt3_O3;0.115621
opt3_O3;0.114364
opt3_O3;0.119843
opt3_O3;0.11907
opt3_O3;0.116149
opt3_O3;0.115196
opt3_O3;0.115417
opt3_O3;0.115353
opt3_O3;0.119291
opt3_O3;0.117999
opt3_O3;0.117849
opt3_O3;0.115021
opt3_O3;0.122235
opt3_O3;0.116493
opt3_O3;0.117718
opt3_O3;0.11599
opt3_O3;0.115095
opt3_O3;0.117101
opt3_O3;0.115186
opt3_O3;0.117988
opt3_O3;0.129092
opt3_O3;0.114745
opt3_O3;0.117852
opt3_O3;0.114872
opt3_O3;0.116117
opt3_O3;0.117433
opt3_O3;0.117045
opt3_O3;0.115834
opt3_O3;0.116033
opt3_O3;0.117238
opt3_O3;0.114526
opt3_O3;0.117264
opt3_O3;0.117656
opt3_O3;0.11967
opt3_O3;0.116529
opt3_O3;0.12309
opt3_O3;0.116923
opt3_O3;0.117942
opt3_O3;0.115032
opt3_O3;0.117458
opt3_O3;0.114919
opt3_O3;0.115354
opt3_O3;0.117679
opt3_O3;0.114674
opt3_O3;0.116342
opt3_O3;0.114606
opt3_O3;0.116907
opt3_O3;0.115517
opt3_O3;0.115057
opt3_O3;0.117236
opt3_O3;0.114617
opt3_O3;0.117326
opt3_O3;0.116301
opt3_O3;0.116629
opt3_O3;0.117014
opt3_O3;0.115517
opt3_O3;0.118081
opt3_O3;0.115679
opt3_O3;0.117199
opt3_O3;0.115928
opt3_O3;0.114241
opt3_O3;0.120592
opt3_O3;0.114849
opt3_O3;0.119772
opt3_O3;0.116652
opt3_O3;0.115215
opt3_O3;0.116453
opt3_O3;0.115156
opt3_O3;0.11736
opt3_O3;0.116012
opt3_O3;0.115451
opt3_O3;0.122968
opt3_O3;0.115273
opt3_O3;0.117282
opt3_O3;0.115193
opt3_O3;0.11472
opt3_O3;0.117484
opt3_O3;0.116873
opt3_O3;0.117027
opt3_O3;0.114801
opt3_O3;0.114824
opt3_O3;0.117865
opt3_O3;0.116395
opt3_O3;0.114757
opt3_O3;0.117112
opt3_O3;0.116866
opt3_O3;0.118569
opt3_O3;0.117792
opt3_O3;0.115707
opt3_O3;0.116527
opt3_O3;0.115044
opt3_O3;0.117616
opt3_O3;0.115764
opt3_O3;0.116548
opt3_O3;0.116313
opt3_O3;0.113959
opt3_O3;0.117081
opt3_O3;0.115106
opt3_O3;0.116228
opt3_O3;0.115139
opt3_O3;0.115068
opt3_O3;0.115863
opt3_O3;0.115103
opt3_O3;0.117761
opt3_O3;0.116228
opt3_O3;0.11875
opt3_O3;0.11841
opt3_O3;0.122686
opt3_O3;0.11703
opt3_O3;0.114994
opt3_O3;0.114232
opt3_O3;0.119655
opt3_O3;0.115254
opt3_O3;0.115934
opt3_O3;0.11808
opt3_O3;0.115503
opt3_O3;0.116464
opt3_O3;0.113381
opt3_O3;0.114213
opt3_O3;0.115301
opt3_O3;0.114235
opt3_O3;0.118947
opt3_O3;0.11317
opt3_O3;0.120228
opt3_O3;0.117553
opt3_O3;0.116344
opt3_O3;0.116877
opt3_O3;0.124807
opt3_O3;0.120136
opt3_O3;0.116109
opt3_O3;0.115359
opt3_O3;0.116159
opt3_O3;0.117544
opt3_O3;0.117037
opt3_O3;0.112958
opt3_O3;0.117324
opt3_O3;0.119652
opt3_O3;0.130982
opt3_O3;0.117408
opt3_O3;0.114057
opt3_O3;0.115334
opt3_O3;0.114778
opt3_O3;0.117017
opt3_O3;0.117859
opt3_O3;0.123347
opt3_O3;0.118994
opt3_O3;0.115236
opt3_O3;0.117228
opt3_O3;0.1209
opt3_O3;0.127368
opt3_O3;0.117293
opt3_O3;0.114483
opt3_O3;0.115961
opt3_O3;0.1164
opt3_O3;0.113748
opt3_O3;0.116747
opt3_O3;0.114572
opt3_O3;0.11474
opt3_O3;0.115766
opt3_O3;0.114153
opt3_O3;0.114813
opt3_O3;0.116806
opt3_O3;0.11507
opt3_O3;0.120861
opt3_O3;0.114283
opt3_O3;0.116664
opt3_O3;0.114966
opt3_O3;0.115955
opt3_O3;0.114456
opt3_O3;0.126848
opt3_O3;0.117525
opt3_O3;0.114212
opt3_O3;0.12214
opt3_O3;0.116065
opt3_O3;0.116402
opt3_O3;0.116742
opt3_O3;0.114651
opt3_O3;0.113456
opt3_O3;0.114776
opt3_O3;0.116169
opt3_O3;0.1191
opt3_O3;0.117773
opt3_O3;0.116702
opt3_O3;0.122606
opt3_O3;0.116861
opt3_O3;0.11509
opt3_O3;0.11591
opt3_O3;0.115879
opt3_O3;0.116312
opt3_O3;0.114534
opt3_O3;0.122198
opt3_O3;0.117687
opt3_O3;0.119446
opt3_O3;0.116949
opt3_O3;0.119611
opt3_O3;0.136407
opt3_O3;0.117889
opt3_O3;0.11802
opt3_O3;0.115931
opt3_O3;0.116695
opt3_O3;0.116413
opt3_O3;0.116174
opt3_O3;0.118111
opt3_O3;0.116613
opt3_O3;0.11774
opt3_O3;0.130755
opt3_O3;0.116518
opt3_O3;0.115733
opt3_O3;0.116201
opt3_O3;0.116712
opt3_O3;0.115026
opt3_O3;0.116331
opt3_O3;0.116154
opt3_O3;0.115864
opt3_O3;0.119934
opt3_O3;0.113957
opt3_O3;0.119544
opt3_O3;0.115042
opt3_O3;0.11739
opt3_O3;0.116596
opt3_O3;0.118131
opt3_O3;0.117008
opt3_O3;0.114908
opt3_O3;0.116107
opt3_O3;0.116149
opt3_O3;0.114686
opt3_O3;0.11713
opt3_O3;0.120124
opt3_O3;0.117092
opt3_O3;0.117638
opt3_O3;0.1153
opt3_O3;0.116921
opt3_O3;0.11579
opt3_O3;0.118001
opt3_O3;0.125688
opt3_O3;0.117085
opt3_O3;0.114354
opt3_O3;0.115211
opt3_O3;0.116041
opt3_O3;0.11655
opt3_O3;0.121928
opt3_O3;0.116549
opt3_O3;0.116265
opt3_O3;0.118903
opt3_O3;0.113895
opt3_O3;0.117058
opt3_O3;0.117339
opt3_O3;0.116294
opt3_O3;0.116828
opt3_O3;0.113979
opt3_O3;0.1167
opt3_O3;0.114478
opt3_O3;0.114408
opt3_O3;0.116343
opt3_O3;0.118121
opt3_O3;0.116679
opt3_O3;0.113774
opt3_O3;0.114538
opt3_O3;0.116286
opt3_O3;0.115983
opt3_O3;0.115978
opt3_O3;0.115831
opt3_O3;0.115904
opt3_O3;0.116146
opt3_O3;0.115944
opt3_O3;0.115966
opt3_O3;0.116026
opt3_O3;0.122704
opt3_O3;0.117075
opt3_O3;0.114562
opt3_O3;0.120043
opt3_O3;0.126454
opt3_O3;0.114324
opt3_O3;0.119357
opt3_O3;0.11461
opt3_O3;0.119665
opt3_O3;0.115987
opt3_O3;0.116198
opt3_O3;0.116475
opt3_O3;0.114847
opt3_O3;0.116921
opt3_O3;0.117101
opt3_O3;0.118042
opt3_O3;0.118028
opt3_O3;0.12015
opt3_O3;0.125441
opt3_O3;0.113888
opt3_O3;0.116468
opt3_O3;0.119705
opt3_O3;0.114632
opt3_O3;0.119117
opt3_O3;0.114907
opt3_O3;0.117753
opt3_O3;0.117042
opt3_O3;0.115663
opt3_O3;0.129245
opt3_O3;0.114673
opt3_O3;0.123089
opt3_O3;0.115878
opt3_O3;0.117839
opt3_O3;0.115588
opt3_O3;0.117727
opt3_O3;0.114671
opt3_O3;0.115493
opt3_O3;0.116112
opt3_O3;0.118187
opt3_O3;0.115286
opt3_O3;0.116674
opt3_O3;0.115452
opt3_O3;0.118715
opt3_O3;0.135088
opt3_O3;0.116156
opt3_O3;0.117936
opt3_O3;0.115293
opt3_O3;0.119334
opt3_O3;0.116712
opt3_O3;0.125127
opt3_O3;0.117312
opt3_O3;0.114505
opt3_O3;0.116322
opt3_O3;0.11471
opt3_O3;0.116613
opt3_O3;0.114565
opt3_O3;0.11533
opt3_O3;0.116097
opt3_O3;0.115389
opt3_O3;0.117582
opt3_O3;0.117666
opt3_O3;0.120226
opt3_O3;0.114813
opt3_O3;0.115404
opt3_O3;0.119107
opt3_O3;0.116749
opt3_O3;0.116518
opt3_O3;0.117062
opt3_O3;0.115762
opt3_O3;0.116913
opt3_O3;0.116077
opt3_O3;0.124879
opt3_O3;0.114214
opt3_O3;0.113635
opt3_O3;0.117954
opt3_O3;0.112969
opt3_O3;0.116747
opt3_O3;0.117915
opt3_O3;0.114253
opt3_O3;0.118227
opt3_O3;0.116075
opt3_O3;0.116777
opt3_O3;0.11436
opt3_O3;0.116281
opt3_O3;0.116911
opt3_O3;0.115235
opt3_O3;0.116726
opt3_O3;0.116022
opt3_O3;0.124066
opt3_O3;0.117227
opt3_O3;0.114089
opt3_O3;0.117395
opt3_O3;0.11592
opt3_O3;0.115718
opt3_O3;0.117664
opt3_O3;0.118962
opt3_O3;0.1194
opt3_O3;0.117849
opt3_O3;0.116562
opt3_O3;0.113431
opt3_O3;0.116457
opt3_O3;0.117684
opt3_O3;0.113845
opt3_O3;0.116946
opt3_O3;0.115324
opt3_O3;0.124773
opt3_O3;0.11733
opt3_O3;0.124195
opt3_O3;0.119086
opt3_O3;0.114934
opt3_O3;0.117288
opt3_O3;0.114049
opt3_O3;0.118632
opt3_O3;0.116284
opt3_O3;0.114917
opt3_O3;0.118128
opt3_O3;0.114914
opt3_O3;0.116204
opt3_O3;0.117441
opt3_O3;0.116547
opt3_O3;0.116208
opt3_O3;0.11426
opt3_O3;0.118904
opt3_O3;0.119122
opt3_O3;0.122909
opt3_O3;0.115553
opt3_O3;0.117195
opt3_O3;0.121884
opt3_O3;0.118042
opt3_O3;0.114012
opt3_O3;0.12193
opt3_O3;0.11806
opt3_O3;0.113712
opt3_O3;0.116252
opt3_O3;0.115361
opt3_O3;0.11729
opt3_O3;0.115466
opt3_O3;0.113735
opt3_O3;0.117173
opt3_O3;0.116465
opt3_O3;0.115239
opt3_O3;0.123935
opt3_O3;0.117753
opt3_O3;0.116896
opt3_O3;0.115317
opt3_O3;0.114361
opt3_O3;0.124482
opt3_O3;0.115323
opt3_O3;0.118225
opt3_O3;0.116434
opt3_O3;0.115305
opt3_O3;0.117094
opt3_O3;0.116513
opt3_O3;0.116977
opt3_O3;0.114679
opt3_O3;0.116131
opt3_O3;0.116574
opt3_O3;0.114977
opt3_O3;0.119387
opt3_O3;0.114496
opt3_O3;0.124617
opt3_O3;0.119817
opt3_O3;0.113323
opt3_O3;0.119543
opt3_O3;0.116805
opt3_O3;0.11697
opt3_O3;0.117178
opt3_O3;0.117254
opt3_O3;0.117644
opt3_O3;0.113714
opt3_O3;0.117157
opt3_O3;0.115786
opt3_O3;0.115691
opt3_O3;0.117382
opt3_O3;0.115219
opt3_O3;0.119575
opt3_O3;0.117504
opt3_O3;0.119202
opt3_O3;0.115924
opt3_O3;0.116267
opt3_O3;0.114941
opt3_O3;0.125828
opt3_O3;0.115785
opt3_O3;0.117366
opt3_O3;0.114064
opt3_O3;0.116599
opt3_O3;0.115677
opt3_O3;0.116824
opt3_O3;0.115811
opt3_O3;0.117998
opt3_O3;0.116861
opt3_O3;0.117252
opt3_O3;0.115335
opt3_O3;0.116683
opt3_O3;0.116579
opt3_O3;0.117936
opt3_O3;0.116031
opt3_O3;0.11622
opt3_O3;0.115795
opt3_O3;0.114893
opt3_O3;0.124371
opt3_O3;0.120656
opt3_O3;0.11676
opt3_O3;0.115711
opt3_O3;0.119062
opt3_O3;0.130148
opt3_O3;0.115269
opt3_O3;0.114747
opt3_O3;0.116753
opt3_O3;0.123084
opt3_O3;0.115728
opt3_O3;0.119085
opt3_O3;0.1161
opt3_O3;0.115215
opt3_O3;0.116821
opt3_O3;0.114088
opt3_O3;0.117371
opt3_O3;0.11636
opt3_O3;0.117026
opt3_O3;0.126676
opt3_O3;0.114196
opt3_O3;0.118301
opt3_O3;0.113024
opt3_O3;0.117392
opt3_O3;0.116052
opt3_O3;0.114883
opt3_O3;0.115769
opt3_O3;0.115713
opt3_O3;0.11712
opt3_O3;0.115296
opt3_O3;0.116043
opt3_O3;0.116094
opt3_O3;0.115759
opt3_O3;0.118201
opt3_O3;0.119349
opt3_O3;0.114978
opt3_O3;0.117609
opt3_O3;0.117463
opt3_O3;0.124704
opt3_O3;0.113775
opt3_O3;0.11597
opt3_O3;0.116228
opt3_O3;0.116049
opt3_O3;0.117497
opt3_O3;0.114441
opt3_O3;0.117846
opt3_O3;0.115863
opt3_O3;0.116051
opt3_O3;0.115188
opt3_O3;0.119837
opt3_O3;0.115918
opt3_O3;0.116422
opt3_O3;0.117227
opt3_O3;0.115526
opt3_O3;0.114645
opt3_O3;0.11766
opt3_O3;0.121732
opt3_O3;0.116512
opt3_O3;0.115076
opt3_O3;0.115288
opt3_O3;0.125476
opt3_O3;0.113698
opt3_O3;0.120918
opt3_O3;0.117213
opt3_O3;0.11554
opt3_O3;0.117115
opt3_O3;0.126856
opt3_O3;0.117676
opt3_O3;0.129718
opt3_O3;0.114125
opt3_O3;0.115907
opt3_O3;0.115038
opt3_O3;0.116861
opt3_O3;0.114872
opt3_O3;0.119615
opt3_O3;0.120182
opt3_O3;0.115309
opt3_O3;0.11971
opt3_O3;0.115707
opt3_O3;0.124588
opt3_O3;0.117585
opt3_O3;0.114426
opt3_O3;0.116148
opt3_O3;0.116251
opt3_O3;0.119655
opt3_O3;0.118407
opt3_O3;0.114897
opt3_O3;0.118786
opt3_O3;0.114747
opt3_O3;0.118077
opt3_O3;0.114998
opt3_O3;0.115704
opt3_O3;0.121427
opt3_O3;0.11631
opt3_O3;0.118286
opt3_O3;0.114645
opt3_O3;0.117755
opt3_O3;0.11689
opt3_O3;0.123319
opt3_O3;0.119414
opt3_O3;0.115714
opt3_O3;0.115511
opt3_O3;0.116201
opt3_O3;0.118795
opt3_O3;0.117919
opt3_O3;0.115424
opt3_O3;0.117594
opt3_O3;0.114594
opt3_O3;0.114247
opt3_O3;0.11665
opt3_O3;0.116236
opt3_O3;0.1153
opt3_O3;0.116285
opt3_O3;0.113653
opt3_O3;0.117206
opt3_O3;0.127711
opt3_O3;0.116335
opt3_O3;0.118781
opt3_O3;0.115543
opt3_O3;0.117308
opt3_O3;0.114801
opt3_O3;0.114864
opt3_O3;0.116221
opt3_O3;0.114969
opt3_O3;0.116885
opt3_O3;0.118806
opt3_O3;0.11705
opt3_O3;0.117074
opt3_O3;0.115075
opt3_O3;0.116956
opt3_O3;0.115761
opt3_O3;0.116938
opt3_O3;0.117514
opt3_O3;0.124436
opt3_O3;0.115289
opt3_O3;0.115043
opt3_O3;0.120409
opt3_O3;0.114201
opt3_O3;0.114402
opt3_O3;0.116571
opt3_O3;0.116159
opt3_O3;0.117423
opt3_O3;0.113912
opt3_O3;0.118692
opt3_O3;0.12037
opt3_O3;0.12723
opt3_O3;0.120851
opt3_O3;0.122461
opt3_O3;0.114957
opt3_O3;0.121489
opt3_O3;0.113953
opt3_O3;0.121621
opt3_O3;0.118451
opt3_O3;0.138357
opt3_O3;0.117704
opt3_O3;0.116007
opt3_O3;0.116623
opt3_O3;0.117975
opt3_O3;0.117022
opt3_O3;0.119333
opt3_O3;0.116019
opt3_O3;0.118636
opt3_O3;0.114299
opt3_O3;0.11501
opt3_O3;0.120221
opt3_O3;0.115045
opt3_O3;0.114655
opt3_O3;0.114844
opt3_O3;0.124215
opt3_O3;0.116091
opt3_O3;0.118052
opt3_O3;0.11474
opt3_O3;0.118941
opt3_O3;0.133119
opt3_O3;0.116172
opt3_O3;0.117698
opt3_O3;0.11532
opt3_O3;0.12028
opt3_O3;0.119769
opt3_O3;0.116081
opt3_O3;0.118493
opt3_O3;0.114507
opt3_O3;0.116433
opt3_O3;0.113463
opt3_O3;0.121333
opt3_O3;0.116233
opt3_O3;0.11516
opt3_O3;0.116171
opt3_O3;0.124034
opt3_O3;0.117829
opt3_O3;0.116802
opt3_O3;0.125859
opt3_O3;0.127885
opt3_O3;0.115231
opt3_O3;0.11605
opt3_O3;0.11815
opt3_O3;0.116839
opt3_O3;0.118946
opt3_O3;0.11661
opt3_O3;0.11757
opt3_O3;0.115829
opt3_O3;0.117406
opt3_O3;0.115883
opt3_O3;0.117569
opt3_O3;0.115384
opt3_O3;0.118197
opt3_O3;0.113415
opt3_O3;0.117939
opt3_O3;0.119145
opt3_O3;0.123347
opt3_O3;0.117731
opt3_O3;0.11535
opt3_O3;0.116566
opt3_O3;0.116268
opt3_O3;0.122307
opt3_O3;0.118266
opt3_O3;0.115826
opt3_O3;0.118223
opt3_O3;0.117624
opt3_O3;0.117071
opt3_O3;0.117845
opt3_O3;0.114847
opt3_O3;0.117648
opt3_O3;0.114767
opt3_O3;0.116331
opt3_O3;0.11873
opt3_O3;0.115686
opt3_O3;0.118166
opt3_O3;0.115299
opt3_O3;0.118911
opt3_O3;0.122468
opt3_O3;0.121612
opt3_O3;0.117368
opt3_O3;0.115675
opt3_O3;0.117747
opt3_O3;0.115073
opt3_O3;0.117347
opt3_O3;0.127548
opt3_O3;0.117543
opt3_O3;0.118049
opt3_O3;0.115103
opt3_O3;0.121188
opt3_O3;0.117215
opt3_O3;0.116241
opt3_O3;0.119123
opt3_O3;0.115129
opt3_O3;0.120622
opt3_O3;0.114641
opt3_O3;0.115061
opt3_O3;0.118332
opt3_O3;0.115214
opt3_O3;0.123182
opt3_O3;0.115536
opt3_O3;0.115824
opt3_O3;0.115112
opt3_O3;0.115119
opt3_O3;0.116674
opt3_O3;0.118235
opt3_O3;0.122795
opt3_O3;0.121002
opt3_O3;0.114491
opt3_O3;0.117457
opt3_O3;0.119122
opt3_O3;0.114866
opt3_O3;0.11617
opt3_O3;0.113763
opt3_O3;0.117253
opt3_O3;0.129251
opt3_O3;0.114335
opt3_O3;0.119465
opt3_O3;0.124197
opt3_O3;0.117378
opt3_O3;0.115876
opt3_O3;0.117586
opt3_O3;0.118934
opt3_O3;0.113921
opt3_O3;0.116122
opt3_O3;0.115613
opt3_O3;0.115391
opt3_O3;0.118468
opt3_O3;0.115732
opt3_O3;0.116538
opt3_O3;0.115911
opt3_O3;0.115239
opt3_O3;0.117168
opt3_O3;0.117989
opt3_O3;0.118476
opt3_O3;0.11587
opt3_O3;0.118019
opt3_O3;0.117302
opt3_O3;0.118631
opt3_O3;0.115347
opt3_O3;0.114694
opt3_O3;0.125244
opt3_O3;0.118596
opt3_O3;0.116667
opt3_O3;0.117585
opt3_O3;0.114882
opt3_O3;0.118501
opt3_O3;0.115792
opt3_O3;0.116242
opt3_O3;0.115823
opt3_O3;0.114378
opt3_O3;0.11754
opt3_O3;0.113566
opt3_O3;0.118044
opt3_O3;0.115677
opt3_O3;0.116532
opt3_O3;0.116475
opt3_O3;0.134629
opt3_O3;0.118818
opt3_O3;0.116132
opt3_O3;0.114986
opt3_O3;0.117643
opt3_O3;0.127621
opt3_O3;0.114654
opt3_O3;0.121469
opt3_O3;0.118894
opt3_O3;0.117702
opt3_O3;0.116163
opt3_O3;0.117212
opt3_O3;0.115771
opt3_O3;0.117191
opt3_O3;0.117199
opt3_O3;0.115974
opt3_O3;0.116915
opt3_O3;0.114946
opt3_O3;0.115751
opt3_O3;0.116422
opt3_O3;0.121402
opt0_O0;0.779808
opt0_O0;0.763872
opt0_O0;0.7774
opt0_O0;0.786448
opt0_O0;0.769555
opt0_O0;0.780818
opt0_O0;0.782503
opt0_O0;0.786501
opt0_O0;0.771942
opt0_O0;0.762519
opt0_O0;0.797322
opt0_O0;0.770934
opt0_O0;0.802374
opt0_O0;0.765157
opt0_O0;0.78551
opt0_O0;0.78765
opt0_O0;0.765082
opt0_O0;0.783522
opt0_O0;0.760353
opt0_O0;0.768662
opt0_O0;0.771099
opt0_O0;0.761333
opt0_O0;0.769306
opt0_O0;0.766714
opt0_O0;0.766264
opt0_O0;0.766423
opt0_O0;0.778105
opt0_O0;0.782525
opt0_O0;0.785535
opt0_O0;0.794275
opt0_O0;0.820949
opt0_O0;0.769295
opt0_O0;0.761939
opt0_O0;0.781134
opt0_O0;0.772957
opt0_O0;0.811717
opt0_O0;0.769634
opt0_O0;0.773149
opt0_O0;0.779603
opt0_O0;0.769799
opt0_O0;0.758214
opt0_O0;0.769355
opt0_O0;0.803204
opt0_O0;0.781549
opt0_O0;0.782544
opt0_O0;0.790379
opt0_O0;0.761894
opt0_O0;0.780838
opt0_O0;0.777213
opt0_O0;0.7818
opt0_O0;0.767374
opt0_O0;0.76703
opt0_O0;0.79716
opt0_O0;0.812364
opt0_O0;0.779017
opt0_O0;0.786513
opt0_O0;0.769943
opt0_O0;0.790497
opt0_O0;0.761273
opt0_O0;0.764907
opt0_O0;0.784795
opt0_O0;0.771945
opt0_O0;0.758259
opt0_O0;0.77964
opt0_O0;0.77826
opt0_O0;0.767607
opt0_O0;0.772005
opt0_O0;0.785184
opt0_O0;0.802944
opt0_O0;0.763278
opt0_O0;0.773657
opt0_O0;0.769915
opt0_O0;0.79188
opt0_O0;0.795333
opt0_O0;0.778377
opt0_O0;0.775461
opt0_O0;0.770069
opt0_O0;0.780806
opt0_O0;0.761983
opt0_O0;0.778409
opt0_O0;0.774167
opt0_O0;0.768914
opt0_O0;0.779994
opt0_O0;0.784929
opt0_O0;0.778438
opt0_O0;0.767957
opt0_O0;0.793699
opt0_O0;0.770777
opt0_O0;0.773962
opt0_O0;0.76388
opt0_O0;0.782717
opt0_O0;0.783754
opt0_O0;0.767934
opt0_O0;0.781796
opt0_O0;0.762297
opt0_O0;0.773632
opt0_O0;0.773778
opt0_O0;0.759291
opt0_O0;0.792569
opt0_O0;0.771522
opt0_O0;0.755343
opt0_O0;0.774177
opt0_O0;0.77368
opt0_O0;0.767327
opt0_O0;0.787373
opt0_O0;0.794415
opt0_O0;0.767392
opt0_O0;0.772805
opt0_O0;0.771345
opt0_O0;0.772646
opt0_O0;0.799625
opt0_O0;0.777198
opt0_O0;0.760464
opt0_O0;0.755488
opt0_O0;0.778795
opt0_O0;0.781799
opt0_O0;0.780019
opt0_O0;0.781155
opt0_O0;0.779096
opt0_O0;0.780736
opt0_O0;0.773765
opt0_O0;0.788396
opt0_O0;0.776019
opt0_O0;0.768586
opt0_O0;0.77932
opt0_O0;0.769249
opt0_O0;0.814083
opt0_O0;0.771839
opt0_O0;0.78525
opt0_O0;0.786141
opt0_O0;0.767686
opt0_O0;0.791201
opt0_O0;0.797441
opt0_O0;0.772569
opt0_O0;0.79246
opt0_O0;0.770176
opt0_O0;0.809268
opt0_O0;0.764231
opt0_O0;0.780382
opt0_O0;0.782657
opt0_O0;0.776803
opt0_O0;0.802925
opt0_O0;0.765263
opt0_O0;0.779999
opt0_O0;0.810277
opt0_O0;0.757071
opt0_O0;0.774957
opt0_O0;0.776513
opt0_O0;0.810963
opt0_O0;0.782254
opt0_O0;0.792844
opt0_O0;0.794462
opt0_O0;0.820694
opt0_O0;0.765131
opt0_O0;0.792458
opt0_O0;0.777357
opt0_O0;0.772882
opt0_O0;0.776719
opt0_O0;0.768452
opt0_O0;0.767761
opt0_O0;0.762153
opt0_O0;0.773123
opt0_O0;0.773693
opt0_O0;0.770538
opt0_O0;0.765329
opt0_O0;0.785283
opt0_O0;0.779705
opt0_O0;0.775762
opt0_O0;0.7827
opt0_O0;0.760041
opt0_O0;0.770274
opt0_O0;0.788745
opt0_O0;0.767561
opt0_O0;0.760829
opt0_O0;0.758861
opt0_O0;0.776379
opt0_O0;0.755518
opt0_O0;0.772051
opt0_O0;0.765858
opt0_O0;0.783867
opt0_O0;0.793174
opt0_O0;0.814213
opt0_O0;0.778936
opt0_O0;0.798356
opt0_O0;0.773058
opt0_O0;0.792663
opt0_O0;0.785241
opt0_O0;0.777486
opt0_O0;0.776904
opt0_O0;0.789564
opt0_O0;0.778267
opt0_O0;0.780189
opt0_O0;0.768773
opt0_O0;0.787409
opt0_O0;0.760582
opt0_O0;0.769083
opt0_O0;0.801461
opt0_O0;0.773411
opt0_O0;0.771424
opt0_O0;0.791061
opt0_O0;0.766269
opt0_O0;0.783357
opt0_O0;0.793689
opt0_O0;0.783356
opt0_O0;0.7807
opt0_O0;0.786756
opt0_O0;0.764412
opt0_O0;0.761115
opt0_O0;0.801778
opt0_O0;0.767057
opt0_O0;0.781037
opt0_O0;0.771824
opt0_O0;0.764218
opt0_O0;0.764712
opt0_O0;0.790982
opt0_O0;0.780598
opt0_O0;0.796514
opt0_O0;0.775319
opt0_O0;0.771694
opt0_O0;0.799501
opt0_O0;0.762631
opt0_O0;0.772205
opt0_O0;0.764942
opt0_O0;0.774059
opt0_O0;0.771806
opt0_O0;0.773041
opt0_O0;0.770202
opt0_O0;0.796435
opt0_O0;0.782367
opt0_O0;0.763474
opt0_O0;0.796723
opt0_O0;0.777544
opt0_O0;0.784317
opt0_O0;0.775899
opt0_O0;0.773379
opt0_O0;0.779509
opt0_O0;0.77597
opt0_O0;0.78682
opt0_O0;0.76357
opt0_O0;0.783558
opt0_O0;0.78585
opt0_O0;0.773759
opt0_O0;0.78014
opt0_O0;0.777809
opt0_O0;0.774889
opt0_O0;0.766467
opt0_O0;0.798183
opt0_O0;0.774845
opt0_O0;0.776305
opt0_O0;0.790945
opt0_O0;0.746724
opt0_O0;0.774961
opt0_O0;0.767217
opt0_O0;0.768717
opt0_O0;0.788955
opt0_O0;0.76237
opt0_O0;0.792351
opt0_O0;0.760799
opt0_O0;0.770307
opt0_O0;0.782614
opt0_O0;0.781635
opt0_O0;0.781859
opt0_O0;0.794172
opt0_O0;0.764717
opt0_O0;0.756437
opt0_O0;0.798894
opt0_O0;0.781234
opt0_O0;0.778558
opt0_O0;0.772757
opt0_O0;0.783492
opt0_O0;0.763095
opt0_O0;0.782148
opt0_O0;0.784284
opt0_O0;0.767807
opt0_O0;0.788606
opt0_O0;0.764025
opt0_O0;0.764296
opt0_O0;0.769078
opt0_O0;0.783378
opt0_O0;0.766145
opt0_O0;0.798959
opt0_O0;0.774031
opt0_O0;0.77831
opt0_O0;0.799883
opt0_O0;0.759426
opt0_O0;0.762919
opt0_O0;0.785087
opt0_O0;0.76582
opt0_O0;0.774919
opt0_O0;0.781844
opt0_O0;0.785999
opt0_O0;0.759586
opt0_O0;0.786146
opt0_O0;0.761523
opt0_O0;0.812549
opt0_O0;0.763724
opt0_O0;0.787627
opt0_O0;0.764152
opt0_O0;0.787943
opt0_O0;0.780147
opt0_O0;0.781151
opt0_O0;0.792246
opt0_O0;0.766405
opt0_O0;0.762179
opt0_O0;0.765519
opt0_O0;0.776414
opt0_O0;0.776767
opt0_O0;0.763007
opt0_O0;0.78502
opt0_O0;0.774846
opt0_O0;0.784484
opt0_O0;0.776306
opt0_O0;0.758818
opt0_O0;0.798143
opt0_O0;0.766675
opt0_O0;0.790855
opt0_O0;0.770701
opt0_O0;0.798672
opt0_O0;0.763738
opt0_O0;0.775348
opt0_O0;0.77882
opt0_O0;0.77838
opt0_O0;0.767912
opt0_O0;0.77557
opt0_O0;0.7767
opt0_O0;0.767059
opt0_O0;0.778136
opt0_O0;0.767204
opt0_O0;0.774449
opt0_O0;0.782539
opt0_O0;0.775538
opt0_O0;0.783533
opt0_O0;0.764616
opt0_O0;0.799116
opt0_O0;0.786073
opt0_O0;0.769863
opt0_O0;0.776021
opt0_O0;0.768808
opt0_O0;0.78113
opt0_O0;0.783149
opt0_O0;0.770526
opt0_O0;0.794767
opt0_O0;0.773128
opt0_O0;0.77282
opt0_O0;0.779819
opt0_O0;0.768825
opt0_O0;0.805806
opt0_O0;0.77639
opt0_O0;0.775629
opt0_O0;0.781994
opt0_O0;0.771364
opt0_O0;0.785088
opt0_O0;0.761322
opt0_O0;0.75787
opt0_O0;0.779431
opt0_O0;0.758521
opt0_O0;0.764122
opt0_O0;0.791916
opt0_O0;0.775647
opt0_O0;0.783084
opt0_O0;0.786474
opt0_O0;0.764946
opt0_O0;0.785911
opt0_O0;0.76377
opt0_O0;0.805926
opt0_O0;0.801177
opt0_O0;0.779894
opt0_O0;0.794713
opt0_O0;0.770869
opt0_O0;0.787143
opt0_O0;0.770557
opt0_O0;0.788303
opt0_O0;0.774845
opt0_O0;0.791193
opt0_O0;0.783144
opt0_O0;0.762356
opt0_O0;0.778067
opt0_O0;0.79074
opt0_O0;0.760471
opt0_O0;0.758076
opt0_O0;0.790422
opt0_O0;0.778818
opt0_O0;0.773077
opt0_O0;0.783886
opt0_O0;0.767243
opt0_O0;0.795312
opt0_O0;0.789539
opt0_O0;0.780692
opt0_O0;0.774788
opt0_O0;0.792107
opt0_O0;0.807234
opt0_O0;0.75873
opt0_O0;0.77138
opt0_O0;0.783327
opt0_O0;0.770389
opt0_O0;0.781435
opt0_O0;0.779109
opt0_O0;0.763708
opt0_O0;0.774741
opt0_O0;0.783269
opt0_O0;0.795702
opt0_O0;0.775021
opt0_O0;0.759998
opt0_O0;0.802148
opt0_O0;0.763333
opt0_O0;0.785302
opt0_O0;0.780093
opt0_O0;0.790077
opt0_O0;0.797197
opt0_O0;0.772063
opt0_O0;0.813557
opt0_O0;0.762594
opt0_O0;0.782099
opt0_O0;0.762785
opt0_O0;0.767101
opt0_O0;0.762809
opt0_O0;0.78092
opt0_O0;0.80336
opt0_O0;0.767254
opt0_O0;0.760826
opt0_O0;0.787323
opt0_O0;0.778208
opt0_O0;0.783617
opt0_O0;0.78355
opt0_O0;0.766093
opt0_O0;0.80919
opt0_O0;0.766355
opt0_O0;0.776686
opt0_O0;0.776473
opt0_O0;0.775795
opt0_O0;0.775122
opt0_O0;0.772663
opt0_O0;0.770403
opt0_O0;0.795616
opt0_O0;0.773407
opt0_O0;0.796888
opt0_O0;0.768604
opt0_O0;0.783826
opt0_O0;0.765113
opt0_O0;0.786543
opt0_O0;0.785069
opt0_O0;0.787692
opt0_O0;0.79079
opt0_O0;0.768676
opt0_O0;0.771624
opt0_O0;0.780111
opt0_O0;0.778207
opt0_O0;0.766193
opt0_O0;0.802553
opt0_O0;0.775172
opt0_O0;0.769119
opt0_O0;0.789773
opt0_O0;0.765623
opt0_O0;0.789976
opt0_O0;0.762221
opt0_O0;0.762347
opt0_O0;0.799732
opt0_O0;0.758816
opt0_O0;0.780487
opt0_O0;0.759332
opt0_O0;0.804079
opt0_O0;0.771457
opt0_O0;0.795959
opt0_O0;0.800811
opt0_O0;0.770975
opt0_O0;0.785625
opt0_O0;0.759712
opt0_O0;0.782136
opt0_O0;0.777698
opt0_O0;0.78444
opt0_O0;0.810895
opt0_O0;0.773765
opt0_O0;0.777536
opt0_O0;0.768912
opt0_O0;0.773647
opt0_O0;0.777315
opt0_O0;0.802851
opt0_O0;0.790163
opt0_O0;0.73759
opt0_O0;0.767696
opt0_O0;0.793171
opt0_O0;0.792551
opt0_O0;0.779781
opt0_O0;0.779068
opt0_O0;0.767789
opt0_O0;0.790989
opt0_O0;0.771482
opt0_O0;0.798654
opt0_O0;0.773982
opt0_O0;0.799692
opt0_O0;0.773601
opt0_O0;0.767805
opt0_O0;0.792271
opt0_O0;0.775733
opt0_O0;0.766576
opt0_O0;0.828529
opt0_O0;0.766379
opt0_O0;0.770238
opt0_O0;0.768862
opt0_O0;0.810173
opt0_O0;0.771926
opt0_O0;0.765874
opt0_O0;0.798731
opt0_O0;0.771487
opt0_O0;0.784965
opt0_O0;0.767895
opt0_O0;0.786451
opt0_O0;0.768033
opt0_O0;0.782253
opt0_O0;0.774548
opt0_O0;0.797078
opt0_O0;0.793447
opt0_O0;0.765259
opt0_O0;0.797434
opt0_O0;0.769022
opt0_O0;0.758445
opt0_O0;0.777001
opt0_O0;0.772528
opt0_O0;0.79997
opt0_O0;0.775765
opt0_O0;0.797337
opt0_O0;0.78276
opt0_O0;0.772572
opt0_O0;0.77211
opt0_O0;0.780459
opt0_O0;0.786874
opt0_O0;0.770313
opt0_O0;0.791155
opt0_O0;0.769569
opt0_O0;0.786106
opt0_O0;0.780311
opt0_O0;0.801758
opt0_O0;0.797392
opt0_O0;0.770873
opt0_O0;0.76961
opt0_O0;0.777469
opt0_O0;0.770182
opt0_O0;0.777739
opt0_O0;0.805103
opt0_O0;0.782793
opt0_O0;0.774704
opt0_O0;0.767712
opt0_O0;0.787819
opt0_O0;0.783623
opt0_O0;0.790334
opt0_O0;0.775744
opt0_O0;0.780677
opt0_O0;0.799374
opt0_O0;0.783645
opt0_O0;0.772395
opt0_O0;0.773671
opt0_O0;0.760741
opt0_O0;0.784103
opt0_O0;0.780017
opt0_O0;0.786056
opt0_O0;0.815413
opt0_O0;0.772325
opt0_O0;0.795331
opt0_O0;0.770936
opt0_O0;0.781642
opt0_O0;0.775857
opt0_O0;0.766387
opt0_O0;0.779771
opt0_O0;0.760023
opt0_O0;0.764026
opt0_O0;0.799079
opt0_O0;0.784797
opt0_O0;0.771344
opt0_O0;0.816348
opt0_O0;0.771695
opt0_O0;0.800435
opt0_O0;0.793393
opt0_O0;0.781826
opt0_O0;0.774816
opt0_O0;0.784601
opt0_O0;0.775046
opt0_O0;0.802637
opt0_O0;0.76902
opt0_O0;0.787029
opt0_O0;0.773778
opt0_O0;0.76994
opt0_O0;0.772173
opt0_O0;0.793653
opt0_O0;0.773386
opt0_O0;0.787472
opt0_O0;0.783387
opt0_O0;0.773981
opt0_O0;0.786972
opt0_O0;0.790133
opt0_O0;0.770487
opt0_O0;0.786508
opt0_O0;0.776777
opt0_O0;0.766571
opt0_O0;0.774002
opt0_O0;0.78507
opt0_O0;0.770181
opt0_O0;0.784796
opt0_O0;0.795879
opt0_O0;0.769788
opt0_O0;0.779618
opt0_O0;0.769051
opt0_O0;0.792501
opt0_O0;0.766639
opt0_O0;0.763783
opt0_O0;0.795462
opt0_O0;0.765966
opt0_O0;0.763966
opt0_O0;0.772344
opt0_O0;0.782625
opt0_O0;0.78517
opt0_O0;0.776796
opt0_O0;0.774681
opt0_O0;0.785308
opt0_O0;0.784948
opt0_O0;0.766891
opt0_O0;0.755849
opt0_O0;0.761337
opt0_O0;0.787226
opt0_O0;0.764714
opt0_O0;0.803232
opt0_O0;0.781523
opt0_O0;0.791179
opt0_O0;0.797586
opt0_O0;0.782541
opt0_O0;0.773463
opt0_O0;0.784533
opt0_O0;0.803067
opt0_O0;0.789397
opt0_O0;0.781551
opt0_O0;0.789646
opt0_O0;0.778072
opt0_O0;0.793293
opt0_O0;0.769465
opt0_O0;0.783999
opt0_O0;0.791665
opt0_O0;0.773828
opt0_O0;0.789987
opt0_O0;0.77629
opt0_O0;0.781461
opt0_O0;0.780207
opt0_O0;0.768917
opt0_O0;0.788686
opt0_O0;0.801171
opt0_O0;0.787631
opt0_O0;0.76184
opt0_O0;0.764557
opt0_O0;0.772055
opt0_O0;0.798379
opt0_O0;0.798619
opt0_O0;0.812447
opt0_O0;0.789631
opt0_O0;0.808715
opt0_O0;0.778534
opt0_O0;0.781564
opt0_O0;0.774072
opt0_O0;0.787451
opt0_O0;0.774125
opt0_O0;0.814039
opt0_O0;0.765415
opt0_O0;0.774831
opt0_O0;0.765428
opt0_O0;0.793012
opt0_O0;0.767251
opt0_O0;0.780404
opt0_O0;0.782356
opt0_O0;0.786044
opt0_O0;0.767499
opt0_O0;0.771792
opt0_O0;0.777939
opt0_O0;0.768613
opt0_O0;0.768697
opt0_O0;0.791227
opt0_O0;0.779249
opt0_O0;0.806134
opt0_O0;0.778839
opt0_O0;0.778223
opt0_O0;0.778764
opt0_O0;0.800035
opt0_O0;0.789712
opt0_O0;0.809664
opt0_O0;0.782227
opt0_O0;0.787214
opt0_O0;0.76952
opt0_O0;0.772002
opt0_O0;0.791248
opt0_O0;0.781942
opt0_O0;0.7915
opt0_O0;0.788836
opt0_O0;0.777063
opt0_O0;0.789461
opt0_O0;0.777989
opt0_O0;0.784343
opt0_O0;0.784314
opt0_O0;0.788922
opt0_O0;0.793536
opt0_O0;0.800327
opt0_O0;0.780469
opt0_O0;0.781106
opt0_O0;0.790245
opt0_O0;0.798111
opt0_O0;0.77496
opt0_O0;0.807569
opt0_O0;0.783432
opt0_O0;0.777665
opt0_O0;0.776292
opt0_O0;0.789733
opt0_O0;0.77792
opt0_O0;0.77449
opt0_O0;0.776717
opt0_O0;0.778179
opt0_O0;0.775617
opt0_O0;0.781164
opt0_O0;0.7973
opt0_O0;0.796231
opt0_O0;0.773966
opt0_O0;0.771632
opt0_O0;0.785057
opt0_O0;0.793014
opt0_O0;0.794637
opt0_O0;0.764456
opt0_O0;0.772032
opt0_O0;0.787229
opt0_O0;0.786199
opt0_O0;0.788654
opt0_O0;0.802102
opt0_O0;0.79811
opt0_O0;0.804192
opt0_O0;0.792035
opt0_O0;0.810334
opt0_O0;0.801212
opt0_O0;0.808194
opt0_O0;0.783836
opt0_O0;0.778011
opt0_O0;0.774508
opt0_O0;0.791289
opt0_O0;0.769001
opt0_O0;0.796857
opt0_O0;0.811956
opt0_O0;0.776951
opt0_O0;0.815833
opt0_O0;0.776216
opt0_O0;0.791335
opt0_O0;0.767117
opt0_O0;0.767873
opt0_O0;0.775144
opt0_O0;0.77384
opt0_O0;0.796649
opt0_O0;0.769731
opt0_O0;0.793111
opt0_O0;0.778231
opt0_O0;0.784442
opt0_O0;0.769064
opt0_O0;0.781291
opt0_O0;0.800677
opt0_O0;0.773123
opt0_O0;0.766701
opt0_O0;0.815488
opt0_O0;0.782255
opt0_O0;0.785078
opt0_O0;0.765742
opt0_O0;0.803518
opt0_O0;0.763009
opt0_O0;0.786685
opt0_O0;0.770366
opt0_O0;0.780307
opt0_O0;0.781981
opt0_O0;0.75748
opt0_O0;0.791628
opt0_O0;0.766557
opt0_O0;0.78551
opt0_O0;0.788939
opt0_O0;0.7834
opt0_O0;0.780466
opt0_O0;0.778367
opt0_O0;0.784293
opt0_O0;0.791962
opt0_O0;0.769174
opt0_O0;0.783118
opt0_O0;0.776075
opt0_O0;0.813593
opt0_O0;0.817324
opt0_O0;0.79915
opt0_O0;0.772434
opt0_O0;0.778433
opt0_O0;0.767409
opt0_O0;0.775879
opt0_O0;0.788566
opt0_O0;0.777782
opt0_O0;0.779563
opt0_O0;0.785278
opt0_O0;0.794585
opt0_O0;0.781696
opt0_O0;0.811954
opt0_O0;0.778949
opt0_O0;0.779659
opt0_O0;0.779162
opt0_O0;0.786711
opt0_O0;0.788164
opt0_O0;0.779319
opt0_O0;0.781821
opt0_O0;0.794298
opt0_O0;0.819409
opt0_O0;0.791598
opt0_O0;0.791902
opt0_O0;0.799024
opt0_O0;0.781524
opt0_O0;0.782867
opt0_O0;0.775736
opt0_O0;0.773969
opt0_O0;0.780106
opt0_O0;0.790862
opt0_O0;0.77752
opt0_O0;0.772432
opt0_O0;0.763842
opt0_O0;0.774959
opt0_O0;0.765551
opt0_O0;0.779186
opt0_O0;0.786091
opt0_O0;0.769103
opt0_O0;0.784362
opt0_O0;0.771077
opt0_O0;0.779408
opt0_O0;0.771414
opt0_O0;0.784062
opt0_O0;0.792629
opt0_O0;0.776032
opt0_O0;0.787153
opt0_O0;0.774042
opt0_O0;0.778798
opt0_O0;0.766937
opt0_O0;0.793451
opt0_O0;0.807203
opt0_O0;0.770753
opt0_O0;0.756785
opt0_O0;0.678251
opt0_O0;0.738051
opt0_O0;0.735314
opt0_O0;0.78013
opt0_O0;0.796487
opt0_O0;0.771995
opt0_O0;0.79104
opt0_O0;0.777436
opt0_O0;0.78248
opt0_O0;0.771019
opt0_O0;0.779039
opt0_O0;0.772153
opt0_O0;0.788425
opt0_O0;0.784449
opt0_O0;0.788955
opt0_O0;0.766413
opt0_O0;0.777079
opt0_O0;0.794662
opt0_O0;0.769599
opt0_O0;0.792905
opt0_O0;0.79001
opt0_O0;0.798353
opt0_O0;0.760781
opt0_O0;0.775695
opt0_O0;0.783349
opt0_O0;0.805331
opt0_O0;0.76871
opt0_O0;0.80103
opt0_O0;0.769324
opt0_O0;0.768753
opt0_O0;0.793419
opt0_O0;0.764795
opt0_O0;0.783555
opt0_O0;0.772377
opt0_O0;0.785699
opt0_O0;0.776516
opt0_O0;0.779918
opt0_O0;0.771721
opt0_O0;0.790561
opt0_O0;0.791167
opt0_O0;0.7755
opt0_O0;0.77964
opt0_O0;0.772326
opt0_O0;0.800573
opt0_O0;0.781914
opt0_O0;0.761577
opt0_O0;0.773029
opt0_O0;0.76244
opt0_O0;0.773012
opt0_O0;0.800855
opt0_O0;0.768554
opt0_O0;0.791732
opt0_O0;0.774765
opt0_O0;0.786233
opt0_O0;0.769734
opt0_O0;0.779502
opt0_O0;0.808028
opt0_O0;0.776048
opt0_O0;0.796325
opt0_O0;0.775391
opt0_O0;0.816713
opt0_O0;0.797457
opt0_O0;0.765769
opt0_O0;0.784665
opt0_O0;0.790451
opt0_O0;0.775096
opt0_O0;0.77929
opt0_O0;0.766742
opt0_O0;0.763245
opt0_O0;0.788156
opt0_O0;0.764056
opt0_O0;0.805225
opt0_O0;0.787311
opt0_O0;0.766188
opt0_O0;0.765291
opt0_O0;0.784904
opt0_O0;0.771389
opt0_O0;0.796252
opt0_O0;0.801112
opt0_O0;0.774216
opt0_O0;0.766183
opt0_O0;0.762301
opt0_O0;0.785515
opt0_O0;0.79696
opt0_O0;0.77024
opt0_O0;0.802819
opt0_O0;0.784975
opt0_O0;0.778182
opt0_O0;0.766374
opt0_O0;0.785411
opt0_O0;0.760225
opt0_O0;0.770583
opt0_O0;0.775783
opt0_O0;0.763795
opt0_O0;0.767944
opt0_O0;0.791996
opt0_O0;0.792203
opt0_O0;0.780553
opt0_O0;0.772491
opt0_O0;0.775166
opt0_O0;0.782991
opt0_O0;0.770763
opt0_O0;0.772686
opt0_O0;0.798888
opt0_O0;0.768012
opt0_O0;0.772064
opt0_O0;0.768627
opt0_O0;0.790055
opt0_O0;0.765365
opt0_O0;0.774608
opt0_O0;0.758122
opt0_O0;0.780303
opt0_O0;0.799147
opt0_O0;0.77241
opt0_O0;0.804847
opt0_O0;0.776135
opt0_O0;0.776356
opt0_O0;0.76497
opt0_O0;0.783353
opt0_O0;0.774856
opt0_O0;0.775715
opt0_O0;0.765436
opt0_O0;0.798537
opt0_O0;0.764082
opt0_O0;0.788013
opt0_O0;0.771255
opt0_O0;0.784845
opt0_O0;0.776288
opt0_O0;0.782188
opt0_O0;0.768516
opt0_O0;0.790252
opt0_O0;0.76265
opt0_O0;0.780271
opt0_O0;0.778199
opt0_O0;0.776149
opt0_O0;0.782442
opt0_O0;0.79499
opt0_O0;0.762312
opt0_O0;0.798193
opt0_O0;0.769093
opt0_O0;0.791065
opt0_O0;0.776666
opt0_O0;0.767707
opt0_O0;0.786372
opt0_O0;0.762541
opt0_O0;0.799581
opt0_O0;0.767415
opt0_O0;0.764029
opt0_O0;0.770211
opt0_O0;0.784223
opt0_O0;0.779484
opt0_O0;0.783086
opt0_O0;0.77454
opt0_O0;0.771075
opt0_O0;0.790159
opt0_O0;0.779757
opt0_O0;0.769719
opt0_O0;0.790086
opt0_O0;0.765029
opt0_O0;0.772416
opt0_O0;0.789254
opt0_O0;0.774184
opt0_O0;0.767942
opt0_O0;0.801535
opt0_O0;0.785709
opt0_O0;0.77755
opt0_O2;0.474149
opt0_O2;0.489496
opt0_O2;0.499232
opt0_O2;0.477329
opt0_O2;0.521373
opt0_O2;0.463865
opt0_O2;0.507825
opt0_O2;0.467652
opt0_O2;0.508992
opt0_O2;0.475345
opt0_O2;0.507499
opt0_O2;0.492118
opt0_O2;0.467874
opt0_O2;0.4698
opt0_O2;0.481423
opt0_O2;0.471677
opt0_O2;0.466123
opt0_O2;0.499116
opt0_O2;0.472548
opt0_O2;0.466334
opt0_O2;0.473657
opt0_O2;0.467893
opt0_O2;0.466052
opt0_O2;0.501799
opt0_O2;0.480496
opt0_O2;0.473774
opt0_O2;0.467279
opt0_O2;0.48044
opt0_O2;0.475643
opt0_O2;0.470243
opt0_O2;0.500664
opt0_O2;0.472241
opt0_O2;0.478536
opt0_O2;0.466652
opt0_O2;0.469801
opt0_O2;0.464643
opt0_O2;0.488808
opt0_O2;0.477935
opt0_O2;0.472953
opt0_O2;0.49223
opt0_O2;0.473197
opt0_O2;0.468517
opt0_O2;0.4745
opt0_O2;0.471854
opt0_O2;0.474473
opt0_O2;0.517031
opt0_O2;0.470042
opt0_O2;0.503837
opt0_O2;0.474751
opt0_O2;0.469716
opt0_O2;0.470633
opt0_O2;0.463813
opt0_O2;0.481284
opt0_O2;0.470361
opt0_O2;0.469661
opt0_O2;0.480993
opt0_O2;0.469357
opt0_O2;0.481802
opt0_O2;0.488476
opt0_O2;0.475185
opt0_O2;0.486432
opt0_O2;0.468671
opt0_O2;0.468003
opt0_O2;0.470279
opt0_O2;0.473796
opt0_O2;0.472948
opt0_O2;0.517328
opt0_O2;0.496767
opt0_O2;0.474993
opt0_O2;0.497523
opt0_O2;0.493708
opt0_O2;0.465662
opt0_O2;0.480122
opt0_O2;0.474814
opt0_O2;0.478733
opt0_O2;0.472724
opt0_O2;0.489934
opt0_O2;0.471965
opt0_O2;0.487862
opt0_O2;0.485812
opt0_O2;0.475166
opt0_O2;0.471855
opt0_O2;0.50961
opt0_O2;0.472448
opt0_O2;0.467335
opt0_O2;0.488921
opt0_O2;0.484551
opt0_O2;0.470073
opt0_O2;0.502976
opt0_O2;0.484323
opt0_O2;0.46969
opt0_O2;0.466721
opt0_O2;0.466102
opt0_O2;0.497599
opt0_O2;0.486942
opt0_O2;0.478959
opt0_O2;0.481069
opt0_O2;0.47336
opt0_O2;0.471882
opt0_O2;0.478997
opt0_O2;0.467693
opt0_O2;0.476581
opt0_O2;0.507139
opt0_O2;0.488699
opt0_O2;0.473547
opt0_O2;0.469534
opt0_O2;0.485728
opt0_O2;0.468717
opt0_O2;0.471103
opt0_O2;0.468494
opt0_O2;0.471397
opt0_O2;0.472108
opt0_O2;0.46772
opt0_O2;0.499877
opt0_O2;0.480189
opt0_O2;0.480818
opt0_O2;0.487757
opt0_O2;0.491527
opt0_O2;0.477899
opt0_O2;0.467191
opt0_O2;0.470277
opt0_O2;0.480878
opt0_O2;0.476476
opt0_O2;0.474572
opt0_O2;0.518921
opt0_O2;0.473758
opt0_O2;0.495986
opt0_O2;0.492394
opt0_O2;0.501938
opt0_O2;0.475309
opt0_O2;0.474381
opt0_O2;0.473783
opt0_O2;0.493193
opt0_O2;0.469704
opt0_O2;0.475804
opt0_O2;0.470441
opt0_O2;0.482773
opt0_O2;0.476025
opt0_O2;0.467139
opt0_O2;0.482279
opt0_O2;0.495592
opt0_O2;0.474756
opt0_O2;0.494513
opt0_O2;0.465982
opt0_O2;0.467993
opt0_O2;0.475854
opt0_O2;0.497749
opt0_O2;0.471892
opt0_O2;0.469398
opt0_O2;0.470087
opt0_O2;0.498518
opt0_O2;0.483808
opt0_O2;0.469704
opt0_O2;0.485699
opt0_O2;0.484588
opt0_O2;0.483976
opt0_O2;0.46867
opt0_O2;0.480084
opt0_O2;0.476775
opt0_O2;0.478041
opt0_O2;0.517629
opt0_O2;0.481181
opt0_O2;0.480819
opt0_O2;0.472975
opt0_O2;0.467889
opt0_O2;0.473587
opt0_O2;0.470621
opt0_O2;0.501673
opt0_O2;0.469979
opt0_O2;0.495726
opt0_O2;0.482106
opt0_O2;0.467748
opt0_O2;0.469578
opt0_O2;0.467283
opt0_O2;0.469063
opt0_O2;0.484695
opt0_O2;0.470744
opt0_O2;0.488761
opt0_O2;0.484062
opt0_O2;0.469318
opt0_O2;0.470844
opt0_O2;0.470874
opt0_O2;0.47152
opt0_O2;0.481152
opt0_O2;0.468915
opt0_O2;0.491078
opt0_O2;0.506247
opt0_O2;0.475997
opt0_O2;0.484981
opt0_O2;0.473333
opt0_O2;0.482115
opt0_O2;0.466958
opt0_O2;0.472637
opt0_O2;0.47296
opt0_O2;0.472428
opt0_O2;0.469568
opt0_O2;0.468175
opt0_O2;0.46578
opt0_O2;0.489377
opt0_O2;0.467869
opt0_O2;0.473285
opt0_O2;0.47297
opt0_O2;0.491604
opt0_O2;0.477593
opt0_O2;0.478378
opt0_O2;0.472322
opt0_O2;0.472999
opt0_O2;0.48724
opt0_O2;0.48934
opt0_O2;0.471224
opt0_O2;0.494893
opt0_O2;0.482363
opt0_O2;0.471401
opt0_O2;0.468942
opt0_O2;0.470928
opt0_O2;0.48261
opt0_O2;0.482575
opt0_O2;0.475416
opt0_O2;0.496975
opt0_O2;0.473411
opt0_O2;0.501351
opt0_O2;0.490469
opt0_O2;0.471748
opt0_O2;0.467986
opt0_O2;0.477781
opt0_O2;0.480499
opt0_O2;0.47829
opt0_O2;0.473022
opt0_O2;0.482194
opt0_O2;0.49939
opt0_O2;0.500009
opt0_O2;0.472689
opt0_O2;0.466911
opt0_O2;0.473016
opt0_O2;0.468822
opt0_O2;0.472627
opt0_O2;0.494126
opt0_O2;0.51818
opt0_O2;0.482535
opt0_O2;0.473754
opt0_O2;0.498237
opt0_O2;0.467578
opt0_O2;0.47368
opt0_O2;0.471105
opt0_O2;0.467866
opt0_O2;0.468712
opt0_O2;0.511719
opt0_O2;0.509709
opt0_O2;0.49551
opt0_O2;0.473114
opt0_O2;0.468435
opt0_O2;0.486205
opt0_O2;0.479392
opt0_O2;0.464478
opt0_O2;0.468981
opt0_O2;0.506827
opt0_O2;0.48748
opt0_O2;0.473382
opt0_O2;0.485216
opt0_O2;0.46353
opt0_O2;0.489066
opt0_O2;0.471805
opt0_O2;0.470242
opt0_O2;0.476845
opt0_O2;0.504025
opt0_O2;0.475742
opt0_O2;0.47864
opt0_O2;0.477045
opt0_O2;0.470556
opt0_O2;0.485044
opt0_O2;0.472014
opt0_O2;0.472173
opt0_O2;0.473026
opt0_O2;0.484525
opt0_O2;0.482245
opt0_O2;0.477823
opt0_O2;0.471541
opt0_O2;0.469047
opt0_O2;0.479742
opt0_O2;0.482821
opt0_O2;0.489032
opt0_O2;0.472968
opt0_O2;0.499166
opt0_O2;0.496727
opt0_O2;0.486425
opt0_O2;0.47938
opt0_O2;0.470743
opt0_O2;0.482699
opt0_O2;0.5037
opt0_O2;0.477513
opt0_O2;0.470876
opt0_O2;0.473079
opt0_O2;0.474523
opt0_O2;0.496864
opt0_O2;0.474686
opt0_O2;0.529134
opt0_O2;0.519924
opt0_O2;0.482967
opt0_O2;0.483538
opt0_O2;0.494948
opt0_O2;0.502764
opt0_O2;0.516976
opt0_O2;0.504863
opt0_O2;0.488858
opt0_O2;0.501673
opt0_O2;0.494412
opt0_O2;0.511629
opt0_O2;0.499518
opt0_O2;0.501376
opt0_O2;0.494434
opt0_O2;0.489203
opt0_O2;0.484477
opt0_O2;0.501865
opt0_O2;0.461227
opt0_O2;0.51021
opt0_O2;0.485173
opt0_O2;0.459219
opt0_O2;0.474259
opt0_O2;0.482741
opt0_O2;0.471872
opt0_O2;0.481907
opt0_O2;0.499233
opt0_O2;0.493847
opt0_O2;0.467399
opt0_O2;0.483773
opt0_O2;0.475654
opt0_O2;0.486835
opt0_O2;0.483847
opt0_O2;0.471196
opt0_O2;0.482391
opt0_O2;0.492231
opt0_O2;0.469811
opt0_O2;0.481743
opt0_O2;0.47296
opt0_O2;0.478975
opt0_O2;0.473078
opt0_O2;0.48007
opt0_O2;0.490026
opt0_O2;0.476108
opt0_O2;0.532051
opt0_O2;0.467303
opt0_O2;0.479815
opt0_O2;0.473593
opt0_O2;0.475193
opt0_O2;0.479103
opt0_O2;0.471397
opt0_O2;0.506876
opt0_O2;0.473363
opt0_O2;0.489596
opt0_O2;0.474761
opt0_O2;0.476839
opt0_O2;0.484721
opt0_O2;0.481836
opt0_O2;0.485544
opt0_O2;0.481115
opt0_O2;0.46846
opt0_O2;0.466442
opt0_O2;0.468074
opt0_O2;0.485606
opt0_O2;0.470945
opt0_O2;0.471759
opt0_O2;0.482916
opt0_O2;0.473403
opt0_O2;0.472322
opt0_O2;0.495803
opt0_O2;0.476076
opt0_O2;0.467089
opt0_O2;0.471637
opt0_O2;0.49896
opt0_O2;0.498567
opt0_O2;0.482416
opt0_O2;0.474985
opt0_O2;0.470555
opt0_O2;0.472077
opt0_O2;0.483746
opt0_O2;0.485703
opt0_O2;0.46634
opt0_O2;0.472046
opt0_O2;0.492908
opt0_O2;0.481369
opt0_O2;0.473607
opt0_O2;0.472811
opt0_O2;0.474859
opt0_O2;0.469043
opt0_O2;0.51163
opt0_O2;0.477197
opt0_O2;0.488137
opt0_O2;0.50361
opt0_O2;0.481483
opt0_O2;0.467778
opt0_O2;0.497504
opt0_O2;0.480067
opt0_O2;0.470121
opt0_O2;0.46805
opt0_O2;0.468519
opt0_O2;0.475086
opt0_O2;0.485816
opt0_O2;0.483247
opt0_O2;0.473484
opt0_O2;0.464864
opt0_O2;0.468621
opt0_O2;0.482423
opt0_O2;0.472205
opt0_O2;0.467859
opt0_O2;0.469199
opt0_O2;0.483272
opt0_O2;0.467492
opt0_O2;0.491816
opt0_O2;0.468427
opt0_O2;0.464891
opt0_O2;0.469374
opt0_O2;0.472894
opt0_O2;0.463882
opt0_O2;0.472675
opt0_O2;0.486274
opt0_O2;0.477506
opt0_O2;0.468028
opt0_O2;0.470837
opt0_O2;0.479505
opt0_O2;0.47272
opt0_O2;0.467881
opt0_O2;0.466903
opt0_O2;0.469591
opt0_O2;0.481334
opt0_O2;0.466245
opt0_O2;0.494425
opt0_O2;0.502551
opt0_O2;0.484212
opt0_O2;0.46555
opt0_O2;0.471069
opt0_O2;0.504605
opt0_O2;0.481263
opt0_O2;0.494873
opt0_O2;0.482531
opt0_O2;0.498483
opt0_O2;0.518607
opt0_O2;0.471067
opt0_O2;0.467144
opt0_O2;0.470426
opt0_O2;0.470346
opt0_O2;0.467438
opt0_O2;0.485749
opt0_O2;0.479555
opt0_O2;0.474379
opt0_O2;0.466171
opt0_O2;0.494117
opt0_O2;0.480764
opt0_O2;0.467183
opt0_O2;0.463845
opt0_O2;0.53483
opt0_O2;0.482079
opt0_O2;0.485318
opt0_O2;0.474585
opt0_O2;0.511486
opt0_O2;0.495358
opt0_O2;0.516059
opt0_O2;0.468878
opt0_O2;0.481634
opt0_O2;0.477207
opt0_O2;0.467555
opt0_O2;0.486723
opt0_O2;0.496497
opt0_O2;0.504644
opt0_O2;0.468535
opt0_O2;0.471435
opt0_O2;0.474859
opt0_O2;0.46915
opt0_O2;0.480749
opt0_O2;0.467343
opt0_O2;0.494691
opt0_O2;0.472491
opt0_O2;0.498382
opt0_O2;0.4683
opt0_O2;0.472165
opt0_O2;0.496977
opt0_O2;0.474643
opt0_O2;0.480664
opt0_O2;0.476819
opt0_O2;0.487079
opt0_O2;0.480387
opt0_O2;0.479358
opt0_O2;0.475621
opt0_O2;0.492752
opt0_O2;0.481852
opt0_O2;0.466297
opt0_O2;0.521875
opt0_O2;0.464884
opt0_O2;0.474334
opt0_O2;0.484896
opt0_O2;0.487347
opt0_O2;0.481323
opt0_O2;0.470899
opt0_O2;0.466684
opt0_O2;0.466417
opt0_O2;0.493468
opt0_O2;0.498874
opt0_O2;0.475766
opt0_O2;0.484034
opt0_O2;0.474754
opt0_O2;0.470443
opt0_O2;0.469656
opt0_O2;0.473657
opt0_O2;0.473352
opt0_O2;0.482279
opt0_O2;0.467531
opt0_O2;0.491645
opt0_O2;0.503723
opt0_O2;0.491287
opt0_O2;0.506731
opt0_O2;0.471204
opt0_O2;0.519033
opt0_O2;0.469988
opt0_O2;0.471745
opt0_O2;0.470663
opt0_O2;0.509115
opt0_O2;0.472626
opt0_O2;0.471948
opt0_O2;0.497616
opt0_O2;0.511991
opt0_O2;0.475916
opt0_O2;0.523165
opt0_O2;0.493683
opt0_O2;0.47474
opt0_O2;0.50316
opt0_O2;0.51656
opt0_O2;0.499443
opt0_O2;0.509046
opt0_O2;0.476191
opt0_O2;0.479309
opt0_O2;0.469939
opt0_O2;0.47604
opt0_O2;0.506679
opt0_O2;0.475601
opt0_O2;0.472173
opt0_O2;0.477069
opt0_O2;0.474136
opt0_O2;0.470614
opt0_O2;0.501333
opt0_O2;0.482019
opt0_O2;0.508734
opt0_O2;0.468314
opt0_O2;0.497486
opt0_O2;0.51045
opt0_O2;0.467739
opt0_O2;0.471435
opt0_O2;0.474616
opt0_O2;0.480748
opt0_O2;0.474448
opt0_O2;0.509238
opt0_O2;0.482894
opt0_O2;0.464813
opt0_O2;0.476101
opt0_O2;0.489793
opt0_O2;0.469883
opt0_O2;0.474175
opt0_O2;0.483316
opt0_O2;0.485145
opt0_O2;0.479346
opt0_O2;0.515793
opt0_O2;0.472698
opt0_O2;0.481623
opt0_O2;0.477141
opt0_O2;0.480988
opt0_O2;0.47083
opt0_O2;0.467797
opt0_O2;0.474258
opt0_O2;0.470212
opt0_O2;0.473122
opt0_O2;0.470857
opt0_O2;0.477218
opt0_O2;0.464712
opt0_O2;0.488673
opt0_O2;0.491559
opt0_O2;0.477481
opt0_O2;0.471913
opt0_O2;0.46982
opt0_O2;0.482538
opt0_O2;0.487779
opt0_O2;0.510211
opt0_O2;0.500089
opt0_O2;0.468776
opt0_O2;0.472773
opt0_O2;0.458446
opt0_O2;0.4604
opt0_O2;0.476189
opt0_O2;0.495036
opt0_O2;0.46311
opt0_O2;0.477556
opt0_O2;0.471008
opt0_O2;0.475692
opt0_O2;0.471485
opt0_O2;0.49872
opt0_O2;0.47609
opt0_O2;0.468577
opt0_O2;0.48889
opt0_O2;0.50396
opt0_O2;0.487025
opt0_O2;0.46738
opt0_O2;0.484624
opt0_O2;0.493994
opt0_O2;0.48893
opt0_O2;0.495724
opt0_O2;0.481181
opt0_O2;0.474622
opt0_O2;0.492148
opt0_O2;0.529034
opt0_O2;0.509798
opt0_O2;0.498179
opt0_O2;0.495825
opt0_O2;0.473045
opt0_O2;0.472596
opt0_O2;0.504132
opt0_O2;0.469144
opt0_O2;0.486485
opt0_O2;0.48541
opt0_O2;0.48947
opt0_O2;0.47365
opt0_O2;0.49509
opt0_O2;0.466931
opt0_O2;0.487664
opt0_O2;0.473356
opt0_O2;0.466006
opt0_O2;0.473221
opt0_O2;0.5026
opt0_O2;0.478723
opt0_O2;0.482082
opt0_O2;0.468639
opt0_O2;0.47276
opt0_O2;0.484595
opt0_O2;0.47458
opt0_O2;0.491713
opt0_O2;0.47228
opt0_O2;0.47341
opt0_O2;0.471099
opt0_O2;0.472837
opt0_O2;0.4678
opt0_O2;0.486516
opt0_O2;0.469962
opt0_O2;0.475878
opt0_O2;0.503593
opt0_O2;0.486505
opt0_O2;0.483315
opt0_O2;0.470184
opt0_O2;0.474209
opt0_O2;0.504135
opt0_O2;0.480995
opt0_O2;0.486545
opt0_O2;0.489678
opt0_O2;0.503796
opt0_O2;0.474017
opt0_O2;0.472711
opt0_O2;0.468102
opt0_O2;0.504412
opt0_O2;0.48276
opt0_O2;0.517328
opt0_O2;0.485448
opt0_O2;0.466174
opt0_O2;0.477725
opt0_O2;0.484237
opt0_O2;0.472021
opt0_O2;0.476789
opt0_O2;0.513372
opt0_O2;0.497206
opt0_O2;0.474344
opt0_O2;0.473303
opt0_O2;0.484418
opt0_O2;0.50068
opt0_O2;0.472457
opt0_O2;0.482833
opt0_O2;0.512892
opt0_O2;0.472597
opt0_O2;0.492148
opt0_O2;0.495691
opt0_O2;0.480191
opt0_O2;0.472391
opt0_O2;0.481537
opt0_O2;0.485068
opt0_O2;0.495951
opt0_O2;0.476739
opt0_O2;0.485797
opt0_O2;0.485405
opt0_O2;0.506032
opt0_O2;0.50014
opt0_O2;0.492969
opt0_O2;0.472074
opt0_O2;0.469272
opt0_O2;0.487912
opt0_O2;0.482052
opt0_O2;0.473089
opt0_O2;0.496237
opt0_O2;0.470401
opt0_O2;0.494765
opt0_O2;0.470873
opt0_O2;0.471147
opt0_O2;0.46839
opt0_O2;0.472926
opt0_O2;0.472873
opt0_O2;0.483559
opt0_O2;0.473722
opt0_O2;0.475506
opt0_O2;0.472141
opt0_O2;0.471068
opt0_O2;0.4719
opt0_O2;0.472035
opt0_O2;0.531622
opt0_O2;0.471093
opt0_O2;0.488497
opt0_O2;0.479421
opt0_O2;0.498554
opt0_O2;0.502423
opt0_O2;0.479167
opt0_O2;0.467612
opt0_O2;0.483051
opt0_O2;0.469407
opt0_O2;0.510887
opt0_O2;0.488325
opt0_O2;0.472149
opt0_O2;0.468334
opt0_O2;0.513191
opt0_O2;0.481468
opt0_O2;0.475598
opt0_O2;0.468133
opt0_O2;0.471429
opt0_O2;0.469805
opt0_O2;0.511658
opt0_O2;0.474602
opt0_O2;0.479685
opt0_O2;0.481616
opt0_O2;0.47068
opt0_O2;0.474288
opt0_O2;0.471601
opt0_O2;0.486494
opt0_O2;0.473642
opt0_O2;0.471702
opt0_O2;0.467742
opt0_O2;0.483123
opt0_O2;0.474322
opt0_O2;0.504947
opt0_O2;0.4804
opt0_O2;0.467442
opt0_O2;0.499538
opt0_O2;0.473353
opt0_O2;0.475567
opt0_O2;0.502049
opt0_O2;0.471079
opt0_O2;0.471742
opt0_O2;0.490065
opt0_O2;0.484337
opt0_O2;0.49358
opt0_O2;0.4939
opt0_O2;0.488942
opt0_O2;0.480338
opt0_O2;0.47102
opt0_O2;0.487889
opt0_O2;0.492684
opt0_O2;0.486934
opt0_O2;0.504315
opt0_O2;0.482538
opt0_O2;0.503204
opt0_O2;0.472577
opt0_O2;0.470634
opt0_O2;0.497909
opt0_O2;0.477744
opt0_O2;0.482652
opt0_O2;0.477464
opt0_O2;0.494338
opt0_O2;0.505266
opt0_O2;0.520245
opt0_O2;0.467279
opt0_O2;0.481174
opt0_O2;0.476332
opt0_O2;0.484731
opt0_O2;0.47022
opt0_O2;0.5087
opt0_O2;0.485736
opt0_O2;0.470471
opt0_O2;0.474305
opt0_O2;0.473896
opt0_O2;0.469719
opt0_O2;0.469465
opt0_O2;0.477653
opt0_O2;0.473406
opt0_O2;0.48579
opt0_O2;0.49809
opt0_O2;0.475937
opt0_O2;0.467729
opt0_O2;0.481321
opt0_O2;0.48978
opt0_O2;0.480417
opt0_O2;0.495652
opt0_O2;0.469423
opt0_O2;0.479271
opt0_O2;0.491967
opt0_O2;0.467034
opt0_O2;0.475927
opt0_O2;0.477328
opt0_O2;0.475117
opt0_O2;0.488504
opt0_O2;0.472459
opt0_O2;0.477193
opt0_O2;0.468065
opt0_O2;0.485621
opt0_O2;0.48728
opt0_O2;0.471726
opt0_O2;0.483081
opt0_O2;0.470743
opt0_O2;0.46845
opt0_O2;0.472959
opt0_O2;0.466005
opt0_O2;0.484834
opt0_O2;0.482491
opt0_O2;0.471135
opt0_O2;0.481188
opt0_O2;0.479435
opt0_O2;0.480592
opt0_O2;0.49644
opt0_O2;0.480148
opt0_O2;0.500597
opt0_O2;0.482654
opt0_O2;0.486047
opt0_O2;0.493406
opt0_O2;0.480476
opt0_O2;0.474511
opt0_O2;0.470747
opt0_O2;0.470856
opt0_O2;0.466669
opt0_O2;0.466799
opt0_O2;0.47233
opt0_O2;0.475474
opt0_O2;0.484869
opt0_O2;0.483947
opt0_O2;0.476031
opt0_O2;0.503337
opt0_O2;0.466268
opt0_O2;0.488888
opt0_O2;0.47281
opt0_O2;0.486962
opt0_O2;0.539244
opt0_O2;0.474269
opt0_O2;0.46929
opt0_O2;0.487527
opt0_O2;0.498982
opt0_O2;0.506248
opt0_O2;0.48657
opt0_O2;0.503114
opt0_O2;0.477875
opt0_O2;0.475812
opt0_O2;0.46936
opt0_O2;0.507764
opt0_O2;0.482139
opt0_O2;0.491558
opt0_O2;0.472165
opt0_O2;0.471587
opt0_O2;0.498551
opt0_O2;0.468013
opt0_O2;0.472471
opt0_O2;0.492699
opt0_O2;0.469985
opt0_O2;0.474306
opt0_O2;0.497252
opt0_O2;0.471074
opt0_O2;0.495791
opt0_O2;0.468485
opt0_O2;0.483685
opt0_O2;0.475004
opt0_O2;0.472555
opt0_O2;0.469864
opt0_O2;0.470468
opt0_O2;0.470799
opt0_O2;0.473113
opt0_O2;0.481361
opt0_O2;0.467337
opt0_O2;0.488977
opt0_O2;0.496755
opt0_O2;0.493859
opt0_O2;0.4701
opt0_O2;0.492289
opt0_O2;0.505874
opt0_O2;0.472087
opt0_O2;0.4728
opt0_O2;0.468942
opt0_O2;0.486015
opt0_O2;0.466846
opt0_O2;0.472128
opt0_O2;0.503596
opt0_O2;0.475314
opt0_O2;0.470765
opt0_O2;0.468721
opt0_O2;0.469399
opt0_O2;0.492054
opt0_O2;0.478913
opt0_O2;0.469223
opt0_O2;0.474704
opt0_O2;0.472093
opt0_O2;0.495264
opt0_O2;0.484186
opt0_O2;0.481325
opt0_O2;0.494889
opt0_O2;0.46615
opt0_O2;0.479684
opt0_O2;0.46924
opt0_O2;0.476299
opt0_O2;0.480001
opt0_O2;0.469092
opt0_O2;0.478074
opt0_O2;0.4885
opt0_O2;0.475604
opt0_O2;0.476371
opt0_O2;0.515391
opt0_O2;0.48126
opt0_O2;0.490136
opt0_O2;0.512691
opt0_O2;0.477396
opt0_O2;0.465646
opt0_O2;0.469095
opt0_O2;0.476054
opt0_O2;0.48062
opt0_O2;0.470812
opt0_O2;0.474834
opt0_O2;0.493449
opt0_O2;0.46962
opt0_O2;0.523777
opt0_O2;0.486927
opt0_O2;0.485489
opt0_O2;0.466678
opt0_O2;0.499128
opt0_O2;0.475332
opt0_O2;0.477103
opt0_O2;0.483738
opt0_O2;0.478791
opt0_O2;0.467406
opt0_O2;0.494464
opt0_O2;0.467814
opt0_O2;0.477645
opt0_O2;0.472151
opt0_O2;0.473835
opt0_O2;0.472794
opt0_O2;0.471643
opt0_O2;0.494479
opt0_O2;0.476225
opt0_O2;0.47135
opt0_O2;0.467512
opt0_O2;0.469717
opt0_O2;0.527322
opt0_O2;0.477528
opt0_O2;0.462899
opt0_O2;0.487646
opt0_O2;0.469609
opt0_O2;0.471947
opt0_O2;0.508866
opt0_O2;0.501982
opt0_O2;0.46894
opt0_O2;0.519548
opt0_O2;0.481811
opt0_O2;0.477003
opt0_O2;0.489632
opt0_O2;0.522268
opt0_O2;0.490546
opt0_O2;0.472996
opt0_O2;0.485092
opt0_O2;0.471581
opt0_O2;0.469268
opt0_O2;0.485828
opt0_O2;0.480097
opt0_O2;0.525076
opt0_O2;0.472484
opt0_O2;0.493814
opt0_O2;0.474617
opt0_O2;0.482419
opt0_O2;0.48632
opt0_O2;0.490306
opt0_O2;0.484443
opt0_O2;0.483245
opt0_O2;0.473016
opt0_O2;0.490501
opt0_O2;0.486046
opt0_O2;0.507424
opt0_O2;0.468313
opt0_O2;0.490043
opt0_O2;0.466833
opt0_O2;0.493784
opt0_O2;0.516484
opt0_O2;0.486004
opt0_O2;0.47357
opt0_O2;0.480731
opt0_O2;0.482372
opt0_O2;0.486821
opt0_O2;0.480003
opt0_O2;0.482932
opt0_O2;0.465847
opt0_O2;0.480233
opt0_O2;0.478665
opt0_O2;0.493926
opt0_O2;0.514339
opt0_O2;0.482317
opt0_O2;0.504106
opt0_O2;0.469522
opt0_O2;0.492337
opt0_O2;0.498202
opt0_O2;0.47483
opt0_O3;0.470595
opt0_O3;0.472004
opt0_O3;0.470258
opt0_O3;0.476147
opt0_O3;0.472204
opt0_O3;0.469798
opt0_O3;0.467171
opt0_O3;0.475997
opt0_O3;0.463026
opt0_O3;0.464335
opt0_O3;0.495724
opt0_O3;0.476493
opt0_O3;0.473468
opt0_O3;0.499094
opt0_O3;0.484542
opt0_O3;0.48929
opt0_O3;0.479967
opt0_O3;0.465339
opt0_O3;0.482215
opt0_O3;0.497267
opt0_O3;0.500802
opt0_O3;0.498972
opt0_O3;0.504027
opt0_O3;0.461304
opt0_O3;0.474905
opt0_O3;0.466488
opt0_O3;0.479246
opt0_O3;0.468476
opt0_O3;0.472884
opt0_O3;0.487531
opt0_O3;0.462685
opt0_O3;0.494097
opt0_O3;0.470421
opt0_O3;0.466055
opt0_O3;0.464556
opt0_O3;0.478948
opt0_O3;0.480919
opt0_O3;0.469654
opt0_O3;0.468658
opt0_O3;0.496202
opt0_O3;0.483526
opt0_O3;0.497867
opt0_O3;0.487999
opt0_O3;0.485761
opt0_O3;0.464456
opt0_O3;0.469471
opt0_O3;0.477378
opt0_O3;0.46934
opt0_O3;0.471293
opt0_O3;0.484062
opt0_O3;0.482599
opt0_O3;0.469567
opt0_O3;0.483673
opt0_O3;0.472173
opt0_O3;0.502631
opt0_O3;0.472841
opt0_O3;0.475872
opt0_O3;0.470602
opt0_O3;0.46888
opt0_O3;0.481571
opt0_O3;0.474248
opt0_O3;0.466193
opt0_O3;0.46712
opt0_O3;0.506568
opt0_O3;0.464656
opt0_O3;0.470308
opt0_O3;0.470366
opt0_O3;0.498411
opt0_O3;0.465441
opt0_O3;0.469615
opt0_O3;0.468615
opt0_O3;0.465594
opt0_O3;0.462396
opt0_O3;0.47863
opt0_O3;0.47536
opt0_O3;0.48425
opt0_O3;0.464451
opt0_O3;0.500862
opt0_O3;0.472203
opt0_O3;0.487301
opt0_O3;0.468665
opt0_O3;0.461889
opt0_O3;0.471014
opt0_O3;0.527765
opt0_O3;0.5031
opt0_O3;0.465502
opt0_O3;0.48182
opt0_O3;0.466672
opt0_O3;0.473911
opt0_O3;0.479115
opt0_O3;0.477287
opt0_O3;0.499901
opt0_O3;0.473541
opt0_O3;0.465039
opt0_O3;0.492349
opt0_O3;0.480763
opt0_O3;0.465352
opt0_O3;0.47086
opt0_O3;0.496239
opt0_O3;0.493527
opt0_O3;0.49278
opt0_O3;0.467915
opt0_O3;0.469144
opt0_O3;0.470227
opt0_O3;0.486065
opt0_O3;0.463707
opt0_O3;0.483029
opt0_O3;0.481642
opt0_O3;0.469938
opt0_O3;0.469204
opt0_O3;0.467969
opt0_O3;0.462528
opt0_O3;0.463602
opt0_O3;0.506708
opt0_O3;0.468751
opt0_O3;0.498401
opt0_O3;0.493955
opt0_O3;0.469686
opt0_O3;0.494324
opt0_O3;0.474129
opt0_O3;0.468021
opt0_O3;0.467299
opt0_O3;0.468078
opt0_O3;0.47277
opt0_O3;0.472687
opt0_O3;0.467369
opt0_O3;0.473068
opt0_O3;0.464998
opt0_O3;0.467403
opt0_O3;0.502473
opt0_O3;0.513161
opt0_O3;0.470984
opt0_O3;0.471211
opt0_O3;0.468687
opt0_O3;0.468872
opt0_O3;0.475678
opt0_O3;0.465827
opt0_O3;0.492932
opt0_O3;0.478597
opt0_O3;0.485236
opt0_O3;0.466672
opt0_O3;0.477456
opt0_O3;0.473065
opt0_O3;0.465528
opt0_O3;0.465145
opt0_O3;0.469571
opt0_O3;0.479014
opt0_O3;0.473459
opt0_O3;0.490815
opt0_O3;0.461835
opt0_O3;0.491605
opt0_O3;0.476951
opt0_O3;0.487379
opt0_O3;0.478136
opt0_O3;0.486989
opt0_O3;0.490529
opt0_O3;0.508535
opt0_O3;0.473886
opt0_O3;0.473556
opt0_O3;0.473407
opt0_O3;0.471298
opt0_O3;0.475065
opt0_O3;0.488425
opt0_O3;0.473131
opt0_O3;0.497812
opt0_O3;0.48124
opt0_O3;0.468261
opt0_O3;0.472635
opt0_O3;0.469165
opt0_O3;0.479608
opt0_O3;0.46265
opt0_O3;0.467141
opt0_O3;0.480226
opt0_O3;0.479301
opt0_O3;0.48129
opt0_O3;0.466816
opt0_O3;0.486366
opt0_O3;0.482276
opt0_O3;0.46239
opt0_O3;0.464232
opt0_O3;0.476974
opt0_O3;0.467402
opt0_O3;0.477008
opt0_O3;0.472727
opt0_O3;0.467056
opt0_O3;0.484071
opt0_O3;0.467094
opt0_O3;0.468263
opt0_O3;0.475413
opt0_O3;0.473371
opt0_O3;0.513026
opt0_O3;0.46895
opt0_O3;0.478895
opt0_O3;0.471221
opt0_O3;0.467095
opt0_O3;0.468459
opt0_O3;0.49859
opt0_O3;0.466512
opt0_O3;0.473938
opt0_O3;0.498274
opt0_O3;0.476058
opt0_O3;0.466636
opt0_O3;0.482233
opt0_O3;0.464772
opt0_O3;0.485397
opt0_O3;0.470337
opt0_O3;0.467442
opt0_O3;0.464812
opt0_O3;0.464318
opt0_O3;0.476847
opt0_O3;0.476799
opt0_O3;0.472222
opt0_O3;0.465087
opt0_O3;0.474689
opt0_O3;0.464322
opt0_O3;0.474491
opt0_O3;0.466088
opt0_O3;0.472474
opt0_O3;0.468697
opt0_O3;0.489241
opt0_O3;0.469782
opt0_O3;0.477208
opt0_O3;0.475243
opt0_O3;0.473643
opt0_O3;0.468592
opt0_O3;0.494612
opt0_O3;0.465681
opt0_O3;0.466639
opt0_O3;0.490237
opt0_O3;0.467971
opt0_O3;0.46516
opt0_O3;0.466693
opt0_O3;0.465766
opt0_O3;0.482968
opt0_O3;0.481149
opt0_O3;0.4639
opt0_O3;0.482647
opt0_O3;0.483477
opt0_O3;0.465236
opt0_O3;0.474672
opt0_O3;0.475514
opt0_O3;0.484718
opt0_O3;0.47644
opt0_O3;0.471243
opt0_O3;0.471443
opt0_O3;0.504449
opt0_O3;0.474681
opt0_O3;0.477233
opt0_O3;0.47223
opt0_O3;0.468055
opt0_O3;0.471082
opt0_O3;0.46773
opt0_O3;0.494982
opt0_O3;0.495562
opt0_O3;0.477736
opt0_O3;0.467948
opt0_O3;0.473547
opt0_O3;0.491072
opt0_O3;0.47842
opt0_O3;0.473037
opt0_O3;0.483835
opt0_O3;0.472036
opt0_O3;0.502708
opt0_O3;0.476165
opt0_O3;0.472677
opt0_O3;0.476166
opt0_O3;0.466606
opt0_O3;0.461161
opt0_O3;0.464242
opt0_O3;0.478194
opt0_O3;0.466866
opt0_O3;0.474723
opt0_O3;0.471647
opt0_O3;0.474875
opt0_O3;0.463941
opt0_O3;0.479115
opt0_O3;0.47186
opt0_O3;0.476721
opt0_O3;0.47616
opt0_O3;0.476054
opt0_O3;0.508891
opt0_O3;0.490034
opt0_O3;0.469482
opt0_O3;0.479686
opt0_O3;0.46818
opt0_O3;0.467513
opt0_O3;0.49257
opt0_O3;0.469323
opt0_O3;0.47856
opt0_O3;0.471172
opt0_O3;0.480507
opt0_O3;0.465287
opt0_O3;0.490529
opt0_O3;0.466049
opt0_O3;0.489247
opt0_O3;0.477324
opt0_O3;0.518133
opt0_O3;0.477722
opt0_O3;0.501015
opt0_O3;0.465218
opt0_O3;0.479654
opt0_O3;0.468987
opt0_O3;0.46683
opt0_O3;0.475581
opt0_O3;0.468333
opt0_O3;0.491701
opt0_O3;0.466213
opt0_O3;0.465279
opt0_O3;0.471943
opt0_O3;0.464803
opt0_O3;0.487099
opt0_O3;0.508128
opt0_O3;0.467364
opt0_O3;0.474729
opt0_O3;0.476514
opt0_O3;0.467175
opt0_O3;0.46815
opt0_O3;0.501619
opt0_O3;0.469869
opt0_O3;0.496448
opt0_O3;0.474896
opt0_O3;0.495966
opt0_O3;0.477117
opt0_O3;0.497497
opt0_O3;0.471858
opt0_O3;0.498373
opt0_O3;0.496136
opt0_O3;0.465013
opt0_O3;0.468
opt0_O3;0.483701
opt0_O3;0.463775
opt0_O3;0.466312
opt0_O3;0.479954
opt0_O3;0.479236
opt0_O3;0.492137
opt0_O3;0.493947
opt0_O3;0.4726
opt0_O3;0.50287
opt0_O3;0.48011
opt0_O3;0.469761
opt0_O3;0.46754
opt0_O3;0.482898
opt0_O3;0.465563
opt0_O3;0.476873
opt0_O3;0.467053
opt0_O3;0.479557
opt0_O3;0.463215
opt0_O3;0.465516
opt0_O3;0.480967
opt0_O3;0.485237
opt0_O3;0.491252
opt0_O3;0.474294
opt0_O3;0.465584
opt0_O3;0.47756
opt0_O3;0.497889
opt0_O3;0.475681
opt0_O3;0.468622
opt0_O3;0.463347
opt0_O3;0.466516
opt0_O3;0.466858
opt0_O3;0.491676
opt0_O3;0.482213
opt0_O3;0.489581
opt0_O3;0.47021
opt0_O3;0.474121
opt0_O3;0.476558
opt0_O3;0.464665
opt0_O3;0.491392
opt0_O3;0.485847
opt0_O3;0.468609
opt0_O3;0.469185
opt0_O3;0.465897
opt0_O3;0.476016
opt0_O3;0.477989
opt0_O3;0.490331
opt0_O3;0.494024
opt0_O3;0.511106
opt0_O3;0.470779
opt0_O3;0.470156
opt0_O3;0.464267
opt0_O3;0.481571
opt0_O3;0.488981
opt0_O3;0.472522
opt0_O3;0.485241
opt0_O3;0.461838
opt0_O3;0.46846
opt0_O3;0.468185
opt0_O3;0.491628
opt0_O3;0.515904
opt0_O3;0.482878
opt0_O3;0.468149
opt0_O3;0.480258
opt0_O3;0.487509
opt0_O3;0.477279
opt0_O3;0.469458
opt0_O3;0.462046
opt0_O3;0.475996
opt0_O3;0.493339
opt0_O3;0.469199
opt0_O3;0.485046
opt0_O3;0.479623
opt0_O3;0.476958
opt0_O3;0.472645
opt0_O3;0.467032
opt0_O3;0.46842
opt0_O3;0.491155
opt0_O3;0.474955
opt0_O3;0.464262
opt0_O3;0.494662
opt0_O3;0.480558
opt0_O3;0.471389
opt0_O3;0.477335
opt0_O3;0.47166
opt0_O3;0.464883
opt0_O3;0.468769
opt0_O3;0.464975
opt0_O3;0.467089
opt0_O3;0.4791
opt0_O3;0.471511
opt0_O3;0.489156
opt0_O3;0.465578
opt0_O3;0.500258
opt0_O3;0.481217
opt0_O3;0.464937
opt0_O3;0.495114
opt0_O3;0.47576
opt0_O3;0.472266
opt0_O3;0.463652
opt0_O3;0.472442
opt0_O3;0.46666
opt0_O3;0.475789
opt0_O3;0.493176
opt0_O3;0.473217
opt0_O3;0.468157
opt0_O3;0.465318
opt0_O3;0.507822
opt0_O3;0.515055
opt0_O3;0.48386
opt0_O3;0.464229
opt0_O3;0.477291
opt0_O3;0.472043
opt0_O3;0.473313
opt0_O3;0.465644
opt0_O3;0.467008
opt0_O3;0.495932
opt0_O3;0.475315
opt0_O3;0.484847
opt0_O3;0.481385
opt0_O3;0.47228
opt0_O3;0.479401
opt0_O3;0.465673
opt0_O3;0.469261
opt0_O3;0.471536
opt0_O3;0.472296
opt0_O3;0.481476
opt0_O3;0.469203
opt0_O3;0.492742
opt0_O3;0.465573
opt0_O3;0.485034
opt0_O3;0.476944
opt0_O3;0.461573
opt0_O3;0.50322
opt0_O3;0.478184
opt0_O3;0.469883
opt0_O3;0.468644
opt0_O3;0.473956
opt0_O3;0.468405
opt0_O3;0.471123
opt0_O3;0.471352
opt0_O3;0.478381
opt0_O3;0.482044
opt0_O3;0.4827
opt0_O3;0.464541
opt0_O3;0.465213
opt0_O3;0.467901
opt0_O3;0.464831
opt0_O3;0.477105
opt0_O3;0.469262
opt0_O3;0.4644
opt0_O3;0.475881
opt0_O3;0.466293
opt0_O3;0.475893
opt0_O3;0.463002
opt0_O3;0.475355
opt0_O3;0.471951
opt0_O3;0.47719
opt0_O3;0.467958
opt0_O3;0.466321
opt0_O3;0.498318
opt0_O3;0.464907
opt0_O3;0.464262
opt0_O3;0.486354
opt0_O3;0.468046
opt0_O3;0.473962
opt0_O3;0.469287
opt0_O3;0.478377
opt0_O3;0.468568
opt0_O3;0.480204
opt0_O3;0.470016
opt0_O3;0.463566
opt0_O3;0.479514
opt0_O3;0.48587
opt0_O3;0.497703
opt0_O3;0.485072
opt0_O3;0.477237
opt0_O3;0.478808
opt0_O3;0.492453
opt0_O3;0.472998
opt0_O3;0.48889
opt0_O3;0.471703
opt0_O3;0.475719
opt0_O3;0.482029
opt0_O3;0.50278
opt0_O3;0.48213
opt0_O3;0.471549
opt0_O3;0.499951
opt0_O3;0.478625
opt0_O3;0.482466
opt0_O3;0.47735
opt0_O3;0.495751
opt0_O3;0.478345
opt0_O3;0.473573
opt0_O3;0.487126
opt0_O3;0.482293
opt0_O3;0.473821
opt0_O3;0.476483
opt0_O3;0.475975
opt0_O3;0.470965
opt0_O3;0.496583
opt0_O3;0.499972
opt0_O3;0.486925
opt0_O3;0.467637
opt0_O3;0.473843
opt0_O3;0.502557
opt0_O3;0.479493
opt0_O3;0.495117
opt0_O3;0.487144
opt0_O3;0.49104
opt0_O3;0.481045
opt0_O3;0.475721
opt0_O3;0.469233
opt0_O3;0.475086
opt0_O3;0.478069
opt0_O3;0.474466
opt0_O3;0.489198
opt0_O3;0.486132
opt0_O3;0.510596
opt0_O3;0.475634
opt0_O3;0.478201
opt0_O3;0.508544
opt0_O3;0.495998
opt0_O3;0.487266
opt0_O3;0.476523
opt0_O3;0.474662
opt0_O3;0.507533
opt0_O3;0.479521
opt0_O3;0.487836
opt0_O3;0.471286
opt0_O3;0.507461
opt0_O3;0.504645
opt0_O3;0.521031
opt0_O3;0.478944
opt0_O3;0.504394
opt0_O3;0.508646
opt0_O3;0.479674
opt0_O3;0.484416
opt0_O3;0.4787
opt0_O3;0.500805
opt0_O3;0.477644
opt0_O3;0.50385
opt0_O3;0.474479
opt0_O3;0.507919
opt0_O3;0.468982
opt0_O3;0.492286
opt0_O3;0.474646
opt0_O3;0.500273
opt0_O3;0.497368
opt0_O3;0.513005
opt0_O3;0.514556
opt0_O3;0.473819
opt0_O3;0.470465
opt0_O3;0.513059
opt0_O3;0.470402
opt0_O3;0.472224
opt0_O3;0.478135
opt0_O3;0.490623
opt0_O3;0.478844
opt0_O3;0.470198
opt0_O3;0.49063
opt0_O3;0.472568
opt0_O3;0.4751
opt0_O3;0.478121
opt0_O3;0.498881
opt0_O3;0.501249
opt0_O3;0.471167
opt0_O3;0.481273
opt0_O3;0.492149
opt0_O3;0.490168
opt0_O3;0.492442
opt0_O3;0.517908
opt0_O3;0.477245
opt0_O3;0.475398
opt0_O3;0.476933
opt0_O3;0.480927
opt0_O3;0.476545
opt0_O3;0.48528
opt0_O3;0.479408
opt0_O3;0.477938
opt0_O3;0.50753
opt0_O3;0.482049
opt0_O3;0.502041
opt0_O3;0.493631
opt0_O3;0.497221
opt0_O3;0.482447
opt0_O3;0.482441
opt0_O3;0.47261
opt0_O3;0.47041
opt0_O3;0.474128
opt0_O3;0.478819
opt0_O3;0.493344
opt0_O3;0.475176
opt0_O3;0.497618
opt0_O3;0.473194
opt0_O3;0.501345
opt0_O3;0.503474
opt0_O3;0.487938
opt0_O3;0.49257
opt0_O3;0.482177
opt0_O3;0.480254
opt0_O3;0.486768
opt0_O3;0.50713
opt0_O3;0.513576
opt0_O3;0.483802
opt0_O3;0.484494
opt0_O3;0.495867
opt0_O3;0.499118
opt0_O3;0.476754
opt0_O3;0.48023
opt0_O3;0.504309
opt0_O3;0.501405
opt0_O3;0.476212
opt0_O3;0.489467
opt0_O3;0.481012
opt0_O3;0.495209
opt0_O3;0.474395
opt0_O3;0.471537
opt0_O3;0.479884
opt0_O3;0.48102
opt0_O3;0.487096
opt0_O3;0.477035
opt0_O3;0.493316
opt0_O3;0.50582
opt0_O3;0.475702
opt0_O3;0.496537
opt0_O3;0.497904
opt0_O3;0.492908
opt0_O3;0.473408
opt0_O3;0.472782
opt0_O3;0.518481
opt0_O3;0.482803
opt0_O3;0.475508
opt0_O3;0.483536
opt0_O3;0.493172
opt0_O3;0.483479
opt0_O3;0.510879
opt0_O3;0.505662
opt0_O3;0.470155
opt0_O3;0.487367
opt0_O3;0.484409
opt0_O3;0.494783
opt0_O3;0.473284
opt0_O3;0.473421
opt0_O3;0.491599
opt0_O3;0.498209
opt0_O3;0.498418
opt0_O3;0.475068
opt0_O3;0.492874
opt0_O3;0.469005
opt0_O3;0.481202
opt0_O3;0.492052
opt0_O3;0.478049
opt0_O3;0.482951
opt0_O3;0.481654
opt0_O3;0.493899
opt0_O3;0.496951
opt0_O3;0.524242
opt0_O3;0.475
opt0_O3;0.490003
opt0_O3;0.491423
opt0_O3;0.518252
opt0_O3;0.478144
opt0_O3;0.496696
opt0_O3;0.498988
opt0_O3;0.472474
opt0_O3;0.492298
opt0_O3;0.471198
opt0_O3;0.489439
opt0_O3;0.487146
opt0_O3;0.489392
opt0_O3;0.477807
opt0_O3;0.477628
opt0_O3;0.476218
opt0_O3;0.522054
opt0_O3;0.470147
opt0_O3;0.474141
opt0_O3;0.473168
opt0_O3;0.48275
opt0_O3;0.47383
opt0_O3;0.508755
opt0_O3;0.523123
opt0_O3;0.495379
opt0_O3;0.488524
opt0_O3;0.512707
opt0_O3;0.470373
opt0_O3;0.471092
opt0_O3;0.487324
opt0_O3;0.495227
opt0_O3;0.474975
opt0_O3;0.48956
opt0_O3;0.471597
opt0_O3;0.474276
opt0_O3;0.478976
opt0_O3;0.484702
opt0_O3;0.493395
opt0_O3;0.470641
opt0_O3;0.483353
opt0_O3;0.469278
opt0_O3;0.491437
opt0_O3;0.469806
opt0_O3;0.48139
opt0_O3;0.480544
opt0_O3;0.51286
opt0_O3;0.4765
opt0_O3;0.488565
opt0_O3;0.474133
opt0_O3;0.481575
opt0_O3;0.478455
opt0_O3;0.476825
opt0_O3;0.474517
opt0_O3;0.478187
opt0_O3;0.47777
opt0_O3;0.48041
opt0_O3;0.487773
opt0_O3;0.477101
opt0_O3;0.484753
opt0_O3;0.501757
opt0_O3;0.486537
opt0_O3;0.472819
opt0_O3;0.493712
opt0_O3;0.495436
opt0_O3;0.480407
opt0_O3;0.469377
opt0_O3;0.4724
opt0_O3;0.490986
opt0_O3;0.502645
opt0_O3;0.508711
opt0_O3;0.477024
opt0_O3;0.483287
opt0_O3;0.509824
opt0_O3;0.505343
opt0_O3;0.481541
opt0_O3;0.471435
opt0_O3;0.492088
opt0_O3;0.473755
opt0_O3;0.470928
opt0_O3;0.484123
opt0_O3;0.481887
opt0_O3;0.484137
opt0_O3;0.49581
opt0_O3;0.486033
opt0_O3;0.481154
opt0_O3;0.468593
opt0_O3;0.474099
opt0_O3;0.478049
opt0_O3;0.478262
opt0_O3;0.53122
opt0_O3;0.489998
opt0_O3;0.496052
opt0_O3;0.476311
opt0_O3;0.489117
opt0_O3;0.473847
opt0_O3;0.470533
opt0_O3;0.503383
opt0_O3;0.483344
opt0_O3;0.47813
opt0_O3;0.471939
opt0_O3;0.475564
opt0_O3;0.480531
opt0_O3;0.495369
opt0_O3;0.478057
opt0_O3;0.473037
opt0_O3;0.469643
opt0_O3;0.472065
opt0_O3;0.489272
opt0_O3;0.473204
opt0_O3;0.501564
opt0_O3;0.473779
opt0_O3;0.474746
opt0_O3;0.50522
opt0_O3;0.491556
opt0_O3;0.476755
opt0_O3;0.477434
opt0_O3;0.519927
opt0_O3;0.477381
opt0_O3;0.504045
opt0_O3;0.473223
opt0_O3;0.492629
opt0_O3;0.516345
opt0_O3;0.495816
opt0_O3;0.489158
opt0_O3;0.479231
opt0_O3;0.477737
opt0_O3;0.502733
opt0_O3;0.477173
opt0_O3;0.499266
opt0_O3;0.474708
opt0_O3;0.475959
opt0_O3;0.473849
opt0_O3;0.472543
opt0_O3;0.479224
opt0_O3;0.497062
opt0_O3;0.488137
opt0_O3;0.475852
opt0_O3;0.483071
opt0_O3;0.479288
opt0_O3;0.509394
opt0_O3;0.47579
opt0_O3;0.49363
opt0_O3;0.47469
opt0_O3;0.488673
opt0_O3;0.475086
opt0_O3;0.484029
opt0_O3;0.488528
opt0_O3;0.471859
opt0_O3;0.478479
opt0_O3;0.470016
opt0_O3;0.493901
opt0_O3;0.481259
opt0_O3;0.490248
opt0_O3;0.477881
opt0_O3;0.475694
opt0_O3;0.474776
opt0_O3;0.487527
opt0_O3;0.480379
opt0_O3;0.472188
opt0_O3;0.487703
opt0_O3;0.499892
opt0_O3;0.477735
opt0_O3;0.484836
opt0_O3;0.475316
opt0_O3;0.47864
opt0_O3;0.489734
opt0_O3;0.475494
opt0_O3;0.487856
opt0_O3;0.476116
opt0_O3;0.478911
opt0_O3;0.47227
opt0_O3;0.472336
opt0_O3;0.505614
opt0_O3;0.483333
opt0_O3;0.476578
opt0_O3;0.475461
opt0_O3;0.480094
opt0_O3;0.480262
opt0_O3;0.525681
opt0_O3;0.498133
opt0_O3;0.487543
opt0_O3;0.48228
opt0_O3;0.471519
opt0_O3;0.505482
opt0_O3;0.476956
opt0_O3;0.479716
opt0_O3;0.471328
opt0_O3;0.484596
opt0_O3;0.474798
opt0_O3;0.53302
opt0_O3;0.506305
opt0_O3;0.473726
opt0_O3;0.489988
opt0_O3;0.482816
opt0_O3;0.486723
opt0_O3;0.482816
opt0_O3;0.479621
opt0_O3;0.500781
opt0_O3;0.491728
opt0_O3;0.485706
opt0_O3;0.483207
opt0_O3;0.475962
opt0_O3;0.471872
opt0_O3;0.479842
opt0_O3;0.504674
opt0_O3;0.490443
opt0_O3;0.489177
opt0_O3;0.471312
opt0_O3;0.496532
opt0_O3;0.50488
opt0_O3;0.475259
opt0_O3;0.49792
opt0_O3;0.473515
opt0_O3;0.493631
opt0_O3;0.470048
opt0_O3;0.474473
opt0_O3;0.468682
opt0_O3;0.496881
opt0_O3;0.476688
opt0_O3;0.510955
opt0_O3;0.472415
opt0_O3;0.487079
opt0_O3;0.482045
opt0_O3;0.497456
opt0_O3;0.50249
opt0_O3;0.479384
opt0_O3;0.481926
opt0_O3;0.472869
opt0_O3;0.489903
opt0_O3;0.488979
opt0_O3;0.475281
opt0_O3;0.488906
opt0_O3;0.475009
opt0_O3;0.474345
opt0_O3;0.488879
opt0_O3;0.491617
opt0_O3;0.484127
opt0_O3;0.476279
opt0_O3;0.489149
opt0_O3;0.473003
opt0_O3;0.485257
opt0_O3;0.487447
opt0_O3;0.477793
opt0_O3;0.481898
opt0_O3;0.487289
opt0_O3;0.480192
opt0_O3;0.48266
opt0_O3;0.475488
opt0_O3;0.478798
opt0_O3;0.484874
opt0_O3;0.47186
opt0_O3;0.482813
opt0_O3;0.474314
opt0_O3;0.483039
opt0_O3;0.491271
opt0_O3;0.48768
opt0_O3;0.492024
opt0_O3;0.496646
opt0_O3;0.475842
opt0_O3;0.498687
opt0_O3;0.502485
opt0_O3;0.477701
opt0_O3;0.477584
opt0_O3;0.475535
opt0_O3;0.504965
opt0_O3;0.473545
opt0_O3;0.479285
opt0_O3;0.485772
opt0_O3;0.475458
opt0_O3;0.474679
opt0_O3;0.488218
opt0_O3;0.495885
opt0_O3;0.483342
opt0_O3;0.487979
opt0_O3;0.469755
opt0_O3;0.474562
opt0_O3;0.488536
opt0_O3;0.478054
opt0_O3;0.510096
opt0_O3;0.497659
opt0_O3;0.485772
opt0_O3;0.485208
opt0_O3;0.485462
opt0_O3;0.490526
opt0_O3;0.487797
opt0_O3;0.47879
opt0_O3;0.478247
opt0_O3;0.470781
opt0_O3;0.491434
opt0_O3;0.472686
opt0_O3;0.476271
opt0_O3;0.475488
opt0_O3;0.475537
opt0_O3;0.495181
opt0_O3;0.50561
opt0_O3;0.479662
opt0_O3;0.481834
opt0_O3;0.506288
opt0_O3;0.477164
opt0_O3;0.50315
opt0_O3;0.519191
opt0_O3;0.472196
opt0_O3;0.471927
opt0_O3;0.490082
opt0_O3;0.512649
opt0_O3;0.471599
opt0_O3;0.492611
opt0_O3;0.482184
opt0_O3;0.485165
opt0_O3;0.483313
opt0_O3;0.496133
opt0_O3;0.4825
opt0_O3;0.476158
opt0_O3;0.490961
pgo;0.481149
pgo;0.477929
pgo;0.493456
pgo;0.485267
pgo;0.482736
pgo;0.481219
pgo;0.476461
pgo;0.480839
pgo;0.481232
pgo;0.493838
pgo;0.479673
pgo;0.483414
pgo;0.475476
pgo;0.480536
pgo;0.479674
pgo;0.480242
pgo;0.481211
pgo;0.494083
pgo;0.481171
pgo;0.482361
pgo;0.47934
pgo;0.479448
pgo;0.484251
pgo;0.480687
pgo;0.480903
pgo;0.482728
pgo;0.491333
pgo;0.48471
pgo;0.47643
pgo;0.480709
pgo;0.474396
pgo;0.483845
pgo;0.482202
pgo;0.487508
pgo;0.483782
pgo;0.498832
pgo;0.487438
pgo;0.477942
pgo;0.487843
pgo;0.482514
pgo;0.487788
pgo;0.501941
pgo;0.476123
pgo;0.478885
pgo;0.502708
pgo;0.477627
pgo;0.479304
pgo;0.490428
pgo;0.483837
pgo;0.476084
pgo;0.477527
pgo;0.472465
pgo;0.483487
pgo;0.501882
pgo;0.483153
pgo;0.47679
pgo;0.48323
pgo;0.493857
pgo;0.483085
pgo;0.475508
pgo;0.485557
pgo;0.489256
pgo;0.487477
pgo;0.480712
pgo;0.480346
pgo;0.492467
pgo;0.48232
pgo;0.478015
pgo;0.479021
pgo;0.502322
pgo;0.484381
pgo;0.484546
pgo;0.479567
pgo;0.481197
pgo;0.500962
pgo;0.481783
pgo;0.483009
pgo;0.479949
pgo;0.483972
pgo;0.479753
pgo;0.494647
pgo;0.480749
pgo;0.477493
pgo;0.486527
pgo;0.495819
pgo;0.481266
pgo;0.490756
pgo;0.484543
pgo;0.482582
pgo;0.4968
pgo;0.483147
pgo;0.484409
pgo;0.480947
pgo;0.480477
pgo;0.481593
pgo;0.483175
pgo;0.478676
pgo;0.498462
pgo;0.479424
pgo;0.479676
pgo;0.48311
pgo;0.477846
pgo;0.482957
pgo;0.487774
pgo;0.479032
pgo;0.497264
pgo;0.480848
pgo;0.485198
pgo;0.482659
pgo;0.482201
pgo;0.489571
pgo;0.476579
pgo;0.481386
pgo;0.488344
pgo;0.485361
pgo;0.477782
pgo;0.482246
pgo;0.49578
pgo;0.478527
pgo;0.479236
pgo;0.481542
pgo;0.491406
pgo;0.486575
pgo;0.481274
pgo;0.477679
pgo;0.476738
pgo;0.478036
pgo;0.479168
pgo;0.481771
pgo;0.499136
pgo;0.480683
pgo;0.480546
pgo;0.474518
pgo;0.497091
pgo;0.48821
pgo;0.48098
pgo;0.479073
pgo;0.485314
pgo;0.497001
pgo;0.481429
pgo;0.478971
pgo;0.485427
pgo;0.487423
pgo;0.485511
pgo;0.474655
pgo;0.487605
pgo;0.478326
pgo;0.500046
pgo;0.474699
pgo;0.47827
pgo;0.478516
pgo;0.487584
pgo;0.483608
pgo;0.482466
pgo;0.480493
pgo;0.476921
pgo;0.494366
pgo;0.48038
pgo;0.480239
pgo;0.487486
pgo;0.496757
pgo;0.47741
pgo;0.488737
pgo;0.481694
pgo;0.479756
pgo;0.480705
pgo;0.480254
pgo;0.479109
pgo;0.494558
pgo;0.48429
pgo;0.486269
pgo;0.477071
pgo;0.496437
pgo;0.477227
pgo;0.485654
pgo;0.481211
pgo;0.481836
pgo;0.477934
pgo;0.492594
pgo;0.480033
pgo;0.492202
pgo;0.481278
pgo;0.482359
pgo;0.479913
pgo;0.48101
pgo;0.495247
pgo;0.485724
pgo;0.476624
pgo;0.478902
pgo;0.501122
pgo;0.481345
pgo;0.479683
pgo;0.478867
pgo;0.482564
pgo;0.47912
pgo;0.490983
pgo;0.477077
pgo;0.486146
pgo;0.483266
pgo;0.480844
pgo;0.478527
pgo;0.478157
pgo;0.487206
pgo;0.492709
pgo;0.485439
pgo;0.485357
pgo;0.477939
pgo;0.484875
pgo;0.482987
pgo;0.484628
pgo;0.487753
pgo;0.485249
pgo;0.492836
pgo;0.492478
pgo;0.485282
pgo;0.484128
pgo;0.486868
pgo;0.485048
pgo;0.477739
pgo;0.501088
pgo;0.478427
pgo;0.478235
pgo;0.481769
pgo;0.480759
pgo;0.480867
pgo;0.509002
pgo;0.480116
pgo;0.484008
pgo;0.482085
pgo;0.493239
pgo;0.48415
pgo;0.482376
pgo;0.476715
pgo;0.498372
pgo;0.483268
pgo;0.479428
pgo;0.483327
pgo;0.478063
pgo;0.488068
pgo;0.47546
pgo;0.489735
pgo;0.479377
pgo;0.483336
pgo;0.478865
pgo;0.480648
pgo;0.497177
pgo;0.480383
pgo;0.48284
pgo;0.482276
pgo;0.476472
pgo;0.513149
pgo;0.485824
pgo;0.530156
pgo;0.4756
pgo;0.481929
pgo;0.496398
pgo;0.479484
pgo;0.488305
pgo;0.477823
pgo;0.48115
pgo;0.502712
pgo;0.487025
pgo;0.483482
pgo;0.480455
pgo;0.482761
pgo;0.477684
pgo;0.48383
pgo;0.495515
pgo;0.479275
pgo;0.478308
pgo;0.477071
pgo;0.48363
pgo;0.49127
pgo;0.482577
pgo;0.478175
pgo;0.482787
pgo;0.484795
pgo;0.481656
pgo;0.483024
pgo;0.490533
pgo;0.491521
pgo;0.481472
pgo;0.496676
pgo;0.456291
pgo;0.444808
pgo;0.467738
pgo;0.479652
pgo;0.480166
pgo;0.481058
pgo;0.481293
pgo;0.480656
pgo;0.490281
pgo;0.479163
pgo;0.480791
pgo;0.476656
pgo;0.473376
pgo;0.48212
pgo;0.482028
pgo;0.483096
pgo;0.479191
pgo;0.495895
pgo;0.482002
pgo;0.482585
pgo;0.476176
pgo;0.479929
pgo;0.47532
pgo;0.479304
pgo;0.476039
pgo;0.476547
pgo;0.491176
pgo;0.476546
pgo;0.479491
pgo;0.465827
pgo;0.484839
pgo;0.493494
pgo;0.480901
pgo;0.475174
pgo;0.479568
pgo;0.490247
pgo;0.47798
pgo;0.480815
pgo;0.485683
pgo;0.483987
pgo;0.482655
pgo;0.473488
pgo;0.483904
pgo;0.478693
pgo;0.478061
pgo;0.490565
pgo;0.480952
pgo;0.473516
pgo;0.480961
pgo;0.474577
pgo;0.480558
pgo;0.4802
pgo;0.483195
pgo;0.479578
pgo;0.494837
pgo;0.481024
pgo;0.477368
pgo;0.47677
pgo;0.477597
pgo;0.476961
pgo;0.49068
pgo;0.476635
pgo;0.488669
pgo;0.477596
pgo;0.505829
pgo;0.483411
pgo;0.479076
pgo;0.481505
pgo;0.487513
pgo;0.479936
pgo;0.476778
pgo;0.521248
pgo;0.486806
pgo;0.478467
pgo;0.477245
pgo;0.490161
pgo;0.482619
pgo;0.480628
pgo;0.472558
pgo;0.478367
pgo;0.479592
pgo;0.479291
pgo;0.487105
pgo;0.493797
pgo;0.479378
pgo;0.480222
pgo;0.493222
pgo;0.477993
pgo;0.479637
pgo;0.496538
pgo;0.478468
pgo;0.478079
pgo;0.479078
pgo;0.472693
pgo;0.47617
pgo;0.481141
pgo;0.477606
pgo;0.479569
pgo;0.491179
pgo;0.482354
pgo;0.481521
pgo;0.479323
pgo;0.478279
pgo;0.478769
pgo;0.475371
pgo;0.476743
pgo;0.47514
pgo;0.493623
pgo;0.484006
pgo;0.480096
pgo;0.48163
pgo;0.488661
pgo;0.484236
pgo;0.480719
pgo;0.48225
pgo;0.476223
pgo;0.486043
pgo;0.501348
pgo;0.481236
pgo;0.482173
pgo;0.486731
pgo;0.480718
pgo;0.480178
pgo;0.487571
pgo;0.508729
pgo;0.480455
pgo;0.483454
pgo;0.502497
pgo;0.477199
pgo;0.485856
pgo;0.477162
pgo;0.488296
pgo;0.485272
pgo;0.489091
pgo;0.476337
pgo;0.48663
pgo;0.497276
pgo;0.480018
pgo;0.478612
pgo;0.482855
pgo;0.480279
pgo;0.493074
pgo;0.480427
pgo;0.478976
pgo;0.478768
pgo;0.478728
pgo;0.490768
pgo;0.478351
pgo;0.477348
pgo;0.478956
pgo;0.497317
pgo;0.47502
pgo;0.479292
pgo;0.47813
pgo;0.480963
pgo;0.493296
pgo;0.49374
pgo;0.476834
pgo;0.481008
pgo;0.483189
pgo;0.497889
pgo;0.474777
pgo;0.474842
pgo;0.489449
pgo;0.482896
pgo;0.478517
pgo;0.481145
pgo;0.484069
pgo;0.479479
pgo;0.483328
pgo;0.482361
pgo;0.498534
pgo;0.472761
pgo;0.474037
pgo;0.483429
pgo;0.480714
pgo;0.491873
pgo;0.479856
pgo;0.483405
pgo;0.480931
pgo;0.478436
pgo;0.477591
pgo;0.480088
pgo;0.482434
pgo;0.489505
pgo;0.507366
pgo;0.473596
pgo;0.481932
pgo;0.475796
pgo;0.480271
pgo;0.47513
pgo;0.481642
pgo;0.476581
pgo;0.477632
pgo;0.490377
pgo;0.478262
pgo;0.479777
pgo;0.48452
pgo;0.47752
pgo;0.476524
pgo;0.478401
pgo;0.478534
pgo;0.491159
pgo;0.494374
pgo;0.48436
pgo;0.477925
pgo;0.478121
pgo;0.484199
pgo;0.481249
pgo;0.481846
pgo;0.478754
pgo;0.484257
pgo;0.497534
pgo;0.473666
pgo;0.481149
pgo;0.484474
pgo;0.493344
opt2_O3;0.109577
opt2_O3;0.158042
opt2_O3;0.157604
opt2_O3;0.156142
opt2_O3;0.159535
opt2_O3;0.161199
opt2_O3;0.162415
opt2_O3;0.15832
opt2_O3;0.162013
opt2_O3;0.166139
